fecha,id_region,nombre_region,casos_totales,casos_nuevos,casos_nuevos_sintomas,casos_nuevos_nosintomas,fallecidos_totales,fallecidos_nuevos,recuperados_totales,recuperados_nuevos
2020-05-16,15,Arica y Parinacota,377,9,7.0,2.0,7,0,0,0
2020-05-16,1,Tarapacá,845,66,51.0,15.0,2,0,0,0
2020-05-16,2,Antofagasta,1429,98,71.0,27.0,12,0,0,0
2020-05-16,3,Atacama,146,3,3.0,0.0,0,0,0,0
2020-05-16,4,Coquimbo,187,7,0.0,7.0,2,1,0,0
2020-05-16,5,Valparaíso,1365,53,33.0,20.0,28,1,0,0
2020-05-16,13,Metropolitana,30794,1518,1319.0,199.0,246,25,0,0
2020-05-16,6,O’Higgins,329,6,6.0,0.0,5,0,0,0
2020-05-16,7,Maule,551,11,9.0,2.0,14,0,0,0
2020-05-16,16,Ñuble,921,36,14.0,22.0,20,0,0,0
2020-05-16,8,Biobío,1074,38,29.0,9.0,9,0,0,0
2020-05-16,9,Araucanía,1587,23,16.0,7.0,43,0,0,0
2020-05-16,14,Los Ríos,219,0,0.0,0.0,6,0,0,0
2020-05-16,10,Los Lagos,644,3,3.0,0.0,11,0,0,0
2020-05-16,11,Aysén,8,0,0.0,0.0,0,0,0,0
2020-05-16,12,Magallanes,952,15,12.0,3.0,16,0,0,0
2020-03-27,15,Arica y Parinacota,3,0,,,0,0,0,0
2020-03-27,1,Tarapacá,5,0,,,0,0,0,0
2020-03-27,2,Antofagasta,21,1,,,0,0,0,0
2020-03-27,3,Atacama,1,0,,,0,0,0,0
2020-03-27,4,Coquimbo,14,1,,,0,0,0,0
2020-03-27,5,Valparaíso,49,5,,,0,0,0,0
2020-03-27,13,Metropolitana,938,192,,,3,0,0,0
2020-03-27,6,O’Higgins,16,2,,,0,0,0,0
2020-03-27,7,Maule,32,1,,,0,0,0,0
2020-03-27,16,Ñuble,144,30,,,0,0,0,0
2020-03-27,8,Biobío,135,26,,,2,1,0,0
2020-03-27,9,Araucanía,143,32,,,0,0,0,0
2020-03-27,14,Los Ríos,22,8,,,0,0,0,0
2020-03-27,10,Los Lagos,63,3,,,0,0,0,0
2020-03-27,11,Aysén,2,0,,,0,0,0,0
2020-03-27,12,Magallanes,22,3,,,0,0,0,0
2020-04-04,15,Arica y Parinacota,12,0,,,0,0,0,0
2020-04-04,1,Tarapacá,17,4,,,0,0,0,0
2020-04-04,2,Antofagasta,55,1,,,0,0,0,0
2020-04-04,3,Atacama,5,0,,,0,0,0,0
2020-04-04,4,Coquimbo,44,9,,,0,0,0,0
2020-04-04,5,Valparaíso,185,9,,,1,0,0,0
2020-04-04,13,Metropolitana,1957,215,,,9,1,0,0
2020-04-04,6,O’Higgins,38,5,,,0,0,0,0
2020-04-04,7,Maule,97,8,,,1,0,0,0
2020-04-04,16,Ñuble,401,31,,,2,1,0,0
2020-04-04,8,Biobío,347,45,,,2,0,0,0
2020-04-04,9,Araucanía,477,45,,,9,2,0,0
2020-04-04,14,Los Ríos,89,11,,,1,0,0,0
2020-04-04,10,Los Lagos,259,25,,,0,0,0,0
2020-04-04,11,Aysén,6,0,,,0,0,0,0
2020-04-04,12,Magallanes,172,16,,,2,1,0,0
2020-03-17,15,Arica y Parinacota,0,0,,,0,0,0,0
2020-03-17,1,Tarapacá,0,0,,,0,0,0,0
2020-03-17,2,Antofagasta,2,0,,,0,0,0,0
2020-03-17,3,Atacama,1,0,,,0,0,0,0
2020-03-17,4,Coquimbo,0,0,,,0,0,0,0
2020-03-17,5,Valparaíso,1,0,,,0,0,0,0
2020-03-17,13,Metropolitana,152,29,,,0,0,0,0
2020-03-17,6,O’Higgins,0,0,,,0,0,0,0
2020-03-17,7,Maule,9,0,,,0,0,0,0
2020-03-17,16,Ñuble,26,14,,,0,0,0,0
2020-03-17,8,Biobío,4,0,,,0,0,0,0
2020-03-17,9,Araucanía,1,0,,,0,0,0,0
2020-03-17,14,Los Ríos,1,0,,,0,0,0,0
2020-03-17,10,Los Lagos,1,0,,,0,0,0,0
2020-03-17,11,Aysén,1,0,,,0,0,0,0
2020-03-17,12,Magallanes,2,2,,,0,0,0,0
2020-03-22,15,Arica y Parinacota,2,1,,,0,0,0,0
2020-03-22,1,Tarapacá,0,0,,,0,0,0,0
2020-03-22,2,Antofagasta,11,1,,,0,0,0,0
2020-03-22,3,Atacama,1,0,,,0,0,0,0
2020-03-22,4,Coquimbo,5,2,,,0,0,0,0
2020-03-22,5,Valparaíso,16,3,,,0,0,0,0
2020-03-22,13,Metropolitana,409,50,,,0,0,0,0
2020-03-22,6,O’Higgins,8,1,,,0,0,0,0
2020-03-22,7,Maule,25,10,,,0,0,0,0
2020-03-22,16,Ñuble,64,6,,,0,0,0,0
2020-03-22,8,Biobío,35,5,,,0,0,0,0
2020-03-22,9,Araucanía,27,12,,,0,0,0,0
2020-03-22,14,Los Ríos,1,0,,,0,0,0,0
2020-03-22,10,Los Lagos,23,3,,,0,0,0,0
2020-03-22,11,Aysén,1,0,,,0,0,0,0
2020-03-22,12,Magallanes,4,1,,,0,0,0,0
2020-04-02,15,Arica y Parinacota,7,1,,,0,0,0,0
2020-04-02,1,Tarapacá,12,2,,,0,0,0,0
2020-04-02,2,Antofagasta,47,8,,,0,0,0,0
2020-04-02,3,Atacama,3,0,,,0,0,0,0
2020-04-02,4,Coquimbo,34,4,,,0,0,0,0
2020-04-02,5,Valparaíso,156,20,,,1,0,0,0
2020-04-02,13,Metropolitana,1636,115,,,6,1,0,0
2020-04-02,6,O’Higgins,32,6,,,0,0,0,0
2020-04-02,7,Maule,82,11,,,1,0,0,0
2020-04-02,16,Ñuble,341,82,,,0,0,0,0
2020-04-02,8,Biobío,275,35,,,2,0,0,0
2020-04-02,9,Araucanía,389,46,,,7,1,0,0
2020-04-02,14,Los Ríos,68,4,,,1,0,0,0
2020-04-02,10,Los Lagos,203,22,,,0,0,0,0
2020-04-02,11,Aysén,5,2,,,0,0,0,0
2020-04-02,12,Magallanes,114,15,,,0,0,0,0
2020-04-06,15,Arica y Parinacota,41,13,,,0,0,0,0
2020-04-06,1,Tarapacá,21,1,,,0,0,0,0
2020-04-06,2,Antofagasta,68,8,,,0,0,0,0
2020-04-06,3,Atacama,5,0,,,0,0,0,0
2020-04-06,4,Coquimbo,51,1,,,0,0,0,0
2020-04-06,5,Valparaíso,198,7,,,1,0,0,0
2020-04-06,13,Metropolitana,2244,142,,,10,0,0,0
2020-04-06,6,O’Higgins,42,1,,,0,0,0,0
2020-04-06,7,Maule,108,5,,,1,0,0,0
2020-04-06,16,Ñuble,474,49,,,4,1,0,0
2020-04-06,8,Biobío,383,18,,,2,0,0,0
2020-04-06,9,Araucanía,562,53,,,14,1,0,0
2020-04-06,14,Los Ríos,104,5,,,1,0,0,0
2020-04-06,10,Los Lagos,286,10,,,2,1,0,0
2020-04-06,11,Aysén,7,0,,,0,0,0,0
2020-04-06,12,Magallanes,221,31,,,2,0,0,0
2020-03-28,15,Arica y Parinacota,3,0,,,0,0,0,0
2020-03-28,1,Tarapacá,5,0,,,0,0,0,0
2020-03-28,2,Antofagasta,25,4,,,0,0,0,0
2020-03-28,3,Atacama,1,0,,,0,0,0,0
2020-03-28,4,Coquimbo,15,1,,,0,0,0,0
2020-03-28,5,Valparaíso,71,22,,,0,0,0,0
2020-03-28,13,Metropolitana,1084,146,,,3,0,0,0
2020-03-28,6,O’Higgins,20,4,,,0,0,0,0
2020-03-28,7,Maule,37,5,,,0,0,0,0
2020-03-28,16,Ñuble,172,28,,,0,0,0,0
2020-03-28,8,Biobío,151,16,,,2,0,0,0
2020-03-28,9,Araucanía,177,34,,,1,1,0,0
2020-03-28,14,Los Ríos,27,5,,,0,0,0,0
2020-03-28,10,Los Lagos,93,30,,,0,0,0,0
2020-03-28,11,Aysén,2,0,,,0,0,0,0
2020-03-28,12,Magallanes,26,4,,,0,0,0,0
2020-04-22,15,Arica y Parinacota,180,10,,,2,0,0,0
2020-04-22,1,Tarapacá,114,10,,,0,0,0,0
2020-04-22,2,Antofagasta,326,35,,,2,1,0,0
2020-04-22,3,Atacama,13,0,,,0,0,0,0
2020-04-22,4,Coquimbo,70,1,,,0,0,0,0
2020-04-22,5,Valparaíso,421,18,,,7,1,0,0
2020-04-22,13,Metropolitana,6083,295,,,78,9,0,0
2020-04-22,6,O’Higgins,59,2,,,1,0,0,0
2020-04-22,7,Maule,328,12,,,10,0,0,0
2020-04-22,16,Ñuble,703,9,,,13,0,0,0
2020-04-22,8,Biobío,658,22,,,5,1,0,0
2020-04-22,9,Araucanía,1113,21,,,26,1,0,0
2020-04-22,14,Los Ríos,171,4,,,3,0,0,0
2020-04-22,10,Los Lagos,445,13,,,6,0,0,0
2020-04-22,11,Aysén,7,0,,,0,0,0,0
2020-04-22,12,Magallanes,605,12,,,7,0,0,0
2020-05-13,15,Arica y Parinacota,359,8,7.0,1.0,7,0,0,0
2020-05-13,1,Tarapacá,615,37,31.0,6.0,1,0,0,0
2020-05-13,2,Antofagasta,1216,107,91.0,16.0,11,1,0,0
2020-05-13,3,Atacama,139,5,5.0,0.0,0,0,0,0
2020-05-13,4,Coquimbo,153,5,0.0,5.0,1,0,0,0
2020-05-13,5,Valparaíso,1123,94,79.0,15.0,24,1,0,0
2020-05-13,13,Metropolitana,24965,2256,1826.0,430.0,184,6,0,0
2020-05-13,6,O’Higgins,248,24,18.0,6.0,4,0,0,0
2020-05-13,7,Maule,485,19,17.0,2.0,14,0,0,0
2020-05-13,16,Ñuble,839,13,11.0,2.0,19,0,0,0
2020-05-13,8,Biobío,975,33,27.0,6.0,9,0,0,0
2020-05-13,9,Araucanía,1495,13,9.0,4.0,39,0,0,0
2020-05-13,14,Los Ríos,212,1,1.0,0.0,6,1,0,0
2020-05-13,10,Los Lagos,628,34,21.0,13.0,11,0,0,0
2020-05-13,11,Aysén,8,0,0.0,0.0,0,0,0,0
2020-05-13,12,Magallanes,921,11,9.0,2.0,16,2,0,0
2020-05-07,15,Arica y Parinacota,325,7,6.0,1.0,6,1,0,0
2020-05-07,1,Tarapacá,417,78,38.0,40.0,1,0,0,0
2020-05-07,2,Antofagasta,895,40,31.0,9.0,7,0,0,0
2020-05-07,3,Atacama,87,7,1.0,6.0,0,0,0,0
2020-05-07,4,Coquimbo,100,3,1.0,2.0,0,0,0,0
2020-05-07,5,Valparaíso,781,65,61.0,4.0,17,1,0,0
2020-05-07,13,Metropolitana,16828,1246,1149.0,97.0,152,2,0,0
2020-05-07,6,O’Higgins,151,6,6.0,0.0,3,0,0,0
2020-05-07,7,Maule,414,6,6.0,0.0,13,0,0,0
2020-05-07,16,Ñuble,793,2,1.0,1.0,17,0,0,0
2020-05-07,8,Biobío,814,25,18.0,7.0,8,0,0,0
2020-05-07,9,Araucanía,1385,23,7.0,16.0,36,0,0,0
2020-05-07,14,Los Ríos,202,2,2.0,0.0,4,0,0,0
2020-05-07,10,Los Lagos,545,4,0.0,4.0,10,0,0,0
2020-05-07,11,Aysén,8,1,1.0,0.0,0,0,0,0
2020-05-07,12,Magallanes,836,18,15.0,3.0,11,0,0,0
2020-05-11,15,Arica y Parinacota,351,11,10.0,1.0,7,1,0,0
2020-05-11,1,Tarapacá,547,27,18.0,9.0,1,0,0,0
2020-05-11,2,Antofagasta,1014,36,32.0,4.0,10,0,0,0
2020-05-11,3,Atacama,133,9,5.0,4.0,0,0,0,0
2020-05-11,4,Coquimbo,140,5,5.0,0.0,1,0,0,0
2020-05-11,5,Valparaíso,970,37,29.0,8.0,21,1,0,0
2020-05-11,13,Metropolitana,21317,964,827.0,137.0,172,6,0,0
2020-05-11,6,O’Higgins,216,21,13.0,8.0,4,1,0,0
2020-05-11,7,Maule,454,13,9.0,4.0,14,0,0,0
2020-05-11,16,Ñuble,814,2,1.0,1.0,18,0,0,0
2020-05-11,8,Biobío,932,33,12.0,21.0,8,0,0,0
2020-05-11,9,Araucanía,1466,12,2.0,10.0,38,1,0,0
2020-05-11,14,Los Ríos,208,2,1.0,1.0,5,0,0,0
2020-05-11,10,Los Lagos,592,17,8.0,9.0,10,0,0,0
2020-05-11,11,Aysén,8,0,0.0,0.0,0,0,0,0
2020-05-11,12,Magallanes,901,8,3.0,5.0,14,1,0,0
2020-03-23,15,Arica y Parinacota,2,0,,,0,0,0,0
2020-03-23,1,Tarapacá,1,1,,,0,0,0,0
2020-03-23,2,Antofagasta,11,0,,,0,0,0,0
2020-03-23,3,Atacama,1,0,,,0,0,0,0
2020-03-23,4,Coquimbo,6,1,,,0,0,0,0
2020-03-23,5,Valparaíso,19,3,,,0,0,0,0
2020-03-23,13,Metropolitana,459,50,,,0,0,0,0
2020-03-23,6,O’Higgins,8,0,,,0,0,0,0
2020-03-23,7,Maule,28,3,,,0,0,0,0
2020-03-23,16,Ñuble,81,17,,,0,0,0,0
2020-03-23,8,Biobío,46,11,,,0,0,0,0
2020-03-23,9,Araucanía,40,13,,,0,0,0,0
2020-03-23,14,Los Ríos,4,3,,,0,0,0,0
2020-03-23,10,Los Lagos,33,10,,,0,0,0,0
2020-03-23,11,Aysén,1,0,,,0,0,0,0
2020-03-23,12,Magallanes,6,2,,,0,0,0,0
2020-05-01,15,Arica y Parinacota,297,18,13.0,5.0,4,0,0,0
2020-05-01,1,Tarapacá,200,2,0.0,2.0,1,0,0,0
2020-05-01,2,Antofagasta,589,43,37.0,6.0,7,2,0,0
2020-05-01,3,Atacama,43,0,0.0,0.0,0,0,0,0
2020-05-01,4,Coquimbo,77,1,0.0,1.0,0,0,0,0
2020-05-01,5,Valparaíso,568,9,4.0,5.0,12,0,0,0
2020-05-01,13,Metropolitana,10516,891,812.0,79.0,114,4,0,0
2020-05-01,6,O’Higgins,109,1,1.0,0.0,1,0,0,0
2020-05-01,7,Maule,394,1,1.0,0.0,13,0,0,0
2020-05-01,16,Ñuble,768,0,0.0,0.0,14,0,0,0
2020-05-01,8,Biobío,729,2,0.0,2.0,7,0,0,0
2020-05-01,9,Araucanía,1295,2,0.0,2.0,36,1,0,0
2020-05-01,14,Los Ríos,189,0,0.0,0.0,4,0,0,0
2020-05-01,10,Los Lagos,501,14,13.0,1.0,10,0,0,0
2020-05-01,11,Aysén,7,0,0.0,0.0,0,0,0,0
2020-05-01,12,Magallanes,726,1,1.0,0.0,11,0,0,0
2020-04-05,15,Arica y Parinacota,28,26,,,0,0,0,0
2020-04-05,1,Tarapacá,20,3,,,0,0,0,0
2020-04-05,2,Antofagasta,60,5,,,0,0,0,0
2020-04-05,3,Atacama,5,0,,,0,0,0,0
2020-04-05,4,Coquimbo,50,6,,,0,0,0,0
2020-04-05,5,Valparaíso,191,6,,,1,0,0,0
2020-04-05,13,Metropolitana,2102,145,,,10,1,0,0
2020-04-05,6,O’Higgins,41,3,,,0,0,0,0
2020-04-05,7,Maule,103,6,,,1,1,0,1
2020-04-05,16,Ñuble,425,24,,,3,1,0,0
2020-04-05,8,Biobío,365,18,,,2,0,0,0
2020-04-05,9,Araucanía,509,32,,,13,4,0,0
2020-04-05,14,Los Ríos,99,10,,,1,1,0,1
2020-04-05,10,Los Lagos,276,17,,,1,1,0,0
2020-04-05,11,Aysén,7,1,,,0,0,0,0
2020-04-05,12,Magallanes,190,18,,,2,0,0,0
2020-03-26,15,Arica y Parinacota,3,1,,,0,0,0,0
2020-03-26,1,Tarapacá,5,1,,,0,0,0,0
2020-03-26,2,Antofagasta,20,1,,,0,0,0,0
2020-03-26,3,Atacama,1,0,,,0,0,0,0
2020-03-26,4,Coquimbo,13,1,,,0,0,0,0
2020-03-26,5,Valparaíso,44,12,,,0,0,0,0
2020-03-26,13,Metropolitana,746,64,,,3,1,0,0
2020-03-26,6,O’Higgins,14,3,,,0,0,0,0
2020-03-26,7,Maule,31,1,,,0,0,0,0
2020-03-26,16,Ñuble,114,3,,,0,0,0,0
2020-03-26,8,Biobío,109,14,,,1,0,0,0
2020-03-26,9,Araucanía,111,37,,,0,0,0,0
2020-03-26,14,Los Ríos,14,3,,,0,0,0,0
2020-03-26,10,Los Lagos,60,16,,,0,0,0,0
2020-03-26,11,Aysén,2,1,,,0,0,0,0
2020-03-26,12,Magallanes,19,6,,,0,0,0,0
2020-04-16,15,Arica y Parinacota,129,5,,,1,0,0,0
2020-04-16,1,Tarapacá,66,4,,,0,0,0,0
2020-04-16,2,Antofagasta,192,16,,,1,0,0,0
2020-04-16,3,Atacama,13,0,,,0,0,0,0
2020-04-16,4,Coquimbo,68,2,,,0,0,0,0
2020-04-16,5,Valparaíso,330,31,,,4,2,0,0
2020-04-16,13,Metropolitana,4682,348,,,48,7,0,0
2020-04-16,6,O’Higgins,54,0,,,0,0,0,0
2020-04-16,7,Maule,167,15,,,4,0,0,0
2020-04-16,16,Ñuble,639,5,,,10,2,0,0
2020-04-16,8,Biobío,559,17,,,2,0,0,0
2020-04-16,9,Araucanía,882,56,,,21,0,0,0
2020-04-16,14,Los Ríos,153,3,,,3,0,0,0
2020-04-16,10,Los Lagos,399,9,,,5,0,0,0
2020-04-16,11,Aysén,7,0,,,0,0,0,0
2020-04-16,12,Magallanes,467,23,,,6,0,0,0
2020-04-13,15,Arica y Parinacota,115,0,,,1,0,0,0
2020-04-13,1,Tarapacá,52,6,,,0,0,0,0
2020-04-13,2,Antofagasta,149,11,,,1,0,0,0
2020-04-13,3,Atacama,13,0,,,0,0,0,0
2020-04-13,4,Coquimbo,66,0,,,0,0,0,0
2020-04-13,5,Valparaíso,273,19,,,2,0,0,0
2020-04-13,13,Metropolitana,3803,204,,,36,1,0,0
2020-04-13,6,O’Higgins,48,2,,,0,0,0,0
2020-04-13,7,Maule,141,3,,,3,0,0,0
2020-04-13,16,Ñuble,618,5,,,7,0,0,0
2020-04-13,8,Biobío,512,12,,,2,0,0,0
2020-04-13,9,Araucanía,795,20,,,17,0,0,0
2020-04-13,14,Los Ríos,138,3,,,3,0,0,0
2020-04-13,10,Los Lagos,380,8,,,5,0,0,0
2020-04-13,11,Aysén,7,0,,,0,0,0,0
2020-04-13,12,Magallanes,415,19,,,5,1,0,0
2020-03-08,15,Arica y Parinacota,0,0,,,0,0,0,0
2020-03-08,1,Tarapacá,0,0,,,0,0,0,0
2020-03-08,2,Antofagasta,0,0,,,0,0,0,0
2020-03-08,3,Atacama,0,0,,,0,0,0,0
2020-03-08,4,Coquimbo,0,0,,,0,0,0,0
2020-03-08,5,Valparaíso,0,0,,,0,0,0,0
2020-03-08,13,Metropolitana,6,2,,,0,0,0,0
2020-03-08,6,O’Higgins,0,0,,,0,0,0,0
2020-03-08,7,Maule,3,1,,,0,0,0,0
2020-03-08,16,Ñuble,0,0,,,0,0,0,0
2020-03-08,8,Biobío,0,0,,,0,0,0,0
2020-03-08,9,Araucanía,0,0,,,0,0,0,0
2020-03-08,14,Los Ríos,0,0,,,0,0,0,0
2020-03-08,10,Los Lagos,1,0,,,0,0,0,0
2020-03-08,11,Aysén,0,0,,,0,0,0,0
2020-03-08,12,Magallanes,0,0,,,0,0,0,0
2020-05-03,15,Arica y Parinacota,308,1,1.0,0.0,4,0,0,0
2020-05-03,1,Tarapacá,272,60,54.0,6.0,1,0,0,0
2020-05-03,2,Antofagasta,740,61,45.0,16.0,7,0,0,0
2020-05-03,3,Atacama,67,8,8.0,0.0,0,0,0,0
2020-05-03,4,Coquimbo,88,10,5.0,5.0,0,0,0,0
2020-05-03,5,Valparaíso,638,24,23.0,1.0,13,0,0,0
2020-05-03,13,Metropolitana,12656,995,912.0,83.0,135,13,0,0
2020-05-03,6,O’Higgins,125,5,4.0,1.0,3,0,0,0
2020-05-03,7,Maule,397,1,1.0,0.0,13,0,0,0
2020-05-03,16,Ñuble,786,10,7.0,3.0,16,0,0,0
2020-05-03,8,Biobío,759,8,7.0,1.0,7,0,0,0
2020-05-03,9,Araucanía,1328,14,14.0,0.0,36,0,0,0
2020-05-03,14,Los Ríos,198,2,2.0,0.0,4,0,0,0
2020-05-03,10,Los Lagos,517,4,4.0,0.0,10,0,0,0
2020-05-03,11,Aysén,7,0,0.0,0.0,0,0,0,0
2020-05-03,12,Magallanes,777,25,25.0,0.0,11,0,0,0
2020-05-18,15,Arica y Parinacota,398,20,18.0,2.0,7,0,0,0
2020-05-18,1,Tarapacá,1056,81,73.0,8.0,4,0,0,0
2020-05-18,2,Antofagasta,1589,84,70.0,14.0,14,1,0,0
2020-05-18,3,Atacama,157,8,5.0,3.0,0,0,0,0
2020-05-18,4,Coquimbo,212,18,13.0,5.0,2,0,0,0
2020-05-18,5,Valparaíso,1553,79,70.0,9.0,30,1,0,0
2020-05-18,13,Metropolitana,34451,1767,1596.0,171.0,294,24,0,0
2020-05-18,6,O’Higgins,418,52,33.0,19.0,6,1,0,0
2020-05-18,7,Maule,602,29,23.0,6.0,14,0,0,0
2020-05-18,16,Ñuble,985,43,37.0,6.0,21,1,0,0
2020-05-18,8,Biobío,1144,45,40.0,5.0,9,0,0,0
2020-05-18,9,Araucanía,1639,33,28.0,5.0,44,0,0,0
2020-05-18,14,Los Ríos,224,4,3.0,1.0,6,0,0,0
2020-05-18,10,Los Lagos,652,5,1.0,4.0,11,0,0,0
2020-05-18,11,Aysén,8,0,0.0,0.0,0,0,0,0
2020-05-18,12,Magallanes,971,10,8.0,2.0,16,0,0,0
2020-04-12,15,Arica y Parinacota,115,8,,,1,1,0,0
2020-04-12,1,Tarapacá,46,8,,,0,0,0,0
2020-04-12,2,Antofagasta,138,21,,,1,0,0,0
2020-04-12,3,Atacama,13,0,,,0,0,0,0
2020-04-12,4,Coquimbo,66,2,,,0,0,0,0
2020-04-12,5,Valparaíso,254,6,,,2,0,0,0
2020-04-12,13,Metropolitana,3599,151,,,35,3,0,0
2020-04-12,6,O’Higgins,46,1,,,0,0,0,0
2020-04-12,7,Maule,138,4,,,3,0,0,0
2020-04-12,16,Ñuble,613,7,,,7,1,0,0
2020-04-12,8,Biobío,500,10,,,2,0,0,0
2020-04-12,9,Araucanía,775,36,,,17,0,0,0
2020-04-12,14,Los Ríos,135,5,,,3,1,0,0
2020-04-12,10,Los Lagos,372,8,,,5,0,0,0
2020-04-12,11,Aysén,7,0,,,0,0,0,0
2020-04-12,12,Magallanes,396,19,,,4,1,0,0
2020-05-08,15,Arica y Parinacota,327,2,1.0,1.0,6,0,0,0
2020-05-08,1,Tarapacá,459,42,5.0,37.0,1,0,0,0
2020-05-08,2,Antofagasta,923,28,26.0,2.0,9,2,0,0
2020-05-08,3,Atacama,88,1,0.0,1.0,0,0,0,0
2020-05-08,4,Coquimbo,111,11,9.0,2.0,0,0,0,0
2020-05-08,5,Valparaíso,828,47,38.0,9.0,18,1,0,0
2020-05-08,13,Metropolitana,17979,1151,1022.0,129.0,157,5,0,0
2020-05-08,6,O’Higgins,167,16,13.0,3.0,3,0,0,0
2020-05-08,7,Maule,425,11,11.0,0.0,13,0,0,0
2020-05-08,16,Ñuble,794,1,1.0,0.0,18,1,0,0
2020-05-08,8,Biobío,842,28,20.0,8.0,8,0,0,0
2020-05-08,9,Araucanía,1403,18,7.0,11.0,36,0,0,0
2020-05-08,14,Los Ríos,203,1,1.0,0.0,4,0,0,0
2020-05-08,10,Los Lagos,548,3,1.0,2.0,10,0,0,0
2020-05-08,11,Aysén,8,0,0.0,0.0,0,0,0,0
2020-05-08,12,Magallanes,867,31,28.0,3.0,11,0,0,0
2020-04-23,15,Arica y Parinacota,210,30,,,2,0,0,0
2020-04-23,1,Tarapacá,128,14,,,0,0,0,0
2020-04-23,2,Antofagasta,340,14,,,2,0,0,0
2020-04-23,3,Atacama,18,5,,,0,0,0,0
2020-04-23,4,Coquimbo,70,0,,,0,0,0,0
2020-04-23,5,Valparaíso,429,8,,,7,0,0,0
2020-04-23,13,Metropolitana,6434,351,,,85,7,0,0
2020-04-23,6,O’Higgins,76,17,,,1,0,0,0
2020-04-23,7,Maule,333,5,,,10,0,0,0
2020-04-23,16,Ñuble,708,5,,,13,0,0,0
2020-04-23,8,Biobío,675,17,,,5,0,0,0
2020-04-23,9,Araucanía,1142,29,,,26,0,0,0
2020-04-23,14,Los Ríos,173,2,,,3,0,0,0
2020-04-23,10,Los Lagos,454,9,,,7,1,0,0
2020-04-23,11,Aysén,7,0,,,0,0,0,0
2020-04-23,12,Magallanes,615,10,,,7,0,0,0
2020-05-10,15,Arica y Parinacota,340,3,2.0,1.0,6,0,0,0
2020-05-10,1,Tarapacá,520,35,28.0,7.0,1,0,0,0
2020-05-10,2,Antofagasta,978,31,27.0,4.0,10,0,0,0
2020-05-10,3,Atacama,124,7,7.0,0.0,0,0,0,0
2020-05-10,4,Coquimbo,135,6,0.0,6.0,1,1,0,0
2020-05-10,5,Valparaíso,933,55,42.0,13.0,20,1,0,0
2020-05-10,13,Metropolitana,20353,1396,1225.0,171.0,166,3,0,0
2020-05-10,6,O’Higgins,195,13,8.0,5.0,3,0,0,0
2020-05-10,7,Maule,441,9,8.0,1.0,14,0,0,0
2020-05-10,16,Ñuble,812,11,8.0,3.0,18,0,0,0
2020-05-10,8,Biobío,899,17,10.0,7.0,8,0,0,0
2020-05-10,9,Araucanía,1454,36,22.0,14.0,37,1,0,0
2020-05-10,14,Los Ríos,206,0,0.0,0.0,5,0,0,0
2020-05-10,10,Los Lagos,575,16,10.0,6.0,10,0,0,0
2020-05-10,11,Aysén,8,0,0.0,0.0,0,0,0,0
2020-05-10,12,Magallanes,893,12,9.0,3.0,13,2,0,0
2020-05-05,15,Arica y Parinacota,315,7,7.0,0.0,4,0,0,0
2020-05-05,1,Tarapacá,322,27,14.0,13.0,1,0,0,0
2020-05-05,2,Antofagasta,811,51,41.0,10.0,7,0,0,0
2020-05-05,3,Atacama,78,8,4.0,4.0,0,0,0,0
2020-05-05,4,Coquimbo,97,6,5.0,1.0,0,0,0,0
2020-05-05,5,Valparaíso,687,31,31.0,0.0,15,2,0,0
2020-05-05,13,Metropolitana,14707,1179,1157.0,22.0,146,3,0,0
2020-05-05,6,O’Higgins,136,5,5.0,0.0,3,0,0,0
2020-05-05,7,Maule,408,9,7.0,2.0,13,0,0,0
2020-05-05,16,Ñuble,789,2,2.0,0.0,17,0,0,0
2020-05-05,8,Biobío,774,12,11.0,1.0,8,0,0,0
2020-05-05,9,Araucanía,1352,21,19.0,2.0,36,0,0,0
2020-05-05,14,Los Ríos,199,0,0.0,0.0,4,0,0,0
2020-05-05,10,Los Lagos,525,1,1.0,0.0,10,0,0,0
2020-05-05,11,Aysén,7,0,0.0,0.0,0,0,0,0
2020-05-05,12,Magallanes,809,14,13.0,1.0,11,0,0,0
2020-05-20,15,Arica y Parinacota,424,2,2.0,0.0,7,0,0,0
2020-05-20,1,Tarapacá,1139,30,28.0,2.0,4,0,0,0
2020-05-20,2,Antofagasta,1731,83,51.0,32.0,17,1,0,0
2020-05-20,3,Atacama,163,5,3.0,2.0,0,0,0,0
2020-05-20,4,Coquimbo,263,24,13.0,11.0,2,0,0,0
2020-05-20,5,Valparaíso,1770,131,107.0,24.0,35,3,0,0
2020-05-20,13,Metropolitana,41179,3588,3298.0,290.0,348,30,0,0
2020-05-20,6,O’Higgins,455,13,11.0,2.0,7,0,0,0
2020-05-20,7,Maule,680,40,29.0,11.0,14,0,0,0
2020-05-20,16,Ñuble,1011,23,20.0,3.0,21,0,0,0
2020-05-20,8,Biobío,1224,52,43.0,9.0,9,0,0,0
2020-05-20,9,Araucanía,1680,14,10.0,4.0,44,0,0,0
2020-05-20,14,Los Ríos,247,18,17.0,1.0,6,0,0,0
2020-05-20,10,Los Lagos,666,10,10.0,0.0,12,0,0,0
2020-05-20,11,Aysén,8,0,0.0,0.0,0,0,0,0
2020-05-20,12,Magallanes,977,5,5.0,0.0,18,1,0,0
2020-03-24,15,Arica y Parinacota,2,0,,,0,0,0,0
2020-03-24,1,Tarapacá,4,3,,,0,0,0,0
2020-03-24,2,Antofagasta,13,2,,,0,0,0,0
2020-03-24,3,Atacama,1,0,,,0,0,0,0
2020-03-24,4,Coquimbo,11,5,,,0,0,0,0
2020-03-24,5,Valparaíso,25,6,,,0,0,0,0
2020-03-24,13,Metropolitana,540,81,,,0,0,0,0
2020-03-24,6,O’Higgins,9,1,,,0,0,0,0
2020-03-24,7,Maule,29,1,,,0,0,0,0
2020-03-24,16,Ñuble,105,24,,,0,0,0,0
2020-03-24,8,Biobío,73,27,,,0,0,0,0
2020-03-24,9,Araucanía,59,19,,,0,0,0,0
2020-03-24,14,Los Ríos,6,2,,,0,0,0,0
2020-03-24,10,Los Lagos,36,3,,,0,0,0,0
2020-03-24,11,Aysén,1,0,,,0,0,0,0
2020-03-24,12,Magallanes,8,2,,,0,0,0,0
2020-03-31,15,Arica y Parinacota,6,0,,,0,0,0,0
2020-03-31,1,Tarapacá,10,2,,,0,0,0,0
2020-03-31,2,Antofagasta,35,0,,,0,0,0,0
2020-03-31,3,Atacama,2,0,,,0,0,0,0
2020-03-31,4,Coquimbo,28,1,,,0,0,0,0
2020-03-31,5,Valparaíso,115,7,,,1,1,0,0
2020-03-31,13,Metropolitana,1420,125,,,4,1,0,0
2020-03-31,6,O’Higgins,23,2,,,0,0,0,0
2020-03-31,7,Maule,62,8,,,1,0,0,0
2020-03-31,16,Ñuble,245,16,,,0,0,0,0
2020-03-31,8,Biobío,216,15,,,2,0,0,0
2020-03-31,9,Araucanía,302,55,,,4,2,0,0
2020-03-31,14,Los Ríos,58,11,,,0,0,0,0
2020-03-31,10,Los Lagos,151,23,,,0,0,0,0
2020-03-31,11,Aysén,2,0,,,0,0,0,0
2020-03-31,12,Magallanes,63,24,,,0,0,0,0
2020-03-12,15,Arica y Parinacota,0,0,,,0,0,0,0
2020-03-12,1,Tarapacá,0,0,,,0,0,0,0
2020-03-12,2,Antofagasta,0,0,,,0,0,0,0
2020-03-12,3,Atacama,0,0,,,0,0,0,0
2020-03-12,4,Coquimbo,0,0,,,0,0,0,0
2020-03-12,5,Valparaíso,0,0,,,0,0,0,0
2020-03-12,13,Metropolitana,23,9,,,0,0,0,0
2020-03-12,6,O’Higgins,0,0,,,0,0,0,0
2020-03-12,7,Maule,7,0,,,0,0,0,0
2020-03-12,16,Ñuble,1,1,,,0,0,0,0
2020-03-12,8,Biobío,1,0,,,0,0,0,0
2020-03-12,9,Araucanía,0,0,,,0,0,0,0
2020-03-12,14,Los Ríos,0,0,,,0,0,0,0
2020-03-12,10,Los Lagos,1,0,,,0,0,0,0
2020-03-12,11,Aysén,0,0,,,0,0,0,0
2020-03-12,12,Magallanes,0,0,,,0,0,0,0
2020-03-15,15,Arica y Parinacota,0,0,,,0,0,0,0
2020-03-15,1,Tarapacá,0,0,,,0,0,0,0
2020-03-15,2,Antofagasta,2,0,,,0,0,0,0
2020-03-15,3,Atacama,1,0,,,0,0,0,0
2020-03-15,4,Coquimbo,0,0,,,0,0,0,0
2020-03-15,5,Valparaíso,0,0,,,0,0,0,0
2020-03-15,13,Metropolitana,54,14,,,0,0,0,0
2020-03-15,6,O’Higgins,0,0,,,0,0,0,0
2020-03-15,7,Maule,9,0,,,0,0,0,0
2020-03-15,16,Ñuble,4,0,,,0,0,0,0
2020-03-15,8,Biobío,3,0,,,0,0,0,0
2020-03-15,9,Araucanía,0,0,,,0,0,0,0
2020-03-15,14,Los Ríos,0,0,,,0,0,0,0
2020-03-15,10,Los Lagos,1,0,,,0,0,0,0
2020-03-15,11,Aysén,1,0,,,0,0,0,0
2020-03-15,12,Magallanes,0,0,,,0,0,0,0
2020-04-17,15,Arica y Parinacota,134,5,,,2,1,0,0
2020-04-17,1,Tarapacá,73,7,,,0,0,0,0
2020-04-17,2,Antofagasta,211,19,,,1,0,0,0
2020-04-17,3,Atacama,13,0,,,0,0,0,0
2020-04-17,4,Coquimbo,68,0,,,0,0,0,0
2020-04-17,5,Valparaíso,345,15,,,4,0,0,0
2020-04-17,13,Metropolitana,4915,233,,,51,3,0,0
2020-04-17,6,O’Higgins,55,1,,,0,0,0,0
2020-04-17,7,Maule,223,56,,,7,3,0,0
2020-04-17,16,Ñuble,656,17,,,11,1,0,0
2020-04-17,8,Biobío,578,19,,,3,1,0,0
2020-04-17,9,Araucanía,907,25,,,22,1,0,0
2020-04-17,14,Los Ríos,154,1,,,3,0,0,0
2020-04-17,10,Los Lagos,412,13,,,6,1,0,0
2020-04-17,11,Aysén,7,0,,,0,0,0,0
2020-04-17,12,Magallanes,501,34,,,6,0,0,0
2020-03-16,15,Arica y Parinacota,0,0,,,0,0,0,0
2020-03-16,1,Tarapacá,0,0,,,0,0,0,0
2020-03-16,2,Antofagasta,2,0,,,0,0,0,0
2020-03-16,3,Atacama,1,0,,,0,0,0,0
2020-03-16,4,Coquimbo,0,0,,,0,0,0,0
2020-03-16,5,Valparaíso,1,1,,,0,0,0,0
2020-03-16,13,Metropolitana,123,69,,,0,0,0,0
2020-03-16,6,O’Higgins,0,0,,,0,0,0,0
2020-03-16,7,Maule,9,0,,,0,0,0,0
2020-03-16,16,Ñuble,12,8,,,0,0,0,0
2020-03-16,8,Biobío,4,1,,,0,0,0,0
2020-03-16,9,Araucanía,1,1,,,0,0,0,0
2020-03-16,14,Los Ríos,1,1,,,0,0,0,0
2020-03-16,10,Los Lagos,1,0,,,0,0,0,0
2020-03-16,11,Aysén,1,0,,,0,0,0,0
2020-03-16,12,Magallanes,0,0,,,0,0,0,0
2020-04-19,15,Arica y Parinacota,145,3,,,2,0,0,0
2020-04-19,1,Tarapacá,90,9,,,0,0,0,0
2020-04-19,2,Antofagasta,249,23,,,1,0,0,0
2020-04-19,3,Atacama,13,0,,,0,0,0,0
2020-04-19,4,Coquimbo,68,0,,,0,0,0,0
2020-04-19,5,Valparaíso,381,22,,,5,1,0,0
2020-04-19,13,Metropolitana,5381,189,,,63,5,0,0
2020-04-19,6,O’Higgins,55,0,,,0,0,0,0
2020-04-19,7,Maule,302,26,,,8,0,0,0
2020-04-19,16,Ñuble,678,11,,,13,1,0,0
2020-04-19,8,Biobío,616,10,,,3,0,0,0
2020-04-19,9,Araucanía,972,28,,,23,0,0,0
2020-04-19,14,Los Ríos,157,1,,,3,0,0,0
2020-04-19,10,Los Lagos,421,5,,,6,0,0,0
2020-04-19,11,Aysén,7,0,,,0,0,0,0
2020-04-19,12,Magallanes,553,31,,,6,0,0,0
2020-05-15,15,Arica y Parinacota,368,5,5.0,0.0,7,0,0,0
2020-05-15,1,Tarapacá,779,97,75.0,22.0,2,1,0,0
2020-05-15,2,Antofagasta,1331,54,38.0,16.0,12,1,0,0
2020-05-15,3,Atacama,143,3,2.0,1.0,0,0,0,0
2020-05-15,4,Coquimbo,180,15,5.0,10.0,1,0,0,0
2020-05-15,5,Valparaíso,1312,99,66.0,33.0,27,2,0,0
2020-05-15,13,Metropolitana,29276,2060,1793.0,267.0,221,19,0,0
2020-05-15,6,O’Higgins,323,28,22.0,6.0,5,1,0,0
2020-05-15,7,Maule,540,21,14.0,7.0,14,0,0,0
2020-05-15,16,Ñuble,885,36,30.0,6.0,20,0,0,0
2020-05-15,8,Biobío,1036,41,32.0,9.0,9,0,0,0
2020-05-15,9,Araucanía,1564,28,18.0,10.0,43,2,0,0
2020-05-15,14,Los Ríos,219,5,4.0,1.0,6,0,0,0
2020-05-15,10,Los Lagos,641,8,6.0,2.0,11,0,0,0
2020-05-15,11,Aysén,8,0,0.0,0.0,0,0,0,0
2020-05-15,12,Magallanes,937,2,2.0,0.0,16,0,0,0
2020-04-30,15,Arica y Parinacota,279,7,2.0,5.0,4,0,0,0
2020-04-30,1,Tarapacá,198,15,15.0,0.0,1,0,0,0
2020-04-30,2,Antofagasta,546,32,27.0,5.0,5,1,0,0
2020-04-30,3,Atacama,43,1,1.0,0.0,0,0,0,0
2020-04-30,4,Coquimbo,76,0,0.0,0.0,0,0,0,0
2020-04-30,5,Valparaíso,559,33,28.0,5.0,12,0,0,0
2020-04-30,13,Metropolitana,9625,986,650.0,86.0,110,6,0,0
2020-04-30,6,O’Higgins,108,4,3.0,1.0,1,0,0,0
2020-04-30,7,Maule,393,1,0.0,1.0,13,0,0,0
2020-04-30,16,Ñuble,768,7,7.0,0.0,14,0,0,0
2020-04-30,8,Biobío,727,8,6.0,2.0,7,0,0,0
2020-04-30,9,Araucanía,1293,20,18.0,2.0,35,3,0,0
2020-04-30,14,Los Ríos,189,7,7.0,0.0,4,0,0,0
2020-04-30,10,Los Lagos,487,6,5.0,1.0,10,1,0,0
2020-04-30,11,Aysén,7,0,0.0,0.0,0,0,0,0
2020-04-30,12,Magallanes,725,11,11.0,0.0,11,0,0,0
2020-03-11,15,Arica y Parinacota,0,0,,,0,0,0,0
2020-03-11,1,Tarapacá,0,0,,,0,0,0,0
2020-03-11,2,Antofagasta,0,0,,,0,0,0,0
2020-03-11,3,Atacama,0,0,,,0,0,0,0
2020-03-11,4,Coquimbo,0,0,,,0,0,0,0
2020-03-11,5,Valparaíso,0,0,,,0,0,0,0
2020-03-11,13,Metropolitana,14,4,,,0,0,0,0
2020-03-11,6,O’Higgins,0,0,,,0,0,0,0
2020-03-11,7,Maule,7,2,,,0,0,0,0
2020-03-11,16,Ñuble,0,0,,,0,0,0,0
2020-03-11,8,Biobío,1,0,,,0,0,0,0
2020-03-11,9,Araucanía,0,0,,,0,0,0,0
2020-03-11,14,Los Ríos,0,0,,,0,0,0,0
2020-03-11,10,Los Lagos,1,0,,,0,0,0,0
2020-03-11,11,Aysén,0,0,,,0,0,0,0
2020-03-11,12,Magallanes,0,0,,,0,0,0,0
2020-03-05,15,Arica y Parinacota,0,0,,,0,0,0,0
2020-03-05,1,Tarapacá,0,0,,,0,0,0,0
2020-03-05,2,Antofagasta,0,0,,,0,0,0,0
2020-03-05,3,Atacama,0,0,,,0,0,0,0
2020-03-05,4,Coquimbo,0,0,,,0,0,0,0
2020-03-05,5,Valparaíso,0,0,,,0,0,0,0
2020-03-05,13,Metropolitana,2,1,,,0,0,0,0
2020-03-05,6,O’Higgins,0,0,,,0,0,0,0
2020-03-05,7,Maule,2,0,,,0,0,0,0
2020-03-05,16,Ñuble,0,0,,,0,0,0,0
2020-03-05,8,Biobío,0,0,,,0,0,0,0
2020-03-05,9,Araucanía,0,0,,,0,0,0,0
2020-03-05,14,Los Ríos,0,0,,,0,0,0,0
2020-03-05,10,Los Lagos,0,0,,,0,0,0,0
2020-03-05,11,Aysén,0,0,,,0,0,0,0
2020-03-05,12,Magallanes,0,0,,,0,0,0,0
2020-05-04,15,Arica y Parinacota,308,0,0.0,0.0,4,0,0,0
2020-05-04,1,Tarapacá,295,23,16.0,7.0,1,0,0,0
2020-05-04,2,Antofagasta,760,20,14.0,6.0,7,0,0,0
2020-05-04,3,Atacama,70,3,2.0,1.0,0,0,0,0
2020-05-04,4,Coquimbo,91,3,1.0,2.0,0,0,0,0
2020-05-04,5,Valparaíso,656,18,18.0,0.0,13,0,0,0
2020-05-04,13,Metropolitana,13528,872,790.0,82.0,143,8,0,0
2020-05-04,6,O’Higgins,131,6,6.0,0.0,3,0,0,0
2020-05-04,7,Maule,399,2,2.0,0.0,13,0,0,0
2020-05-04,16,Ñuble,787,1,0.0,1.0,17,1,0,0
2020-05-04,8,Biobío,762,3,3.0,0.0,8,1,0,0
2020-05-04,9,Araucanía,1331,3,1.0,2.0,36,0,0,0
2020-05-04,14,Los Ríos,199,1,1.0,0.0,4,0,0,0
2020-05-04,10,Los Lagos,524,7,5.0,2.0,10,0,0,0
2020-05-04,11,Aysén,7,0,0.0,0.0,0,0,0,0
2020-05-04,12,Magallanes,795,18,17.0,1.0,11,0,0,0
2020-03-09,15,Arica y Parinacota,0,0,,,0,0,0,0
2020-03-09,1,Tarapacá,0,0,,,0,0,0,0
2020-03-09,2,Antofagasta,0,0,,,0,0,0,0
2020-03-09,3,Atacama,0,0,,,0,0,0,0
2020-03-09,4,Coquimbo,0,0,,,0,0,0,0
2020-03-09,5,Valparaíso,0,0,,,0,0,0,0
2020-03-09,13,Metropolitana,7,1,,,0,0,0,0
2020-03-09,6,O’Higgins,0,0,,,0,0,0,0
2020-03-09,7,Maule,4,1,,,0,0,0,0
2020-03-09,16,Ñuble,0,0,,,0,0,0,0
2020-03-09,8,Biobío,1,1,,,0,0,0,0
2020-03-09,9,Araucanía,0,0,,,0,0,0,0
2020-03-09,14,Los Ríos,0,0,,,0,0,0,0
2020-03-09,10,Los Lagos,1,0,,,0,0,0,0
2020-03-09,11,Aysén,0,0,,,0,0,0,0
2020-03-09,12,Magallanes,0,0,,,0,0,0,0
2020-05-19,15,Arica y Parinacota,422,24,21.0,3.0,7,0,0,0
2020-05-19,1,Tarapacá,1109,53,40.0,13.0,4,0,0,0
2020-05-19,2,Antofagasta,1648,59,43.0,16.0,16,2,0,0
2020-05-19,3,Atacama,158,1,1.0,0.0,0,0,0,0
2020-05-19,4,Coquimbo,239,27,21.0,6.0,2,0,0,0
2020-05-19,5,Valparaíso,1639,86,72.0,14.0,32,2,0,0
2020-05-19,13,Metropolitana,37591,3140,2802.0,338.0,318,24,0,0
2020-05-19,6,O’Higgins,442,24,13.0,11.0,7,1,0,0
2020-05-19,7,Maule,640,38,33.0,5.0,14,0,0,0
2020-05-19,16,Ñuble,988,3,3.0,0.0,21,0,0,0
2020-05-19,8,Biobío,1172,28,25.0,3.0,9,0,0,0
2020-05-19,9,Araucanía,1666,27,18.0,9.0,44,0,0,0
2020-05-19,14,Los Ríos,229,5,4.0,1.0,6,0,0,0
2020-05-19,10,Los Lagos,656,4,2.0,2.0,12,1,0,0
2020-05-19,11,Aysén,8,0,0.0,0.0,0,0,0,0
2020-05-19,12,Magallanes,972,1,1.0,0.0,17,1,0,0
2020-04-03,15,Arica y Parinacota,12,5,,,0,0,0,0
2020-04-03,1,Tarapacá,13,1,,,0,0,0,0
2020-04-03,2,Antofagasta,54,7,,,0,0,0,0
2020-04-03,3,Atacama,5,2,,,0,0,0,0
2020-04-03,4,Coquimbo,35,1,,,0,0,0,0
2020-04-03,5,Valparaíso,176,20,,,1,0,0,0
2020-04-03,13,Metropolitana,1742,106,,,8,2,0,0
2020-04-03,6,O’Higgins,33,1,,,0,0,0,0
2020-04-03,7,Maule,89,7,,,1,0,0,0
2020-04-03,16,Ñuble,370,29,,,1,1,0,0
2020-04-03,8,Biobío,302,27,,,2,0,0,0
2020-04-03,9,Araucanía,432,43,,,7,0,0,0
2020-04-03,14,Los Ríos,78,10,,,1,0,0,0
2020-04-03,10,Los Lagos,234,31,,,0,0,0,0
2020-04-03,11,Aysén,6,1,,,0,0,0,0
2020-04-03,12,Magallanes,156,42,,,1,1,0,0
2020-03-18,15,Arica y Parinacota,0,0,,,0,0,0,0
2020-03-18,1,Tarapacá,0,0,,,0,0,0,0
2020-03-18,2,Antofagasta,2,0,,,0,0,0,0
2020-03-18,3,Atacama,1,0,,,0,0,0,0
2020-03-18,4,Coquimbo,0,0,,,0,0,0,0
2020-03-18,5,Valparaíso,1,0,,,0,0,0,0
2020-03-18,13,Metropolitana,174,22,,,0,0,0,0
2020-03-18,6,O’Higgins,0,0,,,0,0,0,0
2020-03-18,7,Maule,11,2,,,0,0,0,0
2020-03-18,16,Ñuble,26,0,,,0,0,0,0
2020-03-18,8,Biobío,7,3,,,0,0,0,0
2020-03-18,9,Araucanía,4,3,,,0,0,0,0
2020-03-18,14,Los Ríos,1,0,,,0,0,0,0
2020-03-18,10,Los Lagos,8,7,,,0,0,0,0
2020-03-18,11,Aysén,1,0,,,0,0,0,0
2020-03-18,12,Magallanes,2,0,,,0,0,0,0
2020-03-04,15,Arica y Parinacota,0,0,,,0,0,0,0
2020-03-04,1,Tarapacá,0,0,,,0,0,0,0
2020-03-04,2,Antofagasta,0,0,,,0,0,0,0
2020-03-04,3,Atacama,0,0,,,0,0,0,0
2020-03-04,4,Coquimbo,0,0,,,0,0,0,0
2020-03-04,5,Valparaíso,0,0,,,0,0,0,0
2020-03-04,13,Metropolitana,1,1,,,0,0,0,0
2020-03-04,6,O’Higgins,0,0,,,0,0,0,0
2020-03-04,7,Maule,2,1,,,0,0,0,0
2020-03-04,16,Ñuble,0,0,,,0,0,0,0
2020-03-04,8,Biobío,0,0,,,0,0,0,0
2020-03-04,9,Araucanía,0,0,,,0,0,0,0
2020-03-04,14,Los Ríos,0,0,,,0,0,0,0
2020-03-04,10,Los Lagos,0,0,,,0,0,0,0
2020-03-04,11,Aysén,0,0,,,0,0,0,0
2020-03-04,12,Magallanes,0,0,,,0,0,0,0
2020-03-13,15,Arica y Parinacota,0,0,,,0,0,0,0
2020-03-13,1,Tarapacá,0,0,,,0,0,0,0
2020-03-13,2,Antofagasta,0,0,,,0,0,0,0
2020-03-13,3,Atacama,0,0,,,0,0,0,0
2020-03-13,4,Coquimbo,0,0,,,0,0,0,0
2020-03-13,5,Valparaíso,0,0,,,0,0,0,0
2020-03-13,13,Metropolitana,29,6,,,0,0,0,0
2020-03-13,6,O’Higgins,0,0,,,0,0,0,0
2020-03-13,7,Maule,8,1,,,0,0,0,0
2020-03-13,16,Ñuble,2,1,,,0,0,0,0
2020-03-13,8,Biobío,3,2,,,0,0,0,0
2020-03-13,9,Araucanía,0,0,,,0,0,0,0
2020-03-13,14,Los Ríos,0,0,,,0,0,0,0
2020-03-13,10,Los Lagos,1,0,,,0,0,0,0
2020-03-13,11,Aysén,0,0,,,0,0,0,0
2020-03-13,12,Magallanes,0,0,,,0,0,0,0
2020-04-09,15,Arica y Parinacota,75,12,,,0,0,0,0
2020-04-09,1,Tarapacá,29,3,,,0,0,0,0
2020-04-09,2,Antofagasta,92,15,,,1,0,0,0
2020-04-09,3,Atacama,10,2,,,0,0,0,0
2020-04-09,4,Coquimbo,61,5,,,0,0,0,0
2020-04-09,5,Valparaíso,230,5,,,2,0,0,0
2020-04-09,13,Metropolitana,2832,284,,,21,7,0,0
2020-04-09,6,O’Higgins,44,1,,,0,0,0,0
2020-04-09,7,Maule,128,9,,,2,0,0,0
2020-04-09,16,Ñuble,571,10,,,6,1,0,0
2020-04-09,8,Biobío,460,21,,,2,0,0,0
2020-04-09,9,Araucanía,689,20,,,16,1,0,0
2020-04-09,14,Los Ríos,118,4,,,2,0,0,0
2020-04-09,10,Los Lagos,340,15,,,2,0,0,0
2020-04-09,11,Aysén,7,0,,,0,0,0,0
2020-04-09,12,Magallanes,286,20,,,3,0,0,0
2020-04-29,15,Arica y Parinacota,272,4,4.0,0.0,4,1,0,0
2020-04-29,1,Tarapacá,183,14,14.0,0.0,1,0,0,0
2020-04-29,2,Antofagasta,514,33,33.0,0.0,4,0,0,0
2020-04-29,3,Atacama,42,7,7.0,0.0,0,0,0,0
2020-04-29,4,Coquimbo,76,2,2.0,0.0,0,0,0,0
2020-04-29,5,Valparaíso,526,33,33.0,0.0,12,2,0,0
2020-04-29,13,Metropolitana,8639,339,339.0,250.0,104,4,0,0
2020-04-29,6,O’Higgins,104,7,7.0,0.0,1,0,0,0
2020-04-29,7,Maule,392,8,8.0,0.0,13,1,0,0
2020-04-29,16,Ñuble,761,14,14.0,0.0,14,0,0,0
2020-04-29,8,Biobío,719,10,10.0,0.0,7,0,0,0
2020-04-29,9,Araucanía,1273,22,22.0,0.0,32,0,0,0
2020-04-29,14,Los Ríos,182,2,2.0,0.0,4,0,0,0
2020-04-29,10,Los Lagos,481,4,4.0,0.0,9,0,0,0
2020-04-29,11,Aysén,7,0,0.0,0.0,0,0,0,0
2020-04-29,12,Magallanes,714,21,21.0,0.0,11,1,0,0
2020-04-24,15,Arica y Parinacota,239,29,,,3,1,0,0
2020-04-24,1,Tarapacá,134,6,,,0,0,0,0
2020-04-24,2,Antofagasta,366,26,,,2,0,0,0
2020-04-24,3,Atacama,21,3,,,0,0,0,0
2020-04-24,4,Coquimbo,72,2,,,0,0,0,0
2020-04-24,5,Valparaíso,436,7,,,8,1,0,0
2020-04-24,13,Metropolitana,6761,327,,,86,1,0,0
2020-04-24,6,O’Higgins,81,5,,,1,0,0,0
2020-04-24,7,Maule,349,16,,,10,0,0,0
2020-04-24,16,Ñuble,715,7,,,14,1,0,0
2020-04-24,8,Biobío,683,8,,,5,0,0,0
2020-04-24,9,Araucanía,1184,42,,,26,0,0,0
2020-04-24,14,Los Ríos,174,1,,,3,0,0,0
2020-04-24,10,Los Lagos,460,6,,,8,1,0,0
2020-04-24,11,Aysén,7,0,,,0,0,0,0
2020-04-24,12,Magallanes,624,9,,,8,1,0,0
2020-04-01,15,Arica y Parinacota,6,0,,,0,0,0,0
2020-04-01,1,Tarapacá,10,0,,,0,0,0,0
2020-04-01,2,Antofagasta,39,4,,,0,0,0,0
2020-04-01,3,Atacama,3,1,,,0,0,0,0
2020-04-01,4,Coquimbo,30,2,,,0,0,0,0
2020-04-01,5,Valparaíso,136,21,,,1,0,0,0
2020-04-01,13,Metropolitana,1521,101,,,5,1,0,0
2020-04-01,6,O’Higgins,26,3,,,0,0,0,0
2020-04-01,7,Maule,71,9,,,1,0,0,0
2020-04-01,16,Ñuble,259,14,,,0,0,0,0
2020-04-01,8,Biobío,240,24,,,2,0,0,0
2020-04-01,9,Araucanía,343,41,,,6,2,0,0
2020-04-01,14,Los Ríos,64,6,,,1,1,0,0
2020-04-01,10,Los Lagos,181,30,,,0,0,0,0
2020-04-01,11,Aysén,3,1,,,0,0,0,0
2020-04-01,12,Magallanes,99,36,,,0,0,0,0
2020-04-26,15,Arica y Parinacota,252,7,,,3,0,0,0
2020-04-26,1,Tarapacá,156,13,,,1,0,0,0
2020-04-26,2,Antofagasta,443,52,,,4,1,0,0
2020-04-26,3,Atacama,29,5,,,0,0,0,0
2020-04-26,4,Coquimbo,73,0,,,0,0,0,0
2020-04-26,5,Valparaíso,460,6,,,9,0,0,0
2020-04-26,13,Metropolitana,7496,331,,,91,2,0,0
2020-04-26,6,O’Higgins,92,7,,,1,0,0,0
2020-04-26,7,Maule,354,4,,,11,1,0,0
2020-04-26,16,Ñuble,731,6,,,14,0,0,0
2020-04-26,8,Biobío,703,7,,,6,1,0,0
2020-04-26,9,Araucanía,1216,13,,,29,2,0,0
2020-04-26,14,Los Ríos,178,1,,,3,0,0,0
2020-04-26,10,Los Lagos,473,8,,,8,0,0,0
2020-04-26,11,Aysén,7,0,,,0,0,0,0
2020-04-26,12,Magallanes,668,13,,,9,1,0,0
2020-04-27,15,Arica y Parinacota,265,13,,,3,0,0,0
2020-04-27,1,Tarapacá,164,8,,,1,0,0,0
2020-04-27,2,Antofagasta,457,14,,,4,0,0,0
2020-04-27,3,Atacama,35,6,,,0,0,0,0
2020-04-27,4,Coquimbo,74,1,,,0,0,0,0
2020-04-27,5,Valparaíso,485,25,,,9,0,0,0
2020-04-27,13,Metropolitana,7858,362,,,95,4,0,0
2020-04-27,6,O’Higgins,94,2,,,1,0,0,0
2020-04-27,7,Maule,363,9,,,12,1,0,0
2020-04-27,16,Ñuble,741,10,,,14,0,0,0
2020-04-27,8,Biobío,706,3,,,6,0,0,0
2020-04-27,9,Araucanía,1236,20,,,32,3,0,0
2020-04-27,14,Los Ríos,180,2,,,3,0,0,0
2020-04-27,10,Los Lagos,477,4,,,8,0,0,0
2020-04-27,11,Aysén,7,0,,,0,0,0,0
2020-04-27,12,Magallanes,671,3,,,10,1,0,0
2020-05-02,15,Arica y Parinacota,307,10,4.0,6.0,4,0,0,0
2020-05-02,1,Tarapacá,212,12,11.0,1.0,1,0,0,0
2020-05-02,2,Antofagasta,679,90,80.0,10.0,7,0,0,0
2020-05-02,3,Atacama,59,16,13.0,3.0,0,0,0,0
2020-05-02,4,Coquimbo,78,1,1.0,0.0,0,0,0,0
2020-05-02,5,Valparaíso,614,46,42.0,4.0,13,1,0,0
2020-05-02,13,Metropolitana,11661,1145,998.0,147.0,122,8,0,0
2020-05-02,6,O’Higgins,120,11,10.0,1.0,3,2,0,0
2020-05-02,7,Maule,396,2,2.0,0.0,13,0,0,0
2020-05-02,16,Ñuble,776,8,4.0,4.0,16,2,0,0
2020-05-02,8,Biobío,751,22,19.0,3.0,7,0,0,0
2020-05-02,9,Araucanía,1314,19,19.0,0.0,36,0,0,0
2020-05-02,14,Los Ríos,196,7,7.0,0.0,4,0,0,0
2020-05-02,10,Los Lagos,513,12,11.0,1.0,10,0,0,0
2020-05-02,11,Aysén,7,0,0.0,0.0,0,0,0,0
2020-05-02,12,Magallanes,752,26,25.0,1.0,11,0,0,0
2020-04-08,15,Arica y Parinacota,63,10,,,0,0,0,0
2020-04-08,1,Tarapacá,26,3,,,0,0,0,0
2020-04-08,2,Antofagasta,77,8,,,1,0,0,0
2020-04-08,3,Atacama,8,2,,,0,0,0,0
2020-04-08,4,Coquimbo,56,4,,,0,0,0,0
2020-04-08,5,Valparaíso,225,11,,,2,1,0,0
2020-04-08,13,Metropolitana,2548,198,,,14,2,0,0
2020-04-08,6,O’Higgins,43,1,,,0,0,0,0
2020-04-08,7,Maule,119,11,,,2,0,0,0
2020-04-08,16,Ñuble,561,39,,,5,0,0,0
2020-04-08,8,Biobío,439,29,,,2,0,0,0
2020-04-08,9,Araucanía,669,57,,,15,1,0,0
2020-04-08,14,Los Ríos,114,5,,,2,0,0,0
2020-04-08,10,Los Lagos,325,26,,,2,0,0,0
2020-04-08,11,Aysén,7,0,,,0,0,0,0
2020-04-08,12,Magallanes,266,26,,,3,1,0,0
2020-03-06,15,Arica y Parinacota,0,0,,,0,0,0,0
2020-03-06,1,Tarapacá,0,0,,,0,0,0,0
2020-03-06,2,Antofagasta,0,0,,,0,0,0,0
2020-03-06,3,Atacama,0,0,,,0,0,0,0
2020-03-06,4,Coquimbo,0,0,,,0,0,0,0
2020-03-06,5,Valparaíso,0,0,,,0,0,0,0
2020-03-06,13,Metropolitana,3,1,,,0,0,0,0
2020-03-06,6,O’Higgins,0,0,,,0,0,0,0
2020-03-06,7,Maule,2,0,,,0,0,0,0
2020-03-06,16,Ñuble,0,0,,,0,0,0,0
2020-03-06,8,Biobío,0,0,,,0,0,0,0
2020-03-06,9,Araucanía,0,0,,,0,0,0,0
2020-03-06,14,Los Ríos,0,0,,,0,0,0,0
2020-03-06,10,Los Lagos,0,0,,,0,0,0,0
2020-03-06,11,Aysén,0,0,,,0,0,0,0
2020-03-06,12,Magallanes,0,0,,,0,0,0,0
2020-05-09,15,Arica y Parinacota,337,10,8.0,2.0,6,0,0,0
2020-05-09,1,Tarapacá,485,26,25.0,1.0,1,0,0,0
2020-05-09,2,Antofagasta,947,24,19.0,5.0,10,1,0,0
2020-05-09,3,Atacama,117,29,20.0,9.0,0,0,0,0
2020-05-09,4,Coquimbo,129,18,12.0,6.0,0,0,0,0
2020-05-09,5,Valparaíso,878,50,43.0,7.0,19,1,0,0
2020-05-09,13,Metropolitana,18957,978,789.0,189.0,163,6,0,0
2020-05-09,6,O’Higgins,182,15,13.0,2.0,3,0,0,0
2020-05-09,7,Maule,432,7,6.0,1.0,14,1,0,0
2020-05-09,16,Ñuble,801,7,5.0,2.0,18,0,0,0
2020-05-09,8,Biobío,882,40,31.0,9.0,8,0,0,0
2020-05-09,9,Araucanía,1418,15,15.0,0.0,36,0,0,0
2020-05-09,14,Los Ríos,206,3,1.0,2.0,5,1,0,0
2020-05-09,10,Los Lagos,559,11,7.0,4.0,10,0,0,0
2020-05-09,11,Aysén,8,0,0.0,0.0,0,0,0,0
2020-05-09,12,Magallanes,881,14,10.0,4.0,11,0,0,0
2020-04-21,15,Arica y Parinacota,170,9,,,2,0,0,0
2020-04-21,1,Tarapacá,104,11,,,0,0,0,0
2020-04-21,2,Antofagasta,291,28,,,1,0,0,0
2020-04-21,3,Atacama,13,0,,,0,0,0,0
2020-04-21,4,Coquimbo,69,0,,,0,0,0,0
2020-04-21,5,Valparaíso,403,15,,,6,1,0,0
2020-04-21,13,Metropolitana,5788,145,,,69,2,0,0
2020-04-21,6,O’Higgins,57,1,,,1,1,0,0
2020-04-21,7,Maule,316,12,,,10,0,0,0
2020-04-21,16,Ñuble,694,7,,,13,0,0,0
2020-04-21,8,Biobío,636,10,,,4,1,0,0
2020-04-21,9,Araucanía,1092,47,,,25,2,0,0
2020-04-21,14,Los Ríos,167,5,,,3,0,0,0
2020-04-21,10,Los Lagos,432,8,,,6,0,0,0
2020-04-21,11,Aysén,7,0,,,0,0,0,0
2020-04-21,12,Magallanes,593,27,,,7,1,0,0
2020-04-18,15,Arica y Parinacota,142,8,,,2,0,0,0
2020-04-18,1,Tarapacá,81,8,,,0,0,0,0
2020-04-18,2,Antofagasta,226,15,,,1,0,0,0
2020-04-18,3,Atacama,13,0,,,0,0,0,0
2020-04-18,4,Coquimbo,68,0,,,0,0,0,0
2020-04-18,5,Valparaíso,359,14,,,4,0,0,0
2020-04-18,13,Metropolitana,5192,277,,,58,7,0,0
2020-04-18,6,O’Higgins,55,0,,,0,0,0,0
2020-04-18,7,Maule,276,53,,,8,1,0,0
2020-04-18,16,Ñuble,667,11,,,12,1,0,0
2020-04-18,8,Biobío,606,28,,,3,0,0,0
2020-04-18,9,Araucanía,944,37,,,23,1,0,0
2020-04-18,14,Los Ríos,156,2,,,3,0,0,0
2020-04-18,10,Los Lagos,416,4,,,6,0,0,0
2020-04-18,11,Aysén,7,0,,,0,0,0,0
2020-04-18,12,Magallanes,522,21,,,6,0,0,0
2020-04-20,15,Arica y Parinacota,161,16,,,2,0,0,0
2020-04-20,1,Tarapacá,93,3,,,0,0,0,0
2020-04-20,2,Antofagasta,263,14,,,1,0,0,0
2020-04-20,3,Atacama,13,0,,,0,0,0,0
2020-04-20,4,Coquimbo,69,1,,,0,0,0,0
2020-04-20,5,Valparaíso,388,7,,,5,0,0,0
2020-04-20,13,Metropolitana,5643,262,,,67,4,0,0
2020-04-20,6,O’Higgins,56,1,,,0,0,0,0
2020-04-20,7,Maule,304,2,,,10,2,0,0
2020-04-20,16,Ñuble,687,9,,,13,0,0,0
2020-04-20,8,Biobío,626,10,,,3,0,0,0
2020-04-20,9,Araucanía,1045,73,,,23,0,0,0
2020-04-20,14,Los Ríos,162,5,,,3,0,0,0
2020-04-20,10,Los Lagos,424,3,,,6,0,0,0
2020-04-20,11,Aysén,7,0,,,0,0,0,0
2020-04-20,12,Magallanes,566,13,,,6,0,0,0
2020-03-21,15,Arica y Parinacota,1,0,,,0,0,0,0
2020-03-21,1,Tarapacá,0,0,,,0,0,0,0
2020-03-21,2,Antofagasta,10,4,,,0,0,0,0
2020-03-21,3,Atacama,1,0,,,0,0,0,0
2020-03-21,4,Coquimbo,3,0,,,0,0,0,0
2020-03-21,5,Valparaíso,13,8,,,0,0,0,0
2020-03-21,13,Metropolitana,359,55,,,0,0,0,0
2020-03-21,6,O’Higgins,7,1,,,0,0,0,0
2020-03-21,7,Maule,15,1,,,0,0,0,0
2020-03-21,16,Ñuble,58,14,,,0,0,0,0
2020-03-21,8,Biobío,30,11,,,0,0,0,0
2020-03-21,9,Araucanía,15,6,,,0,0,0,0
2020-03-21,14,Los Ríos,1,0,,,0,0,0,0
2020-03-21,10,Los Lagos,20,2,,,0,0,0,0
2020-03-21,11,Aysén,1,0,,,0,0,0,0
2020-03-21,12,Magallanes,3,1,,,0,0,0,0
2020-04-15,15,Arica y Parinacota,124,4,,,1,0,0,0
2020-04-15,1,Tarapacá,62,0,,,0,0,0,0
2020-04-15,2,Antofagasta,176,21,,,1,0,0,0
2020-04-15,3,Atacama,13,0,,,0,0,0,0
2020-04-15,4,Coquimbo,66,0,,,0,0,0,0
2020-04-15,5,Valparaíso,299,14,,,2,0,0,0
2020-04-15,13,Metropolitana,4334,248,,,41,1,0,0
2020-04-15,6,O’Higgins,54,1,,,0,0,0,0
2020-04-15,7,Maule,152,10,,,4,0,0,0
2020-04-15,16,Ñuble,634,12,,,8,0,0,0
2020-04-15,8,Biobío,542,14,,,2,0,0,0
2020-04-15,9,Araucanía,826,10,,,21,1,0,0
2020-04-15,14,Los Ríos,150,2,,,3,0,0,0
2020-04-15,10,Los Lagos,390,5,,,5,0,0,0
2020-04-15,11,Aysén,7,0,,,0,0,0,0
2020-04-15,12,Magallanes,444,15,,,6,0,0,0
2020-04-10,15,Arica y Parinacota,87,12,,,0,0,0,0
2020-04-10,1,Tarapacá,35,6,,,0,0,0,0
2020-04-10,2,Antofagasta,110,18,,,1,0,0,0
2020-04-10,3,Atacama,13,3,,,0,0,0,0
2020-04-10,4,Coquimbo,61,0,,,0,0,0,0
2020-04-10,5,Valparaíso,241,11,,,2,0,0,0
2020-04-10,13,Metropolitana,3193,361,,,29,8,0,0
2020-04-10,6,O’Higgins,44,0,,,0,0,0,0
2020-04-10,7,Maule,131,3,,,2,0,0,0
2020-04-10,16,Ñuble,589,18,,,6,0,0,0
2020-04-10,8,Biobío,474,14,,,2,0,0,0
2020-04-10,9,Araucanía,712,23,,,16,0,0,0
2020-04-10,14,Los Ríos,124,6,,,2,0,0,0
2020-04-10,10,Los Lagos,349,9,,,2,0,0,0
2020-04-10,11,Aysén,7,0,,,0,0,0,0
2020-04-10,12,Magallanes,331,45,,,3,0,0,0
2020-04-11,15,Arica y Parinacota,107,20,,,0,0,0,0
2020-04-11,1,Tarapacá,38,3,,,0,0,0,0
2020-04-11,2,Antofagasta,117,7,,,1,0,0,0
2020-04-11,3,Atacama,13,0,,,0,0,0,0
2020-04-11,4,Coquimbo,64,3,,,0,0,0,0
2020-04-11,5,Valparaíso,248,7,,,2,0,0,0
2020-04-11,13,Metropolitana,3448,255,,,32,3,0,0
2020-04-11,6,O’Higgins,45,1,,,0,0,0,0
2020-04-11,7,Maule,134,3,,,3,1,0,0
2020-04-11,16,Ñuble,606,17,,,6,0,0,0
2020-04-11,8,Biobío,490,16,,,2,0,0,0
2020-04-11,9,Araucanía,739,27,,,17,1,0,0
2020-04-11,14,Los Ríos,130,6,,,2,0,0,0
2020-04-11,10,Los Lagos,364,15,,,5,3,0,0
2020-04-11,11,Aysén,7,0,,,0,0,0,0
2020-04-11,12,Magallanes,377,46,,,3,0,0,0
2020-03-10,15,Arica y Parinacota,0,0,,,0,0,0,0
2020-03-10,1,Tarapacá,0,0,,,0,0,0,0
2020-03-10,2,Antofagasta,0,0,,,0,0,0,0
2020-03-10,3,Atacama,0,0,,,0,0,0,0
2020-03-10,4,Coquimbo,0,0,,,0,0,0,0
2020-03-10,5,Valparaíso,0,0,,,0,0,0,0
2020-03-10,13,Metropolitana,10,3,,,0,0,0,0
2020-03-10,6,O’Higgins,0,0,,,0,0,0,0
2020-03-10,7,Maule,5,1,,,0,0,0,0
2020-03-10,16,Ñuble,0,0,,,0,0,0,0
2020-03-10,8,Biobío,1,0,,,0,0,0,0
2020-03-10,9,Araucanía,0,0,,,0,0,0,0
2020-03-10,14,Los Ríos,0,0,,,0,0,0,0
2020-03-10,10,Los Lagos,1,0,,,0,0,0,0
2020-03-10,11,Aysén,0,0,,,0,0,0,0
2020-03-10,12,Magallanes,0,0,,,0,0,0,0
2020-03-14,15,Arica y Parinacota,0,0,,,0,0,0,0
2020-03-14,1,Tarapacá,0,0,,,0,0,0,0
2020-03-14,2,Antofagasta,2,2,,,0,0,0,0
2020-03-14,3,Atacama,1,1,,,0,0,0,0
2020-03-14,4,Coquimbo,0,0,,,0,0,0,0
2020-03-14,5,Valparaíso,0,0,,,0,0,0,0
2020-03-14,13,Metropolitana,40,11,,,0,0,0,0
2020-03-14,6,O’Higgins,0,0,,,0,0,0,0
2020-03-14,7,Maule,9,1,,,0,0,0,0
2020-03-14,16,Ñuble,4,2,,,0,0,0,0
2020-03-14,8,Biobío,3,0,,,0,0,0,0
2020-03-14,9,Araucanía,0,0,,,0,0,0,0
2020-03-14,14,Los Ríos,0,0,,,0,0,0,0
2020-03-14,10,Los Lagos,1,0,,,0,0,0,0
2020-03-14,11,Aysén,1,1,,,0,0,0,0
2020-03-14,12,Magallanes,0,0,,,0,0,0,0
2020-05-12,15,Arica y Parinacota,351,0,0.0,0.0,7,0,0,0
2020-05-12,1,Tarapacá,578,31,23.0,8.0,1,0,0,0
2020-05-12,2,Antofagasta,1109,95,89.0,6.0,10,0,0,0
2020-05-12,3,Atacama,134,1,1.0,0.0,0,0,0,0
2020-05-12,4,Coquimbo,148,8,4.0,4.0,1,0,0,0
2020-05-12,5,Valparaíso,1029,59,54.0,5.0,23,2,0,0
2020-05-12,13,Metropolitana,22709,1392,1260.0,132.0,178,6,0,0
2020-05-12,6,O’Higgins,224,8,7.0,1.0,4,0,0,0
2020-05-12,7,Maule,466,12,8.0,4.0,14,0,0,0
2020-05-12,16,Ñuble,826,12,12.0,0.0,19,1,0,0
2020-05-12,8,Biobío,942,10,0.0,10.0,9,1,0,0
2020-05-12,9,Araucanía,1482,16,14.0,2.0,39,1,0,0
2020-05-12,14,Los Ríos,211,3,3.0,0.0,5,0,0,0
2020-05-12,10,Los Lagos,594,2,2.0,0.0,11,1,0,0
2020-05-12,11,Aysén,8,0,0.0,0.0,0,0,0,0
2020-05-12,12,Magallanes,910,9,2.0,7.0,14,0,0,0
2020-04-28,15,Arica y Parinacota,268,3,,,3,0,0,0
2020-04-28,1,Tarapacá,169,5,,,1,0,0,0
2020-04-28,2,Antofagasta,481,24,,,4,0,0,0
2020-04-28,3,Atacama,35,0,,,0,0,0,0
2020-04-28,4,Coquimbo,74,0,,,0,0,0,0
2020-04-28,5,Valparaíso,493,8,,,10,1,0,0
2020-04-28,13,Metropolitana,8300,442,,,100,5,0,0
2020-04-28,6,O’Higgins,97,3,,,1,0,0,0
2020-04-28,7,Maule,384,21,,,12,0,0,0
2020-04-28,16,Ñuble,747,6,,,14,0,0,0
2020-04-28,8,Biobío,709,3,,,7,1,0,0
2020-04-28,9,Araucanía,1251,15,,,32,0,0,0
2020-04-28,14,Los Ríos,180,0,,,4,1,0,0
2020-04-28,10,Los Lagos,477,0,,,9,1,0,0
2020-04-28,11,Aysén,7,0,,,0,0,0,0
2020-04-28,12,Magallanes,693,22,,,10,0,0,0
2020-04-07,15,Arica y Parinacota,53,12,,,0,0,0,0
2020-04-07,1,Tarapacá,23,2,,,0,0,0,0
2020-04-07,2,Antofagasta,69,1,,,1,1,0,0
2020-04-07,3,Atacama,6,1,,,0,0,0,0
2020-04-07,4,Coquimbo,52,1,,,0,0,0,0
2020-04-07,5,Valparaíso,214,16,,,1,0,0,0
2020-04-07,13,Metropolitana,2350,106,,,12,2,0,0
2020-04-07,6,O’Higgins,42,0,,,0,0,0,0
2020-04-07,7,Maule,108,0,,,2,1,0,0
2020-04-07,16,Ñuble,522,48,,,5,1,0,0
2020-04-07,8,Biobío,410,27,,,2,0,0,0
2020-04-07,9,Araucanía,612,50,,,14,0,0,0
2020-04-07,14,Los Ríos,109,5,,,2,1,0,0
2020-04-07,10,Los Lagos,299,13,,,2,0,0,0
2020-04-07,11,Aysén,7,0,,,0,0,0,0
2020-04-07,12,Magallanes,240,19,,,2,0,0,0
2020-03-20,15,Arica y Parinacota,1,0,,,0,0,0,0
2020-03-20,1,Tarapacá,0,0,,,0,0,0,0
2020-03-20,2,Antofagasta,6,4,,,0,0,0,0
2020-03-20,3,Atacama,1,0,,,0,0,0,0
2020-03-20,4,Coquimbo,3,1,,,0,0,0,0
2020-03-20,5,Valparaíso,5,1,,,0,0,0,0
2020-03-20,13,Metropolitana,304,57,,,0,0,0,0
2020-03-20,6,O’Higgins,6,4,,,0,0,0,0
2020-03-20,7,Maule,14,0,,,0,0,0,0
2020-03-20,16,Ñuble,44,16,,,0,0,0,0
2020-03-20,8,Biobío,19,5,,,0,0,0,0
2020-03-20,9,Araucanía,9,2,,,0,0,0,0
2020-03-20,14,Los Ríos,1,0,,,0,0,0,0
2020-03-20,10,Los Lagos,18,2,,,0,0,0,0
2020-03-20,11,Aysén,1,0,,,0,0,0,0
2020-03-20,12,Magallanes,2,0,,,0,0,0,0
2020-05-06,15,Arica y Parinacota,318,3,3.0,0.0,5,1,0,0
2020-05-06,1,Tarapacá,339,17,13.0,4.0,1,0,0,0
2020-05-06,2,Antofagasta,855,44,28.0,16.0,7,0,0,0
2020-05-06,3,Atacama,80,2,0.0,2.0,0,0,0,0
2020-05-06,4,Coquimbo,97,0,0.0,0.0,0,0,0,0
2020-05-06,5,Valparaíso,716,29,24.0,5.0,16,1,0,0
2020-05-06,13,Metropolitana,15582,875,784.0,91.0,150,4,0,0
2020-05-06,6,O’Higgins,145,9,8.0,1.0,3,0,0,0
2020-05-06,7,Maule,408,0,0.0,0.0,13,0,0,0
2020-05-06,16,Ñuble,791,2,1.0,1.0,17,0,0,0
2020-05-06,8,Biobío,789,15,12.0,3.0,8,0,0,0
2020-05-06,9,Araucanía,1362,10,0.0,10.0,36,0,0,0
2020-05-06,14,Los Ríos,200,1,1.0,0.0,4,0,0,0
2020-05-06,10,Los Lagos,541,16,11.0,5.0,10,0,0,0
2020-05-06,11,Aysén,7,0,0.0,0.0,0,0,0,0
2020-05-06,12,Magallanes,818,9,8.0,1.0,11,0,0,0
2020-04-25,15,Arica y Parinacota,245,6,,,3,0,0,0
2020-04-25,1,Tarapacá,143,9,,,1,1,0,0
2020-04-25,2,Antofagasta,391,25,,,3,1,0,0
2020-04-25,3,Atacama,24,3,,,0,0,0,0
2020-04-25,4,Coquimbo,73,1,,,0,0,0,0
2020-04-25,5,Valparaíso,454,18,,,9,1,0,0
2020-04-25,13,Metropolitana,7165,404,,,89,3,0,0
2020-04-25,6,O’Higgins,85,4,,,1,0,0,0
2020-04-25,7,Maule,350,1,,,10,0,0,0
2020-04-25,16,Ñuble,725,10,,,14,0,0,0
2020-04-25,8,Biobío,696,13,,,5,0,0,0
2020-04-25,9,Araucanía,1203,19,,,27,1,0,0
2020-04-25,14,Los Ríos,177,3,,,3,0,0,0
2020-04-25,10,Los Lagos,465,5,,,8,0,0,0
2020-04-25,11,Aysén,7,0,,,0,0,0,0
2020-04-25,12,Magallanes,655,31,,,8,0,0,0
2020-05-17,15,Arica y Parinacota,378,1,1.0,0.0,7,0,0,0
2020-05-17,1,Tarapacá,975,130,108.0,22.0,4,2,0,0
2020-05-17,2,Antofagasta,1505,76,60.0,16.0,13,1,0,0
2020-05-17,3,Atacama,149,3,2.0,1.0,0,0,0,0
2020-05-17,4,Coquimbo,194,7,1.0,6.0,2,0,0,0
2020-05-17,5,Valparaíso,1474,109,85.0,24.0,29,1,0,0
2020-05-17,13,Metropolitana,32684,1890,1671.0,219.0,270,24,0,0
2020-05-17,6,O’Higgins,366,37,22.0,15.0,5,0,0,0
2020-05-17,7,Maule,573,22,17.0,5.0,14,0,0,0
2020-05-17,16,Ñuble,942,21,14.0,7.0,20,0,0,0
2020-05-17,8,Biobío,1099,25,19.0,6.0,9,0,0,0
2020-05-17,9,Araucanía,1606,19,13.0,6.0,44,1,0,0
2020-05-17,14,Los Ríos,220,1,1.0,0.0,6,0,0,0
2020-05-17,10,Los Lagos,647,3,2.0,1.0,11,0,0,0
2020-05-17,11,Aysén,8,0,0.0,0.0,0,0,0,0
2020-05-17,12,Magallanes,961,9,8.0,1.0,16,0,0,0
2020-03-25,15,Arica y Parinacota,2,0,,,0,0,0,0
2020-03-25,1,Tarapacá,4,0,,,0,0,0,0
2020-03-25,2,Antofagasta,19,6,,,0,0,0,0
2020-03-25,3,Atacama,1,0,,,0,0,0,0
2020-03-25,4,Coquimbo,12,1,,,0,0,0,0
2020-03-25,5,Valparaíso,32,7,,,0,0,0,0
2020-03-25,13,Metropolitana,682,142,,,2,2,0,0
2020-03-25,6,O’Higgins,11,2,,,0,0,0,0
2020-03-25,7,Maule,30,1,,,0,0,0,0
2020-03-25,16,Ñuble,111,6,,,0,0,0,0
2020-03-25,8,Biobío,95,22,,,1,1,0,0
2020-03-25,9,Araucanía,74,15,,,0,0,0,0
2020-03-25,14,Los Ríos,11,5,,,0,0,0,0
2020-03-25,10,Los Lagos,44,8,,,0,0,0,0
2020-03-25,11,Aysén,1,0,,,0,0,0,0
2020-03-25,12,Magallanes,13,5,,,0,0,0,0
2020-05-14,15,Arica y Parinacota,363,4,4.0,0.0,7,0,0,0
2020-05-14,1,Tarapacá,682,67,51.0,16.0,1,0,0,0
2020-05-14,2,Antofagasta,1277,61,48.0,13.0,11,0,0,0
2020-05-14,3,Atacama,140,1,0.0,1.0,0,0,0,0
2020-05-14,4,Coquimbo,165,12,3.0,9.0,1,0,0,0
2020-05-14,5,Valparaíso,1213,90,69.0,21.0,25,1,0,0
2020-05-14,13,Metropolitana,27216,2251,1994.0,257.0,202,18,0,0
2020-05-14,6,O’Higgins,295,47,33.0,14.0,4,0,0,0
2020-05-14,7,Maule,519,34,24.0,10.0,14,0,0,0
2020-05-14,16,Ñuble,849,10,10.0,0.0,20,1,0,0
2020-05-14,8,Biobío,995,20,14.0,6.0,9,0,0,0
2020-05-14,9,Araucanía,1536,41,36.0,5.0,41,2,0,0
2020-05-14,14,Los Ríos,214,2,2.0,0.0,6,0,0,0
2020-05-14,10,Los Lagos,633,5,0.0,5.0,11,0,0,0
2020-05-14,11,Aysén,8,0,0.0,0.0,0,0,0,0
2020-05-14,12,Magallanes,935,14,13.0,1.0,16,0,0,0
2020-03-03,15,Arica y Parinacota,0,0,,,0,0,0,0
2020-03-03,1,Tarapacá,0,0,,,0,0,0,0
2020-03-03,2,Antofagasta,0,0,,,0,0,0,0
2020-03-03,3,Atacama,0,0,,,0,0,0,0
2020-03-03,4,Coquimbo,0,0,,,0,0,0,0
2020-03-03,5,Valparaíso,0,0,,,0,0,0,0
2020-03-03,13,Metropolitana,0,0,,,0,0,0,0
2020-03-03,6,O’Higgins,0,0,,,0,0,0,0
2020-03-03,7,Maule,1,1,,,0,0,0,0
2020-03-03,16,Ñuble,0,0,,,0,0,0,0
2020-03-03,8,Biobío,0,0,,,0,0,0,0
2020-03-03,9,Araucanía,0,0,,,0,0,0,0
2020-03-03,14,Los Ríos,0,0,,,0,0,0,0
2020-03-03,10,Los Lagos,0,0,,,0,0,0,0
2020-03-03,11,Aysén,0,0,,,0,0,0,0
2020-03-03,12,Magallanes,0,0,,,0,0,0,0
2020-03-07,15,Arica y Parinacota,0,0,,,0,0,0,0
2020-03-07,1,Tarapacá,0,0,,,0,0,0,0
2020-03-07,2,Antofagasta,0,0,,,0,0,0,0
2020-03-07,3,Atacama,0,0,,,0,0,0,0
2020-03-07,4,Coquimbo,0,0,,,0,0,0,0
2020-03-07,5,Valparaíso,0,0,,,0,0,0,0
2020-03-07,13,Metropolitana,4,1,,,0,0,0,0
2020-03-07,6,O’Higgins,0,0,,,0,0,0,0
2020-03-07,7,Maule,2,0,,,0,0,0,0
2020-03-07,16,Ñuble,0,0,,,0,0,0,0
2020-03-07,8,Biobío,0,0,,,0,0,0,0
2020-03-07,9,Araucanía,0,0,,,0,0,0,0
2020-03-07,14,Los Ríos,0,0,,,0,0,0,0
2020-03-07,10,Los Lagos,1,1,,,0,0,0,0
2020-03-07,11,Aysén,0,0,,,0,0,0,0
2020-03-07,12,Magallanes,0,0,,,0,0,0,0
2020-03-02,15,Arica y Parinacota,0,0,,,0,0,0,0
2020-03-02,1,Tarapacá,0,0,,,0,0,0,0
2020-03-02,2,Antofagasta,0,0,,,0,0,0,0
2020-03-02,3,Atacama,0,0,,,0,0,0,0
2020-03-02,4,Coquimbo,0,0,,,0,0,0,0
2020-03-02,5,Valparaíso,0,0,,,0,0,0,0
2020-03-02,13,Metropolitana,0,0,,,0,0,0,0
2020-03-02,6,O’Higgins,0,0,,,0,0,0,0
2020-03-02,7,Maule,0,0,,,0,0,0,0
2020-03-02,16,Ñuble,0,0,,,0,0,0,0
2020-03-02,8,Biobío,0,0,,,0,0,0,0
2020-03-02,9,Araucanía,0,0,,,0,0,0,0
2020-03-02,14,Los Ríos,0,0,,,0,0,0,0
2020-03-02,10,Los Lagos,0,0,,,0,0,0,0
2020-03-02,11,Aysén,0,0,,,0,0,0,0
2020-03-02,12,Magallanes,0,0,,,0,0,0,0
2020-03-30,15,Arica y Parinacota,6,2,,,0,0,0,0
2020-03-30,1,Tarapacá,8,2,,,0,0,0,0
2020-03-30,2,Antofagasta,35,8,,,0,0,0,0
2020-03-30,3,Atacama,2,0,,,0,0,0,0
2020-03-30,4,Coquimbo,27,9,,,0,0,0,0
2020-03-30,5,Valparaíso,108,28,,,0,0,0,0
2020-03-30,13,Metropolitana,1295,128,,,3,0,0,0
2020-03-30,6,O’Higgins,21,0,,,0,0,0,0
2020-03-30,7,Maule,54,12,,,1,1,0,0
2020-03-30,16,Ñuble,229,32,,,0,0,0,0
2020-03-30,8,Biobío,201,16,,,2,0,0,0
2020-03-30,9,Araucanía,247,42,,,2,0,0,0
2020-03-30,14,Los Ríos,47,7,,,0,0,0,0
2020-03-30,10,Los Lagos,128,24,,,0,0,0,0
2020-03-30,11,Aysén,2,0,,,0,0,0,0
2020-03-30,12,Magallanes,39,0,,,0,0,0,0
2020-03-29,15,Arica y Parinacota,4,1,,,0,0,0,0
2020-03-29,1,Tarapacá,6,1,,,0,0,0,0
2020-03-29,2,Antofagasta,27,2,,,0,0,0,0
2020-03-29,3,Atacama,2,1,,,0,0,0,0
2020-03-29,4,Coquimbo,18,3,,,0,0,0,0
2020-03-29,5,Valparaíso,80,9,,,0,0,0,0
2020-03-29,13,Metropolitana,1167,83,,,3,0,0,0
2020-03-29,6,O’Higgins,21,1,,,0,0,0,0
2020-03-29,7,Maule,42,5,,,0,0,0,0
2020-03-29,16,Ñuble,197,25,,,0,0,0,0
2020-03-29,8,Biobío,185,34,,,2,0,0,0
2020-03-29,9,Araucanía,205,28,,,2,1,0,0
2020-03-29,14,Los Ríos,40,13,,,0,0,0,0
2020-03-29,10,Los Lagos,104,11,,,0,0,0,0
2020-03-29,11,Aysén,2,0,,,0,0,0,0
2020-03-29,12,Magallanes,39,13,,,0,0,0,0
2020-04-14,15,Arica y Parinacota,120,5,,,1,0,0,0
2020-04-14,1,Tarapacá,62,10,,,0,0,0,0
2020-04-14,2,Antofagasta,155,6,,,1,0,0,0
2020-04-14,3,Atacama,13,0,,,0,0,0,0
2020-04-14,4,Coquimbo,66,0,,,0,0,0,0
2020-04-14,5,Valparaíso,285,12,,,2,0,0,0
2020-04-14,13,Metropolitana,4086,283,,,40,4,0,0
2020-04-14,6,O’Higgins,53,5,,,0,0,0,0
2020-04-14,7,Maule,142,1,,,4,1,0,0
2020-04-14,16,Ñuble,622,4,,,8,1,0,0
2020-04-14,8,Biobío,528,16,,,2,0,0,0
2020-04-14,9,Araucanía,816,21,,,20,3,0,0
2020-04-14,14,Los Ríos,148,10,,,3,0,0,0
2020-04-14,10,Los Lagos,385,5,,,5,0,0,0
2020-04-14,11,Aysén,7,0,,,0,0,0,0
2020-04-14,12,Magallanes,429,14,,,6,1,0,0
2020-03-19,15,Arica y Parinacota,1,1,,,0,0,0,0
2020-03-19,1,Tarapacá,0,0,,,0,0,0,0
2020-03-19,2,Antofagasta,2,0,,,0,0,0,0
2020-03-19,3,Atacama,1,0,,,0,0,0,0
2020-03-19,4,Coquimbo,2,2,,,0,0,0,0
2020-03-19,5,Valparaíso,4,3,,,0,0,0,0
2020-03-19,13,Metropolitana,247,73,,,0,0,0,0
2020-03-19,6,O’Higgins,2,2,,,0,0,0,0
2020-03-19,7,Maule,14,3,,,0,0,0,0
2020-03-19,16,Ñuble,28,2,,,0,0,0,0
2020-03-19,8,Biobío,14,7,,,0,0,0,0
2020-03-19,9,Araucanía,7,3,,,0,0,0,0
2020-03-19,14,Los Ríos,1,0,,,0,0,0,0
2020-03-19,10,Los Lagos,16,8,,,0,0,0,0
2020-03-19,11,Aysén,1,0,,,0,0,0,0
2020-03-19,12,Magallanes,2,0,,,0,0,0,0
