id_region,nombre_region,id_comuna,nombre_comuna,2020-04-01,2020-04-03,2020-04-06,2020-04-08,2020-04-10,2020-04-13,2020-04-15,2020-04-17,2020-04-20,2020-04-24,2020-04-27,2020-05-01,2020-05-04,2020-05-08,2020-05-11,2020-05-15,2020-05-18,2020-05-22,2020-05-25,2020-05-29,2020-06-01,2020-06-05
1,Tarapaca,1101,Iquique,1.7900055042669256,0.4475013760667314,1.3425041282001942,1.3425041282001942,0.8950027521334628,3.5800110085338512,0.0,2.2375068803336573,2.2375068803336573,9.84503027346809,7.607523393134434,6.712520641000971,14.320044034135405,58.62268026474182,24.61257568367023,59.07018164080855,76.07523393134434,90.39527796547974,62.20269127327567,119.48286740981729,102.47781511928149,113.21784814488304
1,Tarapaca,1107,Alto Hospicio,0.7692366864360495,1.538473372872099,1.538473372872099,0.7692366864360495,3.076946745744198,3.076946745744198,0.7692366864360495,0.7692366864360495,8.461603550796545,9.230840237232593,12.307786982976792,16.92320710159309,39.23107100823852,25.384810652389636,20.769390533773336,67.69282840637236,79.2313787029131,96.1545858045062,66.9235917199363,117.69321302471559,134.61642012630867,110.00084616035507
1,Tarapaca,1401,Pozo Almonte,0.0,0.0,11.497556769186549,0.0,0.0,0.0,0.0,0.0,0.0,0.0,0.0,0.0,5.748778384593274,5.748778384593274,5.748778384593274,11.497556769186549,17.24633515377982,57.48778384593274,45.990227076746194,109.2267893072722,126.47312446105202,126.47312446105202
1,Tarapaca,1402,Camiña,0.0,0.0,0.0,0.0,0.0,0.0,0.0,0.0,0.0,0.0,0.0,0.0,0.0,0.0,0.0,0.0,0.0,0.0,0.0,145.45454545454544,145.45454545454544,290.9090909090909
1,Tarapaca,1403,Colchane,0.0,0.0,0.0,0.0,0.0,0.0,0.0,0.0,0.0,0.0,0.0,0.0,0.0,0.0,0.0,0.0,0.0,0.0,0.0,63.17119393556538,0.0,189.51358180669615
1,Tarapaca,1404,Huara,0.0,0.0,0.0,0.0,0.0,0.0,0.0,0.0,0.0,0.0,0.0,0.0,100.0,100.0,100.0,133.33333333333334,66.66666666666667,100.0,33.333333333333336,366.6666666666667,33.333333333333336,66.66666666666667
1,Tarapaca,1405,Pica,0.0,0.0,16.784155756965426,16.784155756965426,50.35246727089628,83.92077878482712,151.05740181268882,83.92077878482712,67.1366230278617,50.35246727089628,0.0,0.0,0.0,67.1366230278617,33.56831151393085,0.0,33.56831151393085,-33.56831151393085,33.56831151393085,100.70493454179255,100.70493454179255,100.70493454179255
2,Antofagasta,2101,Antofagasta,0.7046802513359564,2.8187210053438254,2.348934171119854,1.4093605026719127,5.16765517646368,5.637442010687651,3.758294673791767,5.402548593575665,9.160843267367433,18.08679311762288,9.865523518703387,17.617006283398908,23.72423512831053,28.656996887662224,13.38892477538317,43.45528216571731,36.40847965235774,33.35486522990193,24.1940219625345,35.70379940102179,36.40847965235774,37.582946737917666
2,Antofagasta,2102,Mejillones,0.0,0.0,6.7677314564158095,6.7677314564158095,27.070925825663238,40.60638873849486,13.535462912831619,33.83865728207905,54.141851651326476,108.28370330265295,148.8900920411478,81.21277747698971,331.61884136437465,54.141851651326476,108.28370330265295,162.42555495397943,115.05143475906875,236.87060097455333,6.7677314564158095,115.05143475906875,121.81916621548457,74.4450460205739
2,Antofagasta,2103,Sierra Gorda,0.0,0.0,0.0,0.0,0.0,0.0,0.0,0.0,0.0,0.0,0.0,0.0,0.0,114.5475372279496,0.0,286.368843069874,114.5475372279496,114.5475372279496,114.5475372279496,0.0,57.2737686139748,114.5475372279496
2,Antofagasta,2104,Taltal,0.0,0.0,0.0,7.322252324815113,14.644504649630226,0.0,29.289009299260453,0.0,0.0,0.0,0.0,0.0,7.322252324815113,0.0,7.322252324815113,51.25576627370579,7.322252324815113,43.93351394889068,14.644504649630226,7.322252324815113,51.25576627370579,29.289009299260453
2,Antofagasta,2201,Calama,0.0,1.050773369199731,1.050773369199731,0.5253866845998655,2.6269334229993277,3.6777067921990585,0.5253866845998655,0.0,2.101546738399462,5.2538668459986555,9.982347007397443,8.931573638197714,6.830026899798252,9.45696032279758,6.304640215198386,28.370880968392736,23.642400806993948,21.540854068594484,25.218560860793545,59.3686953597848,37.30245460659045,73.55413584398117
2,Antofagasta,2202,Ollagüe,0.0,0.0,0.0,0.0,0.0,0.0,0.0,0.0,0.0,0.0,0.0,0.0,0.0,0.0,0.0,0.0,0.0,0.0,0.0,0.0,0.0,0.0
2,Antofagasta,2203,San Pedro de Atacama,9.584052137243626,9.584052137243626,9.584052137243626,0.0,0.0,0.0,0.0,0.0,0.0,0.0,0.0,0.0,0.0,0.0,0.0,0.0,0.0,9.584052137243626,0.0,28.75215641173088,0.0,9.584052137243626
2,Antofagasta,2301,Tocopilla,0.0,0.0,0.0,0.0,0.0,3.561380391039567,10.6841411731187,17.806901955197837,0.0,0.0,0.0,3.561380391039567,3.561380391039567,3.561380391039567,3.561380391039567,14.245521564158269,17.806901955197837,3.561380391039567,10.6841411731187,7.122760782079134,7.122760782079134,10.6841411731187
2,Antofagasta,2302,María Elena,0.0,0.0,0.0,0.0,0.0,14.6756677428823,14.6756677428823,29.3513354857646,29.3513354857646,14.6756677428823,88.05400645729381,249.48635162899913,73.37833871441151,176.10801291458762,29.3513354857646,513.6483710008805,410.9186968007044,293.51335485764605,220.13501614323454,102.7296742001761,44.027003228646905,44.027003228646905
3,Atacama,3101,Copiapó,0.5821873944785347,1.1643747889570695,0.0,0.5821873944785347,1.7465621834356044,0.0,0.0,0.0,0.0,0.0,0.0,6.404061339263882,8.732810917178021,8.150623522699487,11.06156049509216,2.328749577914139,6.404061339263882,8.150623522699487,2.328749577914139,8.732810917178021,11.643747889570696,14.554684861963368
3,Atacama,3102,Caldera,0.0,0.0,0.0,0.0,0.0,0.0,0.0,0.0,0.0,0.0,0.0,0.0,5.147740142077628,0.0,10.295480284155255,5.147740142077628,5.147740142077628,0.0,0.0,5.147740142077628,5.147740142077628,10.295480284155255
3,Atacama,3103,Tierra Amarilla,0.0,0.0,0.0,13.97428731134712,13.97428731134712,0.0,0.0,0.0,0.0,6.98714365567356,6.98714365567356,6.98714365567356,13.97428731134712,0.0,69.8714365567356,20.961430967020682,6.98714365567356,0.0,0.0,6.98714365567356,0.0,6.98714365567356
3,Atacama,3201,Chañaral,0.0,0.0,0.0,0.0,0.0,0.0,0.0,0.0,0.0,0.0,0.0,0.0,0.0,0.0,0.0,0.0,0.0,0.0,0.0,7.596475235490732,0.0,0.0
3,Atacama,3202,Diego de Almagro,0.0,0.0,0.0,0.0,0.0,0.0,0.0,0.0,0.0,0.0,0.0,0.0,6.964758322886196,0.0,6.964758322886196,0.0,0.0,13.929516645772392,20.89427496865859,27.859033291544783,0.0,6.964758322886196
3,Atacama,3301,Vallenar,0.0,0.0,0.0,0.0,0.0,0.0,0.0,0.0,0.0,12.278763002332964,10.524654001999684,7.016436001333123,12.278763002332964,7.016436001333123,22.803417004332648,1.7541090003332807,1.7541090003332807,5.262327000999842,3.5082180006665613,3.5082180006665613,10.524654001999684,15.786981002999527
3,Atacama,3302,Alto del Carmen,0.0,0.0,0.0,0.0,0.0,0.0,0.0,0.0,0.0,0.0,0.0,0.0,0.0,0.0,0.0,0.0,0.0,0.0,0.0,0.0,0.0,17.455053237912377
3,Atacama,3303,Freirina,0.0,0.0,0.0,0.0,0.0,0.0,0.0,0.0,0.0,0.0,13.019138133055591,0.0,0.0,0.0,0.0,0.0,0.0,0.0,0.0,0.0,0.0,0.0
3,Atacama,3304,Huasco,0.0,0.0,0.0,0.0,0.0,0.0,0.0,0.0,8.87784090909091,-8.87784090909091,0.0,0.0,8.87784090909091,0.0,0.0,0.0,0.0,0.0,0.0,0.0,0.0,8.87784090909091
4,Coquimbo,4101,La Serena,0.40055115839395006,2.0027557919697507,1.6022046335758002,0.0,0.0,0.0,0.0,0.0,1.6022046335758002,0.8011023167879001,0.40055115839395006,0.40055115839395006,2.8038581087576504,2.4033069503637003,2.8038581087576504,6.8093696926971505,2.4033069503637003,10.414330118242702,11.215432435030602,11.215432435030602,16.42259749415195,7.6104720094850515
4,Coquimbo,4102,Coquimbo,0.7790133795547939,0.0,0.0,0.0,0.7790133795547939,0.0,-0.7790133795547939,0.38950668977739694,1.1685200693321909,0.38950668977739694,0.7790133795547939,1.1685200693321909,0.7790133795547939,1.5580267591095878,1.1685200693321909,4.284573587551367,2.7265468284417786,4.284573587551367,2.7265468284417786,45.961789393732836,3.8950668977739693,30.771028492414356
4,Coquimbo,4103,Andacollo,0.0,0.0,0.0,0.0,0.0,0.0,0.0,0.0,0.0,0.0,0.0,0.0,16.962089729454668,8.481044864727334,0.0,0.0,0.0,8.481044864727334,0.0,76.32940378254601,0.0,33.924179458909336
4,Coquimbo,4104,La Higuera,0.0,0.0,0.0,0.0,0.0,0.0,0.0,0.0,0.0,0.0,0.0,0.0,0.0,0.0,0.0,0.0,0.0,0.0,0.0,0.0,22.471910112359552,22.471910112359552
4,Coquimbo,4105,Paiguano,,,0.0,0.0,0.0,0.0,0.0,0.0,0.0,0.0,0.0,0.0,0.0,0.0,0.0,0.0,0.0,0.0,0.0,0.0,42.780748663101605,21.390374331550802
4,Coquimbo,4106,Vicuña,0.0,0.0,0.0,0.0,0.0,0.0,0.0,0.0,0.0,0.0,0.0,0.0,3.3623617228741467,0.0,3.3623617228741467,10.08708516862244,6.724723445748293,10.08708516862244,6.724723445748293,6.724723445748293,0.0,10.08708516862244
4,Coquimbo,4201,Illapel,0.0,0.0,21.34081278009817,15.243437700070121,3.048687540014024,12.194750160056095,6.097375080028048,0.0,-3.048687540014024,0.0,0.0,0.0,3.048687540014024,0.0,0.0,0.0,0.0,0.0,0.0,6.097375080028048,12.194750160056095,18.292125240084143
4,Coquimbo,4202,Canela,0.0,0.0,0.0,0.0,0.0,0.0,0.0,0.0,0.0,0.0,0.0,0.0,0.0,10.475591870940708,0.0,0.0,0.0,10.475591870940708,0.0,0.0,0.0,10.475591870940708
4,Coquimbo,4203,Los Vilos,0.0,0.0,0.0,0.0,0.0,0.0,0.0,0.0,0.0,0.0,0.0,0.0,0.0,0.0,0.0,0.0,0.0,0.0,0.0,0.0,12.83477368015744,8.556515786771627
4,Coquimbo,4204,Salamanca,0.0,0.0,6.870491240123669,0.0,3.4352456200618344,3.4352456200618344,0.0,3.4352456200618344,0.0,0.0,0.0,0.0,3.4352456200618344,3.4352456200618344,3.4352456200618344,6.870491240123669,-6.870491240123669,3.4352456200618344,3.4352456200618344,6.870491240123669,17.176228100309174,10.305736860185505
4,Coquimbo,4301,Ovalle,0.0,0.0,2.4738391509784035,0.0,0.8246130503261345,0.0,0.0,0.0,0.8246130503261345,0.0,0.0,0.8246130503261345,0.8246130503261345,4.123065251630672,6.596904402609076,9.070743553587478,10.719969654239748,9.070743553587478,9.070743553587478,22.26455235880563,32.98452201304538,28.036843711088572
4,Coquimbo,4302,Combarbalá,0.0,0.0,0.0,0.0,0.0,0.0,0.0,0.0,0.0,0.0,0.0,0.0,0.0,0.0,14.405070584845864,0.0,21.6076058772688,7.202535292422932,7.202535292422932,14.405070584845864,36.01267646211466,0.0
4,Coquimbo,4303,Monte Patria,0.0,0.0,0.0,0.0,0.0,0.0,0.0,0.0,0.0,0.0,0.0,0.0,0.0,0.0,0.0,9.223106957297015,3.0743689857656715,39.96679681495373,9.223106957297015,27.669320871891042,43.041165800719405,36.89242782918806
4,Coquimbo,4304,Punitaqui,0.0,0.0,0.0,0.0,0.0,0.0,0.0,0.0,0.0,8.220304151253597,0.0,8.220304151253597,8.220304151253597,16.440608302507194,24.660912453760787,0.0,0.0,16.440608302507194,8.220304151253597,16.440608302507194,8.220304151253597,24.660912453760787
4,Coquimbo,4305,Río Hurtado,0.0,0.0,0.0,0.0,0.0,0.0,0.0,0.0,0.0,0.0,0.0,0.0,0.0,0.0,0.0,22.872827081427264,0.0,0.0,0.0,0.0,68.6184812442818,45.74565416285453
5,Valparaiso,5101,Valparaíso,3.1672431049117606,-0.9501729314735282,0.9501729314735282,3.1672431049117606,0.9501729314735282,1.5836215524558803,0.31672431049117605,1.9003458629470564,2.5337944839294084,2.5337944839294084,0.31672431049117605,8.551556383261754,4.434140346876465,19.003458629470565,6.651210520314698,20.587080181926446,14.252593972102922,17.10311276652351,18.37001000848821,22.170701734382323,35.15639846452054,54.47658140448229
5,Valparaiso,5102,Casablanca,0.0,3.428179636612959,3.428179636612959,-3.428179636612959,0.0,3.428179636612959,0.0,0.0,0.0,0.0,0.0,0.0,0.0,3.428179636612959,0.0,30.853616729516627,0.0,27.42543709290367,0.0,6.856359273225918,10.284538909838876,30.853616729516627
5,Valparaiso,5103,Concón,0.0,13.075028874022097,0.0,-8.71668591601473,0.0,6.5375144370110485,2.1791714790036827,0.0,0.0,13.075028874022097,2.1791714790036827,10.895857395018414,2.1791714790036827,6.5375144370110485,4.358342958007365,8.71668591601473,17.43337183202946,13.075028874022097,2.1791714790036827,10.895857395018414,37.04591514306261,13.075028874022097
5,Valparaiso,5104,Juan Fernández,0.0,0.0,0.0,0.0,0.0,0.0,0.0,0.0,0.0,0.0,0.0,0.0,0.0,0.0,0.0,0.0,0.0,0.0,0.0,0.0,0.0,0.0
5,Valparaiso,5105,Puchuncaví,0.0,0.0,0.0,0.0,0.0,0.0,0.0,0.0,0.0,0.0,0.0,0.0,0.0,0.0,0.0,0.0,0.0,19.929251158387725,4.982312789596931,9.964625579193862,39.85850231677545,14.946938368790791
5,Valparaiso,5107,Quintero,0.0,-2.7674000276740003,0.0,2.7674000276740003,2.7674000276740003,2.7674000276740003,-2.7674000276740003,0.0,0.0,5.534800055348001,8.302200083022,2.7674000276740003,0.0,11.069600110696001,5.534800055348001,19.371800193718002,16.604400166044,11.069600110696001,22.139200221392002,41.511000415110004,63.650200636502014,49.813200498132005
5,Valparaiso,5109,Viña del Mar,2.4905152876130074,2.4905152876130074,1.660343525075338,3.597410970996566,0.830171762537669,0.830171762537669,0.830171762537669,2.4905152876130074,2.767239208458897,2.4905152876130074,1.660343525075338,3.8741348918424556,3.320687050150676,9.13188938791436,8.85516546706847,20.754294063441726,14.389643883986263,22.414637588517063,18.8172266175205,31.269803055585534,37.357729314195105,37.91117715588689
5,Valparaiso,5201,Isla de Pascua,48.32668841367646,0.0,0.0,0.0,12.081672103419114,0.0,0.0,-12.081672103419114,0.0,0.0,0.0,0.0,0.0,0.0,0.0,0.0,0.0,0.0,0.0,0.0,0.0,0.0
5,Valparaiso,5301,Los Andes,1.4685797365367952,-1.4685797365367952,0.0,5.874318946147181,0.0,0.0,1.4685797365367952,2.9371594730735904,0.0,-4.405739209610386,1.4685797365367952,2.9371594730735904,0.0,8.811478419220771,14.685797365367954,4.405739209610386,10.280058155757567,54.337450251861426,29.371594730735907,52.86887051532462,26.43443525766231,70.49182735376617
5,Valparaiso,5302,Calle Larga,0.0,12.134449702705982,0.0,-6.067224851352991,6.067224851352991,0.0,0.0,12.134449702705982,6.067224851352991,6.067224851352991,0.0,0.0,0.0,24.268899405411965,0.0,12.134449702705982,0.0,48.53779881082393,18.20167455405897,78.87392306758889,48.53779881082393,103.14282247300085
5,Valparaiso,5303,Rinconada,0.0,0.0,0.0,8.878629139660836,8.878629139660836,0.0,0.0,0.0,0.0,0.0,0.0,0.0,0.0,8.878629139660836,0.0,0.0,17.757258279321672,44.39314569830418,71.02903311728669,71.02903311728669,71.02903311728669,124.3008079552517
5,Valparaiso,5304,San Esteban,0.0,0.0,0.0,0.0,0.0,0.0,0.0,0.0,4.844257133168629,0.0,9.688514266337258,0.0,0.0,9.688514266337258,14.532771399505885,4.844257133168629,9.688514266337258,14.532771399505885,14.532771399505885,4.844257133168629,9.688514266337258,43.598314198517656
5,Valparaiso,5401,La Ligua,0.0,0.0,0.0,0.0,0.0,0.0,0.0,0.0,0.0,0.0,0.0,0.0,2.64977874347492,0.0,0.0,0.0,2.64977874347492,10.59911497389968,2.64977874347492,15.898672460849518,0.0,34.44712366517396
5,Valparaiso,5402,Cabildo,0.0,0.0,0.0,0.0,0.0,0.0,0.0,0.0,4.839568310506703,-4.839568310506703,14.518704931520109,4.839568310506703,4.839568310506703,0.0,4.839568310506703,4.839568310506703,9.679136621013406,9.679136621013406,9.679136621013406,24.197841552533514,0.0,29.037409863040217
5,Valparaiso,5403,Papudo,0.0,16.126431220770844,0.0,-16.126431220770844,0.0,0.0,0.0,0.0,0.0,0.0,0.0,0.0,0.0,0.0,0.0,0.0,0.0,64.50572488308337,0.0,48.37929366231253,0.0,112.88501854539591
5,Valparaiso,5404,Petorca,9.471490812653911,0.0,37.885963250615646,-9.471490812653911,9.471490812653911,9.471490812653911,0.0,0.0,0.0,0.0,0.0,0.0,0.0,0.0,9.471490812653911,0.0,0.0,28.414472437961734,9.471490812653911,28.414472437961734,9.471490812653911,56.82894487592347
5,Valparaiso,5405,Zapallar,0.0,0.0,0.0,0.0,0.0,0.0,0.0,0.0,0.0,0.0,0.0,0.0,0.0,0.0,0.0,0.0,0.0,0.0,0.0,37.52814610958219,0.0,0.0
5,Valparaiso,5501,Quillota,1.024884188086746,2.049768376173492,0.0,4.099536752346984,0.0,3.074652564260239,2.049768376173492,1.024884188086746,1.024884188086746,2.049768376173492,0.0,2.049768376173492,2.049768376173492,2.049768376173492,3.074652564260239,8.199073504693969,9.223957692780717,8.199073504693969,3.074652564260239,7.174189316607223,14.348378633214447,27.67187307834215
5,Valparaiso,5502,Calera,,,0.0,3.7319699203224417,0.0,0.0,3.7319699203224417,3.7319699203224417,5.597954880483663,11.195909760967327,0.0,0.0,0.0,0.0,5.597954880483663,5.597954880483663,5.597954880483663,14.927879681289767,5.597954880483663,16.79386464145099,24.257804482095874,33.58772928290198
5,Valparaiso,5503,Hijuelas,0.0,0.0,0.0,0.0,0.0,0.0,0.0,0.0,5.235876223886067,0.0,0.0,0.0,0.0,0.0,0.0,5.235876223886067,5.235876223886067,10.471752447772134,5.235876223886067,36.65113356720247,26.17938111943034,57.59463846274674
5,Valparaiso,5504,La Cruz,3.9492911022471464,7.898582204494293,0.0,-3.9492911022471464,0.0,11.847873306741441,0.0,0.0,7.898582204494293,3.9492911022471464,0.0,3.9492911022471464,3.9492911022471464,15.797164408988586,11.847873306741441,7.898582204494293,11.847873306741441,7.898582204494293,0.0,7.898582204494293,7.898582204494293,19.746455511235734
5,Valparaiso,5506,Nogales,0.0,0.0,0.0,0.0,0.0,0.0,0.0,0.0,0.0,0.0,0.0,0.0,0.0,0.0,4.257130693912304,8.514261387824607,8.514261387824607,17.028522775649215,12.771392081736911,8.514261387824607,8.514261387824607,21.285653469561517
5,Valparaiso,5601,San Antonio,2.0669484606401336,4.133896921280267,1.0334742303200668,0.0,4.133896921280267,4.133896921280267,2.0669484606401336,9.301268072880603,6.200845381920402,12.401690763840804,7.234319612240469,19.636010376081273,14.468639224480938,40.305494982482614,22.736433067041474,45.47286613408295,35.13812383088228,56.841082667603686,6.200845381920402,75.44361881336489,31.00422690960201,85.77836111656556
5,Valparaiso,5602,Algarrobo,0.0,13.180440226703572,0.0,-6.590220113351786,0.0,0.0,6.590220113351786,0.0,0.0,0.0,6.590220113351786,0.0,0.0,13.180440226703572,13.180440226703572,32.951100566758925,26.360880453407145,59.31198102016608,6.590220113351786,19.770660340055358,39.541320680110715,39.541320680110715
5,Valparaiso,5603,Cartagena,0.0,0.0,3.9436841897700834,-3.9436841897700834,0.0,7.887368379540167,0.0,0.0,0.0,15.774736759080334,0.0,7.887368379540167,3.9436841897700834,19.718420948850415,3.9436841897700834,23.662105138620497,7.887368379540167,31.549473518160667,19.718420948850415,23.662105138620497,15.774736759080334,31.549473518160667
5,Valparaiso,5604,El Quisco,0.0,5.636343140570398,0.0,0.0,0.0,11.272686281140796,5.636343140570398,11.272686281140796,11.272686281140796,16.909029421711192,0.0,0.0,5.636343140570398,22.545372562281592,11.272686281140796,28.181715702851992,16.909029421711192,22.545372562281592,16.909029421711192,61.99977454627438,39.45440198399279,84.54514710855597
5,Valparaiso,5605,El Tabo,0.0,13.948946854512483,0.0,-6.974473427256242,0.0,0.0,6.974473427256242,20.923420281768728,0.0,20.923420281768728,0.0,27.897893709024967,0.0,6.974473427256242,13.948946854512483,48.8213139907937,6.974473427256242,34.87236713628121,13.948946854512483,41.846840563537455,27.897893709024967,139.48946854512485
5,Valparaiso,5606,Santo Domingo,8.379420144126026,-16.758840288252053,8.379420144126026,25.138260432378075,0.0,0.0,41.897100720630135,8.379420144126026,8.379420144126026,41.897100720630135,0.0,16.758840288252053,25.138260432378075,-8.379420144126026,33.517680576504105,33.517680576504105,33.517680576504105,16.758840288252053,0.0,25.138260432378075,25.138260432378075,75.41478129713424
5,Valparaiso,5701,San Felipe,0.0,2.3953817040745444,0.0,1.1976908520372722,0.0,0.0,0.0,0.0,0.0,0.0,0.0,3.593072556111816,0.0,3.593072556111816,5.98845426018636,15.569981076484536,8.383835964260905,41.919179821304525,17.965362780559083,29.9422713009318,20.360744484633628,69.46606941816178
5,Valparaiso,5702,Catemu,0.0,0.0,0.0,0.0,0.0,0.0,0.0,0.0,0.0,0.0,0.0,0.0,6.573325445342799,0.0,6.573325445342799,0.0,13.146650890685597,6.573325445342799,13.146650890685597,19.7199763360284,0.0,46.013278117399594
5,Valparaiso,5703,Llaillay,0.0,3.7688915689895603,3.7688915689895603,0.0,0.0,0.0,0.0,0.0,0.0,0.0,0.0,7.537783137979121,0.0,0.0,3.7688915689895603,22.613349413937364,11.306674706968682,71.60893981080164,15.075566275958241,60.302265103832966,3.7688915689895603,48.99559039686428
5,Valparaiso,5704,Panquehue,0.0,0.0,0.0,0.0,0.0,0.0,0.0,0.0,0.0,0.0,0.0,0.0,0.0,0.0,0.0,13.101008777675883,0.0,26.202017555351766,26.202017555351766,39.30302633302764,0.0,78.60605266605528
5,Valparaiso,5705,Putaendo,0.0,0.0,0.0,0.0,0.0,0.0,5.667327854916407,0.0,17.00198356474922,0.0,0.0,5.667327854916407,0.0,5.667327854916407,28.336639274582037,0.0,17.00198356474922,34.00396712949844,5.667327854916407,11.334655709832814,11.334655709832814,45.33862283933126
5,Valparaiso,5706,Santa María,12.219710392863687,0.0,0.0,0.0,0.0,0.0,0.0,0.0,0.0,0.0,0.0,67.20840716075028,18.329565589295534,18.329565589295534,6.109855196431844,0.0,0.0,36.65913117859107,0.0,24.439420785727375,0.0,18.329565589295534
5,Valparaiso,5801,Quilpué,-0.5984977705958046,0.5984977705958046,0.5984977705958046,1.7954933117874134,1.7954933117874134,1.1969955411916091,0.5984977705958046,0.5984977705958046,2.992488852979023,1.7954933117874134,0.0,4.7879821647664365,1.1969955411916091,5.984977705958046,2.992488852979023,19.75042642966155,9.575964329532873,11.969955411916091,18.55343088846994,19.75042642966155,22.74291528264057,35.31136846515247
5,Valparaiso,5802,Limache,2.0027638140634076,0.0,2.0027638140634076,2.0027638140634076,4.005527628126815,2.0027638140634076,10.013819070317037,14.019346698443853,0.0,6.008291442190222,0.0,0.0,-2.0027638140634076,6.008291442190222,6.008291442190222,38.05251246720474,14.019346698443853,28.038693396887705,22.03040195469748,12.016582884380444,18.024874326570668,62.08567823596564
5,Valparaiso,5803,Olmué,0.0,0.0,0.0,0.0,0.0,5.190491020450534,0.0,5.190491020450534,0.0,0.0,0.0,0.0,0.0,0.0,0.0,5.190491020450534,0.0,15.571473061351606,10.380982040901069,36.333437143153745,10.380982040901069,36.333437143153745
5,Valparaiso,5804,Villa Alemana,1.4356471179384107,2.153470676907616,0.0,0.7178235589692054,0.0,0.0,0.0,0.7178235589692054,0.0,0.7178235589692054,0.7178235589692054,1.4356471179384107,1.4356471179384107,12.203000502476492,6.460412030722849,13.6386476204149,9.33170626659967,22.97035388701457,9.33170626659967,17.945588974230134,17.945588974230134,43.787237097121526
6,OHiggins,6101,Rancagua,0.0,0.7541165336279415,2.262349600883825,0.0,0.0,0.0,0.0,0.0,2.6394078676977952,2.262349600883825,1.508233067255883,2.262349600883825,2.6394078676977952,6.032932269023532,7.918223603093385,17.344680273442656,15.83644720618677,9.42645667034927,18.0987968070706,31.295836145559573,10.557631470791181,33.18112747962943
6,OHiggins,6102,Codegua,0.0,0.0,0.0,0.0,0.0,0.0,0.0,0.0,7.094211123723042,0.0,0.0,7.094211123723042,0.0,0.0,7.094211123723042,0.0,7.094211123723042,14.188422247446084,0.0,14.188422247446084,7.094211123723042,14.188422247446084
6,OHiggins,6103,Coinco,0.0,0.0,0.0,0.0,0.0,0.0,0.0,0.0,0.0,12.769761205465457,0.0,0.0,0.0,12.769761205465457,0.0,25.539522410930914,12.769761205465457,38.30928361639637,12.769761205465457,63.84880602732729,0.0,38.30928361639637
6,OHiggins,6104,Coltauco,0.0,0.0,0.0,0.0,0.0,0.0,0.0,0.0,0.0,0.0,0.0,0.0,0.0,4.703005220335794,9.406010440671588,28.218031322014767,32.92103654235056,0.0,4.703005220335794,23.515026101678973,14.109015661007383,14.109015661007383
6,OHiggins,6105,Doñihue,0.0,0.0,0.0,0.0,0.0,0.0,0.0,0.0,0.0,4.405286343612335,0.0,4.405286343612335,0.0,8.81057268722467,8.81057268722467,17.62114537444934,17.62114537444934,26.431718061674008,13.215859030837004,35.24229074889868,4.405286343612335,13.215859030837004
6,OHiggins,6106,Graneros,0.0,0.0,0.0,0.0,0.0,0.0,0.0,0.0,0.0,5.478851632697787,0.0,0.0,0.0,21.91540653079115,19.175980714442254,16.43655489809336,10.957703265395574,13.697129081744468,10.957703265395574,24.65483234714004,0.0,5.478851632697787
6,OHiggins,6107,Las Cabras,0.0,0.0,0.0,0.0,0.0,0.0,3.738457512430371,0.0,0.0,7.476915024860742,0.0,3.738457512430371,22.430745074582227,0.0,0.0,7.476915024860742,0.0,3.738457512430371,0.0,7.476915024860742,0.0,18.692287562151854
6,OHiggins,6108,Machalí,5.0072605277652595,1.6690868425884198,1.6690868425884198,0.0,0.0,0.0,0.0,1.6690868425884198,1.6690868425884198,10.014521055530519,0.0,0.0,0.0,5.0072605277652595,1.6690868425884198,6.676347370353679,3.3381736851768395,5.0072605277652595,13.352694740707358,11.68360789811894,8.345434212942099,28.37447632400314
6,OHiggins,6109,Malloa,0.0,0.0,0.0,0.0,0.0,0.0,0.0,0.0,0.0,0.0,0.0,0.0,0.0,0.0,0.0,7.060650992021465,7.060650992021465,0.0,7.060650992021465,7.060650992021465,0.0,0.0
6,OHiggins,6110,Mostazal,0.0,0.0,0.0,0.0,0.0,0.0,0.0,0.0,0.0,0.0,0.0,0.0,3.641395382710655,0.0,7.28279076542131,3.641395382710655,10.924186148131964,0.0,7.28279076542131,14.56558153084262,10.924186148131964,14.56558153084262
6,OHiggins,6111,Olivar,6.838074398249453,6.838074398249453,0.0,0.0,6.838074398249453,20.514223194748357,6.838074398249453,0.0,-6.838074398249453,0.0,0.0,0.0,0.0,0.0,6.838074398249453,41.028446389496715,6.838074398249453,13.676148796498905,13.676148796498905,6.838074398249453,6.838074398249453,34.19037199124726
6,OHiggins,6112,Peumo,0.0,0.0,6.688068485821295,0.0,0.0,0.0,0.0,0.0,0.0,0.0,0.0,6.688068485821295,0.0,6.688068485821295,0.0,6.688068485821295,0.0,6.688068485821295,6.688068485821295,6.688068485821295,0.0,0.0
6,OHiggins,6113,Pichidegua,0.0,0.0,0.0,0.0,0.0,0.0,0.0,0.0,0.0,0.0,0.0,0.0,0.0,4.820903437304151,0.0,4.820903437304151,14.462710311912453,4.820903437304151,9.641806874608301,4.820903437304151,9.641806874608301,4.820903437304151
6,OHiggins,6114,Quinta de Tilcoco,7.206168480219067,0.0,0.0,0.0,0.0,7.206168480219067,0.0,0.0,-14.412336960438134,0.0,0.0,0.0,0.0,0.0,0.0,0.0,7.206168480219067,0.0,0.0,0.0,0.0,14.412336960438134
6,OHiggins,6115,Rengo,0.0,0.0,0.0,0.0,0.0,0.0,0.0,0.0,1.5696123057604772,1.5696123057604772,6.278449223041909,1.5696123057604772,3.1392246115209543,-1.5696123057604772,3.1392246115209543,4.708836917281431,10.98728614032334,1.5696123057604772,7.848061528802385,12.556898446083817,4.708836917281431,14.126510751844295
6,OHiggins,6116,Requínoa,-3.2926146653057193,0.0,0.0,0.0,0.0,0.0,0.0,0.0,3.2926146653057193,3.2926146653057193,3.2926146653057193,0.0,0.0,3.2926146653057193,0.0,9.877843995917157,3.2926146653057193,3.2926146653057193,0.0,29.63353198775147,3.2926146653057193,36.218761318362915
6,OHiggins,6117,San Vicente,1.9756208388486083,5.926862516545825,0.0,0.0,0.0,0.0,0.0,0.0,0.0,0.0,0.0,7.902483355394433,1.9756208388486083,3.9512416776972166,5.926862516545825,11.85372503309165,9.87810419424304,19.75620838848608,9.87810419424304,5.926862516545825,3.9512416776972166,11.85372503309165
6,OHiggins,6201,Pichilemu,0.0,0.0,0.0,0.0,0.0,0.0,0.0,0.0,0.0,0.0,0.0,0.0,0.0,0.0,5.5922156358349175,0.0,16.776646907504755,5.5922156358349175,16.776646907504755,0.0,5.5922156358349175,11.184431271669835
6,OHiggins,6202,La Estrella,0.0,0.0,0.0,0.0,0.0,0.0,0.0,0.0,0.0,0.0,0.0,0.0,0.0,0.0,0.0,0.0,0.0,0.0,0.0,0.0,0.0,32.113037893384714
6,OHiggins,6203,Litueche,0.0,0.0,0.0,0.0,0.0,0.0,0.0,0.0,0.0,14.781966001478196,29.563932002956392,59.127864005912784,14.781966001478196,0.0,0.0,14.781966001478196,0.0,29.563932002956392,0.0,0.0,0.0,29.563932002956392
6,OHiggins,6204,Marchihue,0.0,0.0,0.0,0.0,0.0,0.0,0.0,0.0,0.0,0.0,0.0,0.0,0.0,0.0,0.0,0.0,0.0,0.0,0.0,0.0,0.0,13.10272536687631
6,OHiggins,6205,Navidad,0.0,0.0,0.0,0.0,0.0,0.0,0.0,0.0,0.0,0.0,0.0,28.968713789107763,0.0,0.0,28.968713789107763,57.93742757821553,0.0,28.968713789107763,0.0,0.0,14.484356894553882,28.968713789107763
6,OHiggins,6206,Paredones,0.0,0.0,0.0,0.0,0.0,0.0,0.0,0.0,0.0,0.0,0.0,0.0,0.0,0.0,0.0,0.0,31.501023783272952,0.0,0.0,0.0,0.0,0.0
6,OHiggins,6301,San Fernando,2.5431703161160706,0.0,0.0,0.0,0.0,0.0,1.2715851580580353,0.0,1.2715851580580353,-1.2715851580580353,0.0,0.0,1.2715851580580353,0.0,0.0,5.086340632232141,5.086340632232141,0.0,3.8147554741741057,10.172681264464282,11.444266422522317,15.259021896696423
6,OHiggins,6302,Chépica,0.0,0.0,0.0,0.0,0.0,0.0,0.0,0.0,0.0,0.0,0.0,0.0,0.0,0.0,0.0,6.279434850863422,12.558869701726843,18.838304552590266,0.0,0.0,12.558869701726843,-12.558869701726843
6,OHiggins,6303,Chimbarongo,5.305602716468591,0.0,0.0,0.0,0.0,0.0,5.305602716468591,0.0,-5.305602716468591,0.0,0.0,0.0,0.0,0.0,0.0,7.958404074702887,0.0,2.6528013582342953,13.264006791171477,13.264006791171477,7.958404074702887,10.611205432937181
6,OHiggins,6304,Lolol,0.0,0.0,0.0,0.0,0.0,0.0,0.0,0.0,0.0,0.0,0.0,0.0,0.0,0.0,0.0,0.0,13.719303059404583,27.438606118809165,0.0,0.0,0.0,96.03512141583208
6,OHiggins,6305,Nancagua,0.0,0.0,0.0,0.0,0.0,0.0,0.0,0.0,0.0,0.0,0.0,5.224387440572593,0.0,0.0,5.224387440572593,5.224387440572593,5.224387440572593,5.224387440572593,15.673162321717777,20.89754976229037,5.224387440572593,15.673162321717777
6,OHiggins,6306,Palmilla,0.0,0.0,0.0,0.0,0.0,0.0,0.0,0.0,0.0,0.0,0.0,0.0,0.0,0.0,0.0,0.0,0.0,0.0,22.558087074216107,0.0,0.0,7.519362358072035
6,OHiggins,6307,Peralillo,0.0,0.0,0.0,0.0,0.0,0.0,0.0,0.0,0.0,0.0,0.0,0.0,0.0,0.0,0.0,0.0,0.0,16.88048615800135,0.0,0.0,8.440243079000675,25.320729237002027
6,OHiggins,6308,Placilla,10.912265386294195,0.0,0.0,0.0,0.0,0.0,10.912265386294195,0.0,-10.912265386294195,0.0,0.0,0.0,0.0,0.0,0.0,10.912265386294195,21.82453077258839,0.0,21.82453077258839,0.0,10.912265386294195,10.912265386294195
6,OHiggins,6309,Pumanque,0.0,0.0,0.0,0.0,0.0,0.0,0.0,0.0,0.0,0.0,0.0,0.0,0.0,0.0,0.0,0.0,0.0,0.0,0.0,0.0,28.32058906825262,0.0
6,OHiggins,6310,Santa Cruz,0.0,0.0,2.433326844461748,2.433326844461748,0.0,0.0,0.0,0.0,-2.433326844461748,2.433326844461748,0.0,0.0,0.0,0.0,2.433326844461748,4.866653688923496,2.433326844461748,12.16663422230874,2.433326844461748,2.433326844461748,4.866653688923496,9.733307377846993
7,Maule,7101,Talca,1.2672986262482893,2.112164377080482,2.5345972524965785,1.2672986262482893,0.0,0.0,2.5345972524965785,14.362717764147279,17.742180767476047,5.069194504993157,1.6897315016643855,4.64676162957706,0.8448657508321927,0.42243287541609637,1.2672986262482893,10.56082188540241,5.069194504993157,18.58704651830824,15.20758351497947,11.828120511650699,7.603791757489735,26.613271151214075
7,Maule,7102,Constitución,1.9861762135536665,3.972352427107333,0.0,3.972352427107333,0.0,0.0,-1.9861762135536665,13.903233494875664,0.0,13.903233494875664,1.9861762135536665,3.972352427107333,3.972352427107333,0.0,0.0,5.958528640660999,1.9861762135536665,1.9861762135536665,5.958528640660999,3.972352427107333,3.972352427107333,7.944704854214666
7,Maule,7103,Curepto,0.0,0.0,0.0,21.21790791427965,10.608953957139825,0.0,0.0,0.0,42.4358158285593,10.608953957139825,0.0,0.0,0.0,0.0,10.608953957139825,0.0,10.608953957139825,21.21790791427965,21.21790791427965,-21.21790791427965,10.608953957139825,0.0
7,Maule,7104,Empedrado,0.0,0.0,0.0,0.0,0.0,0.0,0.0,0.0,0.0,0.0,0.0,0.0,0.0,0.0,0.0,0.0,0.0,0.0,0.0,0.0,0.0,0.0
7,Maule,7105,Maule,0.0,0.0,0.0,1.6666666666666667,0.0,1.6666666666666667,1.6666666666666667,8.333333333333334,5.0,14.999999999999998,0.0,1.6666666666666667,0.0,1.6666666666666667,0.0,6.666666666666667,1.6666666666666667,11.666666666666666,14.999999999999998,8.333333333333334,3.3333333333333335,43.33333333333333
7,Maule,7106,Pelarco,0.0,0.0,0.0,0.0,0.0,33.02873499944952,0.0,22.01915666629968,0.0,0.0,0.0,0.0,0.0,11.00957833314984,22.01915666629968,55.047891665749205,0.0,44.03831333259936,22.01915666629968,0.0,22.01915666629968,22.01915666629968
7,Maule,7107,Pencahue,0.0,0.0,0.0,0.0,0.0,0.0,0.0,11.626555051738169,11.626555051738169,11.626555051738169,0.0,0.0,0.0,0.0,0.0,0.0,0.0,0.0,23.253110103476338,81.38588536216719,0.0,23.253110103476338
7,Maule,7108,Río Claro,0.0,0.0,0.0,6.778282383244086,6.778282383244086,0.0,0.0,20.33484714973226,0.0,6.778282383244086,0.0,6.778282383244086,6.778282383244086,0.0,0.0,13.556564766488172,0.0,13.556564766488172,6.778282383244086,0.0,13.556564766488172,20.33484714973226
7,Maule,7109,San Clemente,0.0,0.0,0.0,0.0,0.0,0.0,0.0,8.640801866413204,6.480601399809903,4.320400933206602,0.0,2.160200466603301,0.0,8.640801866413204,10.801002333016504,8.640801866413204,4.320400933206602,23.762205132636307,17.281603732826408,23.762205132636307,10.801002333016504,38.88360839885941
7,Maule,7110,San Rafael,0.0,10.041168792047396,0.0,0.0,0.0,10.041168792047396,0.0,0.0,0.0,10.041168792047396,0.0,0.0,0.0,10.041168792047396,0.0,20.08233758409479,60.24701275228436,170.69986946480572,120.49402550456873,40.16467516818958,30.12350637614218,70.28818154433176
7,Maule,7201,Cauquenes,0.0,4.530729674014,2.265364837007,0.0,0.0,0.0,0.0,9.061459348028,4.530729674014,4.530729674014,2.265364837007,0.0,0.0,0.0,2.265364837007,13.592189022042001,6.796094511021001,6.796094511021001,13.592189022042001,27.184378044084003,43.041931903133,63.430215436195994
7,Maule,7202,Chanco,0.0,0.0,0.0,0.0,0.0,0.0,0.0,0.0,21.43392991104919,0.0,10.716964955524595,0.0,0.0,0.0,0.0,0.0,0.0,0.0,0.0,0.0,10.716964955524595,0.0
7,Maule,7203,Pelluhue,0.0,0.0,0.0,0.0,0.0,0.0,0.0,0.0,0.0,12.357884330202667,0.0,0.0,0.0,0.0,0.0,37.07365299060801,24.715768660405335,37.07365299060801,0.0,0.0,0.0,24.715768660405335
7,Maule,7301,Curicó,1.2222996345324093,1.833449451798614,1.2222996345324093,0.0,2.4445992690648186,1.833449451798614,1.833449451798614,0.6111498172662047,4.278048720863432,0.0,3.666898903597228,4.889198538129637,0.0,3.666898903597228,3.055749086331023,4.278048720863432,12.222996345324091,20.167943969784755,28.724041411511617,41.558187574101915,29.335191228777823,91.67247258993069
7,Maule,7302,Hualañé,0.0,0.0,0.0,0.0,0.0,0.0,0.0,0.0,0.0,0.0,0.0,0.0,0.0,0.0,0.0,0.0,0.0,9.782821365681862,58.69692819409117,107.61103502250049,29.348464097045586,244.57053414204654
7,Maule,7303,Licantén,0.0,0.0,0.0,0.0,0.0,0.0,0.0,14.308198597796538,14.308198597796538,0.0,0.0,0.0,0.0,0.0,0.0,0.0,0.0,0.0,0.0,0.0,0.0,0.0
7,Maule,7304,Molina,2.0080321285140563,0.0,0.0,0.0,0.0,0.0,0.0,2.0080321285140563,2.0080321285140563,4.016064257028113,0.0,0.0,0.0,2.0080321285140563,2.0080321285140563,-2.0080321285140563,0.0,4.016064257028113,6.024096385542168,14.056224899598392,6.024096385542168,20.080321285140563
7,Maule,7305,Rauco,0.0,8.890469416785207,0.0,0.0,8.890469416785207,0.0,0.0,0.0,0.0,0.0,0.0,0.0,0.0,0.0,0.0,0.0,8.890469416785207,8.890469416785207,17.780938833570413,35.56187766714083,17.780938833570413,44.452347083926036
7,Maule,7306,Romeral,6.184291898577613,0.0,0.0,0.0,6.184291898577613,0.0,6.184291898577613,6.184291898577613,43.29004329004329,6.184291898577613,0.0,0.0,0.0,0.0,0.0,0.0,0.0,0.0,12.368583797155226,18.552875695732837,86.58008658008659,74.21150278293135
7,Maule,7307,Sagrada Familia,0.0,0.0,5.136370640505419,0.0,0.0,0.0,0.0,0.0,0.0,5.136370640505419,0.0,0.0,0.0,0.0,0.0,0.0,0.0,5.136370640505419,0.0,15.409111921516256,0.0,20.545482562021675
7,Maule,7308,Teno,0.0,0.0,0.0,0.0,3.241491085899514,0.0,0.0,0.0,3.241491085899514,0.0,0.0,6.482982171799028,0.0,3.241491085899514,6.482982171799028,3.241491085899514,0.0,3.241491085899514,6.482982171799028,3.241491085899514,0.0,9.724473257698541
7,Maule,7309,Vichuquén,0.0,0.0,0.0,0.0,0.0,0.0,0.0,0.0,0.0,0.0,0.0,0.0,0.0,0.0,0.0,0.0,0.0,0.0,0.0,0.0,0.0,0.0
7,Maule,7401,Linares,1.9787678212776902,3.9575356425553805,0.9893839106388451,0.9893839106388451,0.9893839106388451,0.0,0.0,1.9787678212776902,6.925687374471916,0.0,1.9787678212776902,2.9681517319165356,0.0,3.9575356425553805,2.9681517319165356,11.872606927666142,2.9681517319165356,10.883223017027296,4.946919553194226,9.893839106388452,8.904455195749605,18.798294302138057
7,Maule,7402,Colbún,13.294925769997782,0.0,4.431641923332594,0.0,0.0,0.0,0.0,4.431641923332594,-4.431641923332594,4.431641923332594,0.0,0.0,0.0,0.0,13.294925769997782,4.431641923332594,13.294925769997782,26.589851539995564,4.431641923332594,53.17970307999113,4.431641923332594,39.88477730999335
7,Maule,7403,Longaví,0.0,0.0,3.047851264858275,0.0,0.0,0.0,0.0,3.047851264858275,0.0,3.047851264858275,0.0,0.0,0.0,6.09570252971655,3.047851264858275,9.143553794574824,9.143553794574824,18.28710758914965,3.047851264858275,21.334958854007922,12.1914050594331,39.62206644315758
7,Maule,7404,Parral,-2.244971264367816,0.0,0.0,2.244971264367816,2.244971264367816,2.244971264367816,0.0,0.0,0.0,6.734913793103448,0.0,0.0,0.0,0.0,0.0,4.489942528735632,4.489942528735632,17.95977011494253,29.18462643678161,49.38936781609196,35.91954022988506,53.87931034482759
7,Maule,7405,Retiro,0.0,0.0,0.0,0.0,0.0,4.745859237815006,0.0,4.745859237815006,0.0,-4.745859237815006,0.0,0.0,0.0,4.745859237815006,0.0,0.0,0.0,4.745859237815006,14.237577713445019,33.221014664705045,28.475155426890037,142.37577713445017
7,Maule,7406,San Javier,2.022203797698732,0.0,12.133222786192391,0.0,2.022203797698732,0.0,2.022203797698732,4.044407595397464,10.11101898849366,8.088815190794929,0.0,6.066611393096196,0.0,4.044407595397464,4.044407595397464,14.155426583891124,0.0,14.155426583891124,8.088815190794929,8.088815190794929,10.11101898849366,24.266445572384782
7,Maule,7407,Villa Alegre,0.0,0.0,0.0,0.0,0.0,0.0,0.0,0.0,5.710370031978072,0.0,5.710370031978072,0.0,0.0,0.0,0.0,5.710370031978072,0.0,5.710370031978072,5.710370031978072,5.710370031978072,0.0,34.26222019186844
7,Maule,7408,Yerbas Buenas,0.0,0.0,0.0,0.0,0.0,0.0,0.0,0.0,5.208333333333334,0.0,0.0,5.208333333333334,0.0,5.208333333333334,0.0,10.416666666666668,15.625,36.458333333333336,15.625,31.25,20.833333333333336,93.75
8,Biobio,8101,Concepción,7.980108529476001,2.5200342724661056,7.140097105320632,1.2600171362330528,3.3600456966214742,4.620062832854527,15.960217058952002,5.040068544932211,2.9400399845437897,-5.460074257009896,1.2600171362330528,3.3600456966214742,-2.5200342724661056,7.560102817398317,5.040068544932211,2.5200342724661056,2.9400399845437897,10.500142801942106,11.340154226097475,20.160274179728845,15.540211346874317,14.280194210641264
8,Biobio,8102,Coronel,8.74202290410001,0.7947293549181826,0.7947293549181826,3.973646774590913,0.0,0.0,-2.384188064754548,0.0,0.0,0.7947293549181826,1.5894587098363653,2.384188064754548,0.7947293549181826,5.563105484427278,0.7947293549181826,7.152564194263643,5.563105484427278,7.947293549181826,7.947293549181826,35.76282097131822,38.14700903607277,29.404986131972755
8,Biobio,8103,Chiguayante,13.160780872998465,8.77385391533231,6.580390436499233,3.2901952182496164,5.483658697082694,1.0967317394165388,-4.386926957666155,2.1934634788330776,2.1934634788330776,17.54770783066462,1.0967317394165388,3.2901952182496164,8.77385391533231,2.1934634788330776,4.386926957666155,2.1934634788330776,7.677122175915771,3.2901952182496164,1.0967317394165388,9.870585654748847,12.064049133581927,12.064049133581927
8,Biobio,8104,Florida,0.0,16.890465332319906,0.0,0.0,0.0,0.0,16.890465332319906,0.0,0.0,-8.445232666159953,0.0,0.0,0.0,0.0,0.0,0.0,0.0,8.445232666159953,0.0,8.445232666159953,0.0,0.0
8,Biobio,8105,Hualqui,3.8166482195336053,0.0,15.266592878134421,0.0,0.0,3.8166482195336053,3.8166482195336053,15.266592878134421,7.633296439067211,15.266592878134421,0.0,3.8166482195336053,0.0,0.0,3.8166482195336053,3.8166482195336053,7.633296439067211,11.449944658600817,22.899889317201634,34.349833975802454,3.8166482195336053,11.449944658600817
8,Biobio,8106,Lota,0.0,2.185792349726776,0.0,0.0,0.0,0.0,0.0,0.0,0.0,0.0,0.0,0.0,2.185792349726776,15.300546448087431,8.743169398907105,4.371584699453552,19.672131147540984,17.48633879781421,6.557377049180328,19.672131147540984,21.85792349726776,15.300546448087431
8,Biobio,8107,Penco,2.005414619472576,4.010829238945152,4.010829238945152,0.0,0.0,8.021658477890304,4.010829238945152,2.005414619472576,6.016243858417728,4.010829238945152,2.005414619472576,2.005414619472576,2.005414619472576,0.0,2.005414619472576,2.005414619472576,2.005414619472576,2.005414619472576,4.010829238945152,14.037902336308031,8.021658477890304,16.043316955780607
8,Biobio,8108,San Pedro de la Paz,21.931928776061298,4.112236645511493,4.797609419763409,5.4829821940153245,1.3707455485038311,4.797609419763409,-3.4268638712595783,0.0,6.8537277425191565,9.595218839526819,0.0,0.6853727742519156,4.112236645511493,2.0561183227557467,2.0561183227557467,3.4268638712595783,1.3707455485038311,9.595218839526819,9.595218839526819,24.673419873068966,9.595218839526819,13.022082710786398
8,Biobio,8109,Santa Juana,0.0,0.0,0.0,0.0,0.0,0.0,0.0,0.0,6.7663576696664185,6.7663576696664185,0.0,0.0,0.0,0.0,0.0,0.0,0.0,0.0,0.0,0.0,6.7663576696664185,6.7663576696664185
8,Biobio,8110,Talcahuano,13.262180681423473,3.7891944804067066,4.420726893807824,5.683791720610061,0.6315324134011179,6.315324134011178,16.419842748429065,1.8945972402033533,7.578388960813413,-4.420726893807824,3.157662067005589,5.052259307208943,3.7891944804067066,5.683791720610061,5.683791720610061,5.683791720610061,4.420726893807824,11.367583441220122,3.7891944804067066,13.893713094824593,10.736051027819002,23.998231709242475
8,Biobio,8111,Tomé,3.405472594459296,5.108208891688944,27.24378075567437,8.51368148614824,0.0,11.919154080607537,0.0,0.0,6.810945188918592,15.324626675066833,0.0,0.0,-1.702736297229648,1.702736297229648,22.135571863985422,6.810945188918592,6.810945188918592,3.405472594459296,3.405472594459296,6.810945188918592,10.216417783377889,18.73009926952613
8,Biobio,8112,Hualpén,39.06531103183823,11.30837950921633,17.47658651424342,7.196241505864937,9.252310507540633,10.280345008378482,-28.78496602345975,5.140172504189241,7.196241505864937,26.72889702178405,1.028034500837848,-1.028034500837848,12.33641401005418,5.140172504189241,3.084103502513545,7.196241505864937,3.084103502513545,9.252310507540633,4.112138003351392,6.16820700502709,7.196241505864937,16.448552013405568
8,Biobio,8201,Lebu,0.0,0.0,0.0,0.0,0.0,0.0,0.0,0.0,0.0,0.0,0.0,0.0,0.0,0.0,7.380073800738008,0.0,0.0,0.0,0.0,0.0,3.690036900369004,0.0
8,Biobio,8202,Arauco,7.75614674629644,2.5853822487654803,0.0,0.0,0.0,0.0,-2.5853822487654803,2.5853822487654803,0.0,0.0,0.0,0.0,0.0,12.9269112438274,10.341528995061921,0.0,7.75614674629644,25.8538224876548,15.51229349259288,25.8538224876548,49.12226272654412,12.9269112438274
8,Biobio,8203,Cañete,0.0,0.0,0.0,0.0,0.0,0.0,0.0,0.0,0.0,0.0,0.0,0.0,0.0,2.7024835824122366,-2.7024835824122366,0.0,0.0,8.107450747236712,16.214901494473423,5.404967164824473,8.107450747236712,2.7024835824122366
8,Biobio,8204,Contulmo,0.0,0.0,0.0,0.0,0.0,0.0,0.0,0.0,0.0,0.0,0.0,0.0,0.0,0.0,0.0,0.0,0.0,0.0,0.0,0.0,0.0,15.79778830963665
8,Biobio,8205,Curanilahue,2.9505488020771864,0.0,0.0,0.0,0.0,0.0,0.0,0.0,0.0,2.9505488020771864,0.0,-2.9505488020771864,0.0,5.901097604154373,0.0,2.9505488020771864,2.9505488020771864,0.0,0.0,2.9505488020771864,2.9505488020771864,2.9505488020771864
8,Biobio,8206,Los Álamos,0.0,0.0,0.0,0.0,0.0,0.0,0.0,0.0,0.0,4.439708755105665,0.0,0.0,0.0,0.0,0.0,0.0,0.0,0.0,4.439708755105665,0.0,0.0,4.439708755105665
8,Biobio,8207,Tirúa,0.0,18.150467374534895,18.150467374534895,0.0,0.0,0.0,0.0,0.0,0.0,0.0,0.0,0.0,0.0,0.0,0.0,0.0,0.0,0.0,0.0,0.0,0.0,0.0
8,Biobio,8301,Los Ángeles,1.8305379493398621,-1.3729034620048965,2.2881724366748277,2.2881724366748277,0.0,0.0,1.3729034620048965,0.45763448733496553,1.8305379493398621,0.45763448733496553,0.0,0.0,0.0,0.9152689746699311,5.491613848019586,11.898496670709104,11.44086218337414,18.76301398073359,10.525593208704208,21.966455392078345,12.813765645379037,27.000434752762967
8,Biobio,8302,Antuco,0.0,0.0,0.0,0.0,0.0,0.0,0.0,0.0,0.0,0.0,0.0,0.0,0.0,23.22340919647004,23.22340919647004,23.22340919647004,23.22340919647004,0.0,0.0,232.23409196470044,46.44681839294008,46.44681839294008
8,Biobio,8303,Cabrero,0.0,3.254678600488202,0.0,0.0,9.764035801464605,9.764035801464605,3.254678600488202,3.254678600488202,0.0,13.018714401952808,6.509357200976404,3.254678600488202,0.0,19.52807160292921,0.0,3.254678600488202,3.254678600488202,6.509357200976404,0.0,3.254678600488202,6.509357200976404,3.254678600488202
8,Biobio,8304,Laja,4.188832572362083,4.188832572362083,8.377665144724165,0.0,0.0,4.188832572362083,4.188832572362083,0.0,0.0,12.566497717086248,8.377665144724165,0.0,0.0,12.566497717086248,37.69949315125874,75.39898630251749,37.69949315125874,12.566497717086248,12.566497717086248,8.377665144724165,12.566497717086248,20.944162861810415
8,Biobio,8305,Mulchén,9.664637092877163,0.0,0.0,0.0,0.0,0.0,0.0,0.0,0.0,0.0,0.0,0.0,3.2215456976257206,3.2215456976257206,6.443091395251441,3.2215456976257206,3.2215456976257206,0.0,0.0,9.664637092877163,19.329274185754326,6.443091395251441
8,Biobio,8306,Nacimiento,3.5785857429144,0.0,0.0,7.1571714858288,3.5785857429144,14.3143429716576,3.5785857429144,0.0,0.0,0.0,0.0,0.0,7.1571714858288,14.3143429716576,14.3143429716576,3.5785857429144,10.735757228743202,14.3143429716576,14.3143429716576,10.735757228743202,7.1571714858288,3.5785857429144
8,Biobio,8307,Negrete,0.0,0.0,9.588647041902387,9.588647041902387,0.0,0.0,0.0,0.0,0.0,0.0,0.0,0.0,0.0,0.0,28.765941125707165,38.35458816760955,67.12052929331671,86.29782337712149,19.177294083804775,28.765941125707165,86.29782337712149,0.0
8,Biobio,8308,Quilaco,0.0,0.0,0.0,0.0,0.0,0.0,0.0,0.0,0.0,0.0,0.0,0.0,0.0,0.0,0.0,0.0,0.0,0.0,0.0,0.0,0.0,23.929169657812874
8,Biobio,8309,Quilleco,0.0,0.0,0.0,0.0,0.0,0.0,0.0,0.0,9.968102073365232,0.0,-9.968102073365232,0.0,0.0,0.0,0.0,0.0,0.0,0.0,9.968102073365232,0.0,9.968102073365232,9.968102073365232
8,Biobio,8310,San Rosendo,0.0,0.0,0.0,0.0,0.0,0.0,0.0,0.0,0.0,0.0,0.0,0.0,0.0,0.0,0.0,0.0,55.38631957906397,0.0,0.0,0.0,0.0,27.693159789531986
8,Biobio,8311,Santa Bárbara,6.853070175438596,0.0,0.0,0.0,0.0,0.0,6.853070175438596,0.0,0.0,0.0,-6.853070175438596,0.0,0.0,0.0,0.0,34.26535087719298,41.118421052631575,6.853070175438596,27.412280701754383,54.82456140350877,54.82456140350877,41.118421052631575
8,Biobio,8312,Tucapel,0.0,0.0,0.0,6.576783952647156,0.0,0.0,-6.576783952647156,6.576783952647156,0.0,0.0,0.0,0.0,0.0,0.0,0.0,0.0,19.730351857941468,0.0,19.730351857941468,6.576783952647156,26.307135810588623,78.92140743176587
8,Biobio,8313,Yumbel,0.0,0.0,0.0,0.0,0.0,0.0,0.0,0.0,4.518344478583047,0.0,0.0,0.0,4.518344478583047,13.555033435749142,18.073377914332188,0.0,0.0,0.0,22.591722392915237,22.591722392915237,13.555033435749142,22.591722392915237
8,Biobio,8314,Alto Biobío,-14.760147601476016,0.0,0.0,0.0,0.0,0.0,14.760147601476016,0.0,0.0,-14.760147601476016,0.0,0.0,0.0,0.0,0.0,0.0,0.0,14.760147601476016,236.16236162361625,413.2841328413284,634.6863468634687,147.60147601476015
9,Araucania,9101,Temuco,23.437680527908995,22.447355998560727,23.767788704358416,13.864543410875743,11.883894352179208,9.243028940583828,11.553786175729787,13.534435234426322,19.146274234066503,12.874218881527478,6.932271705437872,2.64086541159538,3.3010817644942247,9.243028940583828,7.592488058336717,5.941947176089604,9.903245293482675,3.6311899409436474,6.272055352539027,3.9612981173930697,1.9806490586965348,2.64086541159538
9,Araucania,9102,Carahue,3.9237228282194145,0.0,3.9237228282194145,11.771168484658244,0.0,47.084673938632974,7.847445656438829,7.847445656438829,15.694891312877658,15.694891312877658,3.9237228282194145,-3.9237228282194145,15.694891312877658,3.9237228282194145,3.9237228282194145,-3.9237228282194145,3.9237228282194145,11.771168484658244,23.542336969316487,19.618614141097073,11.771168484658244,39.237228282194145
9,Araucania,9103,Cunco,0.0,0.0,27.693159789531986,0.0,0.0,0.0,5.538631957906397,0.0,0.0,0.0,0.0,-5.538631957906397,0.0,5.538631957906397,0.0,0.0,5.538631957906397,72.00221545278316,33.231791747438386,16.615895873719193,0.0,11.077263915812795
9,Araucania,9104,Curarrehue,12.81722635221738,12.81722635221738,0.0,12.81722635221738,0.0,0.0,0.0,0.0,0.0,0.0,0.0,0.0,0.0,0.0,0.0,0.0,0.0,0.0,0.0,0.0,0.0,0.0
9,Araucania,9105,Freire,0.0,11.78967224711153,0.0,0.0,0.0,0.0,0.0,0.0,3.929890749037177,3.929890749037177,0.0,0.0,0.0,0.0,7.859781498074354,39.29890749037177,27.509235243260235,11.78967224711153,43.228798239408945,66.808142733632,35.36901674133459,27.509235243260235
9,Araucania,9106,Galvarino,0.0,0.0,7.915776141850709,0.0,0.0,0.0,0.0,0.0,0.0,0.0,0.0,0.0,0.0,15.831552283701418,0.0,0.0,0.0,-7.915776141850709,7.915776141850709,31.663104567402836,71.24198527665638,237.47328425552126
9,Araucania,9107,Gorbea,13.203063110641668,6.601531555320834,19.804594665962505,0.0,0.0,0.0,0.0,0.0,0.0,13.203063110641668,0.0,0.0,0.0,6.601531555320834,0.0,6.601531555320834,6.601531555320834,13.203063110641668,6.601531555320834,6.601531555320834,6.601531555320834,0.0
9,Araucania,9108,Lautaro,14.725371815638345,4.908457271879448,14.725371815638345,7.362685907819173,0.0,7.362685907819173,7.362685907819173,4.908457271879448,7.362685907819173,9.816914543758896,9.816914543758896,0.0,4.908457271879448,12.27114317969862,19.633829087517793,4.908457271879448,0.0,2.454228635939724,12.27114317969862,12.27114317969862,29.45074363127669,26.996514995336966
9,Araucania,9109,Loncoche,0.0,8.084401147984963,0.0,8.084401147984963,0.0,0.0,12.126601721977444,0.0,0.0,0.0,4.042200573992481,32.33760459193985,0.0,8.084401147984963,0.0,0.0,0.0,4.042200573992481,0.0,56.59080803589474,24.253203443954888,20.21100286996241
9,Araucania,9110,Melipeuco,0.0,0.0,0.0,0.0,0.0,0.0,0.0,0.0,0.0,0.0,0.0,0.0,0.0,0.0,0.0,0.0,0.0,0.0,47.88507581803671,31.923383878691137,0.0,47.88507581803671
9,Araucania,9111,Nueva Imperial,5.921188974746129,26.64535038635758,14.802972436865323,11.842377949492258,5.921188974746129,8.881783462119193,20.72416141161145,5.921188974746129,8.881783462119193,-2.9605944873730645,23.684755898984516,8.881783462119193,0.0,-17.763566924238386,8.881783462119193,23.684755898984516,0.0,0.0,2.9605944873730645,2.9605944873730645,2.9605944873730645,2.9605944873730645
9,Araucania,9112,Padre Las Casas,6.089392278650591,23.139690658872244,13.396663013031299,6.089392278650591,0.0,0.0,3.653635367190354,7.307270734380708,15.832419924491536,8.525149190110827,10.960906101571064,13.396663013031299,1.217878455730118,1.217878455730118,1.217878455730118,17.050298380221655,4.871513822920472,9.743027645840945,9.743027645840945,9.743027645840945,13.396663013031299,10.960906101571064
9,Araucania,9113,Perquenco,0.0,13.844662882458813,-13.844662882458813,13.844662882458813,0.0,13.844662882458813,0.0,13.844662882458813,27.689325764917626,0.0,0.0,-13.844662882458813,0.0,0.0,0.0,0.0,0.0,0.0,0.0,0.0,0.0,83.06797729475288
9,Araucania,9114,Pitrufquén,7.664009809932557,3.8320049049662783,15.328019619865113,3.8320049049662783,0.0,15.328019619865113,7.664009809932557,-3.8320049049662783,7.664009809932557,0.0,0.0,3.8320049049662783,0.0,-7.664009809932557,0.0,0.0,7.664009809932557,19.160024524831393,30.656039239730227,30.656039239730227,22.992029429797668,42.15205395462906
9,Araucania,9115,Pucón,0.0,0.0,3.357732858773756,3.357732858773756,0.0,0.0,3.357732858773756,13.430931435095024,3.357732858773756,3.357732858773756,6.715465717547512,0.0,0.0,6.715465717547512,0.0,3.357732858773756,3.357732858773756,3.357732858773756,16.788664293868777,10.073198576321268,30.219595728963803,47.00826002283259
9,Araucania,9116,Saavedra,0.0,7.81677479871805,0.0,0.0,0.0,0.0,-7.81677479871805,7.81677479871805,54.717423591026346,54.717423591026346,7.81677479871805,62.5341983897444,70.35097318846243,70.35097318846243,78.16774798718049,117.25162198077074,54.717423591026346,46.900648792308296,15.6335495974361,15.6335495974361,23.450324396154148,0.0
9,Araucania,9117,Teodoro Schmidt,25.33890789306981,-12.669453946534905,6.334726973267452,0.0,6.334726973267452,6.334726973267452,0.0,0.0,0.0,6.334726973267452,0.0,0.0,0.0,-6.334726973267452,0.0,0.0,0.0,12.669453946534905,-6.334726973267452,12.669453946534905,12.669453946534905,0.0
9,Araucania,9118,Toltén,19.890601690701143,9.945300845350571,9.945300845350571,19.890601690701143,0.0,0.0,-9.945300845350571,0.0,0.0,0.0,0.0,0.0,0.0,19.890601690701143,0.0,0.0,0.0,0.0,59.67180507210343,9.945300845350571,9.945300845350571,0.0
9,Araucania,9119,Vilcún,3.2503412858350123,19.502047715010075,22.75238900084509,6.5006825716700245,0.0,13.001365143340049,9.751023857505038,6.5006825716700245,26.002730286680098,6.5006825716700245,0.0,16.251706429175062,3.2503412858350123,9.751023857505038,6.5006825716700245,26.002730286680098,6.5006825716700245,9.751023857505038,22.75238900084509,42.25443671585517,26.002730286680098,3.2503412858350123
9,Araucania,9120,Villarrica,5.075884472869397,3.3839229819129315,8.459807454782329,6.767845963825863,0.0,5.075884472869397,1.6919614909564658,-3.3839229819129315,1.6919614909564658,1.6919614909564658,0.0,1.6919614909564658,0.0,1.6919614909564658,1.6919614909564658,-1.6919614909564658,1.6919614909564658,0.0,1.6919614909564658,3.3839229819129315,10.151768945738795,3.3839229819129315
9,Araucania,9121,Cholchol,8.10307106393323,8.10307106393323,-8.10307106393323,8.10307106393323,8.10307106393323,0.0,0.0,8.10307106393323,0.0,0.0,0.0,8.10307106393323,0.0,-16.20614212786646,0.0,8.10307106393323,0.0,8.10307106393323,0.0,0.0,8.10307106393323,72.92763957539907
9,Araucania,9201,Angol,10.703200256876807,-1.7838667094794678,5.351600128438403,14.270933675835742,1.7838667094794678,7.135466837917871,14.270933675835742,3.5677334189589356,23.190267223233082,42.81280102750723,8.919333547397338,46.380534446466164,7.135466837917871,3.5677334189589356,10.703200256876807,7.135466837917871,3.5677334189589356,5.351600128438403,19.622533804274145,19.622533804274145,14.270933675835742,26.758000642192012
9,Araucania,9202,Collipulli,0.0,0.0,0.0,0.0,0.0,3.824384274131865,0.0,-3.824384274131865,3.824384274131865,3.824384274131865,3.824384274131865,3.824384274131865,0.0,7.64876854826373,0.0,0.0,3.824384274131865,19.121921370659322,30.59507419305492,22.946305644791188,11.473152822395594,3.824384274131865
9,Araucania,9203,Curacautín,0.0,0.0,11.002310485201892,5.501155242600946,11.002310485201892,0.0,0.0,0.0,0.0,5.501155242600946,0.0,-5.501155242600946,5.501155242600946,0.0,5.501155242600946,0.0,0.0,0.0,0.0,0.0,5.501155242600946,0.0
9,Araucania,9204,Ercilla,0.0,0.0,0.0,23.646252069047055,0.0,11.823126034523527,0.0,11.823126034523527,35.469378103570584,11.823126034523527,0.0,23.646252069047055,0.0,11.823126034523527,0.0,0.0,0.0,0.0,0.0,0.0,59.11563017261764,0.0
9,Araucania,9205,Lonquimay,0.0,0.0,0.0,0.0,0.0,0.0,0.0,0.0,0.0,0.0,0.0,0.0,0.0,45.25296406914653,36.202371255317225,81.45533532446375,117.65770657978098,217.21422753190333,45.25296406914653,9.050592813829306,0.0,9.050592813829306
9,Araucania,9206,Los Sauces,0.0,0.0,0.0,0.0,0.0,0.0,0.0,0.0,0.0,0.0,0.0,13.303179459890915,0.0,0.0,0.0,0.0,0.0,0.0,0.0,13.303179459890915,0.0,26.60635891978183
9,Araucania,9207,Lumaco,0.0,0.0,0.0,0.0,0.0,0.0,0.0,0.0,0.0,0.0,9.950248756218905,49.75124378109452,0.0,9.950248756218905,0.0,0.0,0.0,9.950248756218905,0.0,0.0,29.850746268656717,29.850746268656717
9,Araucania,9208,Purén,8.204791598293403,0.0,8.204791598293403,0.0,0.0,0.0,0.0,0.0,0.0,0.0,0.0,8.204791598293403,8.204791598293403,16.409583196586805,8.204791598293403,0.0,0.0,0.0,0.0,8.204791598293403,8.204791598293403,0.0
9,Araucania,9209,Renaico,0.0,0.0,0.0,9.231053263177328,0.0,9.231053263177328,0.0,0.0,9.231053263177328,9.231053263177328,0.0,0.0,9.231053263177328,64.6173728422413,0.0,18.462106526354656,18.462106526354656,27.693159789531986,18.462106526354656,9.231053263177328,27.693159789531986,0.0
9,Araucania,9210,Traiguén,0.0,0.0,0.0,0.0,5.177591384487936,5.177591384487936,0.0,0.0,5.177591384487936,0.0,0.0,-5.177591384487936,0.0,0.0,0.0,5.177591384487936,10.355182768975872,15.532774153463809,5.177591384487936,0.0,0.0,31.065548306927617
9,Araucania,9211,Victoria,5.639044745820057,11.278089491640115,2.8195223729100287,8.458567118730086,0.0,0.0,-5.639044745820057,0.0,42.29283559365044,76.12710406857079,8.458567118730086,33.83426847492034,2.8195223729100287,19.736656610370204,0.0,5.639044745820057,0.0,2.8195223729100287,8.458567118730086,16.91713423746017,8.458567118730086,56.39044745820058
10,Los Lagos,10101,Puerto Montt,3.7119800443952813,-7.052762084351035,3.7119800443952813,0.7423960088790562,0.7423960088790562,10.764742128746317,1.8559900221976406,1.1135940133185844,-0.3711980044395281,-0.7423960088790562,0.0,-7.795158093230091,0.0,0.0,0.7423960088790562,2.969584035516225,0.3711980044395281,9.279950110988203,8.166356097669619,4.454376053274338,4.083178048834809,22.27188026637169
10,Los Lagos,10102,Calbuco,2.7215327672545175,0.0,0.0,0.0,0.0,5.443065534509035,-5.443065534509035,8.164598301763554,-5.443065534509035,2.7215327672545175,0.0,0.0,0.0,0.0,2.7215327672545175,0.0,0.0,0.0,0.0,0.0,0.0,0.0
10,Los Lagos,10103,Cochamó,0.0,0.0,0.0,0.0,0.0,0.0,0.0,24.962556165751376,0.0,0.0,0.0,0.0,0.0,0.0,0.0,0.0,0.0,0.0,0.0,0.0,0.0,0.0
10,Los Lagos,10104,Fresia,0.0,0.0,0.0,0.0,0.0,0.0,0.0,7.901390644753477,0.0,-7.901390644753477,0.0,0.0,0.0,0.0,0.0,0.0,0.0,0.0,0.0,0.0,0.0,0.0
10,Los Lagos,10105,Frutillar,0.0,4.94486475794887,9.88972951589774,0.0,0.0,9.88972951589774,4.94486475794887,0.0,0.0,0.0,0.0,0.0,0.0,0.0,0.0,4.94486475794887,0.0,0.0,9.88972951589774,9.88972951589774,4.94486475794887,0.0
10,Los Lagos,10106,Los Muermos,0.0,0.0,0.0,0.0,0.0,0.0,0.0,0.0,0.0,0.0,0.0,0.0,0.0,0.0,5.612617163383286,0.0,0.0,0.0,0.0,0.0,0.0,0.0
10,Los Lagos,10107,Llanquihue,0.0,0.0,0.0,0.0,0.0,16.110842597067826,-10.740561731378552,5.370280865689276,-5.370280865689276,0.0,0.0,0.0,0.0,0.0,26.851404328446378,0.0,0.0,0.0,0.0,0.0,0.0,0.0
10,Los Lagos,10108,Maullín,0.0,0.0,0.0,0.0,6.7141130656640255,0.0,0.0,6.7141130656640255,-6.7141130656640255,0.0,0.0,0.0,0.0,0.0,0.0,0.0,13.428226131328051,73.8552437223043,6.7141130656640255,0.0,0.0,0.0
10,Los Lagos,10109,Puerto Varas,0.0,2.0567667626491155,4.113533525298231,-2.0567667626491155,0.0,6.170300287947346,2.0567667626491155,2.0567667626491155,0.0,2.0567667626491155,0.0,0.0,-2.0567667626491155,0.0,0.0,0.0,2.0567667626491155,4.113533525298231,8.227067050596462,4.113533525298231,2.0567667626491155,24.681201151789384
10,Los Lagos,10201,Castro,0.0,0.0,6.30159430335875,4.201062868905833,2.1005314344529165,0.0,0.0,0.0,0.0,0.0,0.0,2.1005314344529165,0.0,-2.1005314344529165,0.0,2.1005314344529165,0.0,0.0,0.0,0.0,0.0,0.0
10,Los Lagos,10202,Ancud,0.0,0.0,0.0,4.710537472325592,2.355268736162796,0.0,0.0,0.0,11.77634368081398,2.355268736162796,0.0,2.355268736162796,11.77634368081398,18.84214988930237,58.88171840406991,28.263224833953558,14.131612416976779,40.03956851476754,0.0,2.355268736162796,0.0,2.355268736162796
10,Los Lagos,10203,Chonchi,0.0,0.0,0.0,0.0,0.0,0.0,0.0,0.0,0.0,0.0,0.0,0.0,0.0,0.0,0.0,0.0,0.0,0.0,0.0,0.0,0.0,0.0
10,Los Lagos,10204,Curaco de Vélez,0.0,0.0,0.0,0.0,0.0,0.0,0.0,0.0,0.0,0.0,0.0,0.0,0.0,0.0,0.0,0.0,0.0,0.0,0.0,0.0,0.0,0.0
10,Los Lagos,10205,Dalcahue,0.0,0.0,0.0,0.0,0.0,0.0,0.0,0.0,0.0,0.0,0.0,0.0,0.0,0.0,0.0,0.0,0.0,13.272280841462607,26.544561682925213,0.0,0.0,0.0
10,Los Lagos,10206,Puqueldón,0.0,0.0,0.0,0.0,0.0,0.0,0.0,0.0,0.0,0.0,0.0,0.0,0.0,0.0,0.0,0.0,0.0,0.0,0.0,0.0,0.0,0.0
10,Los Lagos,10207,Queilén,0.0,0.0,0.0,0.0,0.0,0.0,0.0,0.0,0.0,0.0,0.0,0.0,0.0,0.0,0.0,0.0,0.0,0.0,0.0,0.0,0.0,0.0
10,Los Lagos,10208,Quellón,0.0,0.0,0.0,0.0,0.0,0.0,0.0,0.0,0.0,0.0,0.0,0.0,3.4119212528574843,0.0,0.0,0.0,0.0,0.0,0.0,0.0,0.0,0.0
10,Los Lagos,10209,Quemchi,0.0,0.0,0.0,0.0,0.0,0.0,0.0,0.0,0.0,0.0,0.0,0.0,0.0,0.0,0.0,0.0,0.0,45.542525333029715,11.385631333257429,11.385631333257429,79.69941933280201,11.385631333257429
10,Los Lagos,10210,Quinchao,0.0,0.0,0.0,0.0,0.0,0.0,0.0,0.0,0.0,0.0,0.0,0.0,0.0,0.0,0.0,0.0,0.0,0.0,0.0,0.0,0.0,0.0
10,Los Lagos,10301,Osorno,31.14007266016954,24.796724525690557,15.57003633008477,9.803356207831152,7.496684158929704,6.9200161467043415,5.190012110028257,4.613344097802895,9.22668819560579,7.496684158929704,2.3066720489014476,13.840032293408683,5.190012110028257,2.8833400611268094,2.3066720489014476,9.22668819560579,0.5766680122253619,1.1533360244507238,0.0,6.9200161467043415,8.073352171155065,12.686696268957961
10,Los Lagos,10302,Puerto Octay,0.0,0.0,0.0,0.0,0.0,0.0,0.0,0.0,0.0,10.879025239338555,21.75805047867711,0.0,-10.879025239338555,21.75805047867711,0.0,0.0,0.0,0.0,0.0,0.0,0.0,0.0
10,Los Lagos,10303,Purranque,4.743833017077799,18.975332068311197,0.0,28.46299810246679,23.719165085388994,0.0,0.0,0.0,0.0,4.743833017077799,0.0,9.487666034155598,18.975332068311197,18.975332068311197,0.0,14.231499051233396,0.0,9.487666034155598,14.231499051233396,109.10815939278936,18.975332068311197,18.975332068311197
10,Los Lagos,10304,Puyehue,0.0,0.0,0.0,8.483922965979469,0.0,0.0,-8.483922965979469,0.0,0.0,0.0,8.483922965979469,16.967845931958937,0.0,16.967845931958937,0.0,0.0,0.0,8.483922965979469,0.0,0.0,16.967845931958937,16.967845931958937
10,Los Lagos,10305,Río Negro,0.0,7.005253940455341,0.0,0.0,7.005253940455341,7.005253940455341,0.0,7.005253940455341,0.0,7.005253940455341,0.0,35.02626970227671,21.015761821366024,35.02626970227671,7.005253940455341,42.03152364273205,0.0,7.005253940455341,7.005253940455341,35.02626970227671,0.0,-7.005253940455341
10,Los Lagos,10306,San Juan de la Costa,0.0,0.0,91.6350307631889,52.36287472182222,0.0,39.27215604136667,-13.090718680455556,26.18143736091111,13.090718680455556,78.54431208273334,26.18143736091111,26.18143736091111,39.27215604136667,-26.18143736091111,65.45359340227779,26.18143736091111,0.0,0.0,0.0,0.0,0.0,0.0
10,Los Lagos,10307,San Pablo,0.0,9.47597839476926,0.0,37.90391357907704,0.0,0.0,0.0,0.0,18.95195678953852,0.0,0.0,9.47597839476926,9.47597839476926,-9.47597839476926,0.0,0.0,9.47597839476926,0.0,18.95195678953852,0.0,0.0,0.0
10,Los Lagos,10401,Chaitén,19.9203187250996,0.0,0.0,0.0,0.0,0.0,0.0,0.0,0.0,0.0,0.0,0.0,0.0,0.0,0.0,0.0,0.0,0.0,0.0,0.0,0.0,0.0
10,Los Lagos,10402,Futaleufú,0.0,0.0,0.0,0.0,0.0,0.0,0.0,0.0,0.0,0.0,0.0,0.0,0.0,0.0,0.0,0.0,0.0,35.637918745545264,0.0,0.0,0.0,0.0
10,Los Lagos,10403,Hualaihué,20.99737532808399,0.0,0.0,0.0,0.0,0.0,0.0,0.0,0.0,0.0,0.0,0.0,0.0,0.0,0.0,0.0,0.0,0.0,0.0,0.0,0.0,10.498687664041995
10,Los Lagos,10404,Palena,0.0,0.0,0.0,0.0,0.0,0.0,0.0,0.0,0.0,0.0,0.0,0.0,0.0,0.0,0.0,0.0,0.0,0.0,0.0,0.0,0.0,0.0
11,Aisen,11101,Coyhaique,0.0,0.0,-1.6337199803953601,0.0,0.0,0.0,1.6337199803953601,0.0,1.6337199803953601,0.0,0.0,-1.6337199803953601,0.0,1.6337199803953601,0.0,0.0,0.0,0.0,3.2674399607907203,3.2674399607907203,1.6337199803953601,3.2674399607907203
11,Aisen,11102,Lago Verde,0.0,0.0,0.0,0.0,0.0,0.0,0.0,0.0,0.0,0.0,0.0,0.0,0.0,0.0,0.0,0.0,0.0,0.0,0.0,0.0,0.0,0.0
11,Aisen,11201,Aisén,,,3.999680025597952,-3.999680025597952,0.0,0.0,-3.999680025597952,0.0,-7.999360051195904,0.0,0.0,0.0,0.0,0.0,0.0,0.0,0.0,0.0,0.0,11.999040076793856,0.0,0.0
11,Aisen,11202,Cisnes,0.0,0.0,0.0,0.0,0.0,0.0,0.0,0.0,0.0,0.0,0.0,0.0,0.0,0.0,0.0,0.0,0.0,0.0,0.0,0.0,0.0,0.0
11,Aisen,11203,Guaitecas,0.0,0.0,0.0,0.0,0.0,0.0,0.0,0.0,0.0,0.0,0.0,0.0,0.0,0.0,0.0,0.0,0.0,0.0,0.0,0.0,0.0,0.0
11,Aisen,11301,Cochrane,0.0,0.0,0.0,0.0,0.0,0.0,0.0,0.0,0.0,0.0,0.0,0.0,0.0,0.0,0.0,0.0,0.0,0.0,0.0,0.0,0.0,0.0
11,Aisen,11302,O'Higgins,0.0,0.0,0.0,0.0,0.0,0.0,0.0,0.0,0.0,0.0,0.0,0.0,0.0,0.0,0.0,0.0,0.0,0.0,0.0,0.0,0.0,0.0
11,Aisen,11303,Tortel,0.0,0.0,0.0,174.82517482517483,0.0,0.0,0.0,0.0,-174.82517482517483,0.0,0.0,0.0,0.0,0.0,0.0,0.0,0.0,0.0,0.0,0.0,0.0,0.0
11,Aisen,11401,Chile Chico,0.0,0.0,19.527436047646944,0.0,0.0,0.0,0.0,0.0,0.0,0.0,0.0,0.0,0.0,0.0,0.0,0.0,0.0,0.0,0.0,0.0,0.0,0.0
11,Aisen,11402,Río Ibáñez,0.0,0.0,0.0,0.0,0.0,0.0,0.0,0.0,0.0,0.0,0.0,0.0,0.0,0.0,0.0,0.0,0.0,0.0,0.0,0.0,0.0,0.0
12,Magallanes y la Antartica Chilena,12101,Punta Arenas,40.84967320261438,39.44106378183457,42.25828262339419,2.817218841559612,64.79603335587109,61.978814514311466,20.42483660130719,38.03245436105477,32.398016677935544,45.7798061753437,29.58079783637593,43.66689204417399,41.55397791300428,57.04868154158215,23.2420554428668,24.650664863646607,22.537750732476898,14.086094207798062,16.199008338967772,21.833446022086996,7.043047103899031,10.564570655848547
12,Magallanes y la Antartica Chilena,12102,Laguna Blanca,0.0,0.0,0.0,0.0,0.0,0.0,0.0,0.0,0.0,0.0,0.0,0.0,0.0,0.0,0.0,0.0,0.0,378.7878787878788,0.0,-378.7878787878788,0.0,0.0
12,Magallanes y la Antartica Chilena,12103,Río Verde,0.0,0.0,0.0,0.0,0.0,0.0,0.0,0.0,0.0,0.0,0.0,0.0,0.0,0.0,0.0,0.0,0.0,0.0,0.0,0.0,0.0,0.0
12,Magallanes y la Antartica Chilena,12104,San Gregorio,0.0,0.0,0.0,0.0,0.0,0.0,0.0,0.0,0.0,0.0,0.0,0.0,0.0,146.84287812041114,0.0,146.84287812041114,0.0,146.84287812041114,0.0,-146.84287812041114,0.0,0.0
12,Magallanes y la Antartica Chilena,12201,Cabo de Hornos,50.42864346949067,0.0,201.7145738779627,50.42864346949067,100.85728693898135,252.14321734745334,0.0,0.0,-50.42864346949067,0.0,100.85728693898135,0.0,0.0,0.0,50.42864346949067,0.0,0.0,50.42864346949067,50.42864346949067,0.0,0.0,-50.42864346949067
12,Magallanes y la Antartica Chilena,12202,Antártica,0.0,0.0,0.0,0.0,0.0,0.0,0.0,0.0,0.0,0.0,0.0,0.0,0.0,0.0,0.0,0.0,0.0,0.0,0.0,0.0,0.0,0.0
12,Magallanes y la Antartica Chilena,12301,Porvenir,27.311211252219035,0.0,13.655605626109518,0.0,0.0,13.655605626109518,0.0,13.655605626109518,40.96681687832856,0.0,0.0,0.0,0.0,13.655605626109518,0.0,0.0,0.0,0.0,0.0,0.0,0.0,0.0
12,Magallanes y la Antartica Chilena,12302,Primavera,0.0,0.0,0.0,0.0,0.0,0.0,0.0,144.0922190201729,0.0,0.0,0.0,0.0,0.0,0.0,0.0,0.0,0.0,0.0,0.0,0.0,0.0,0.0
12,Magallanes y la Antartica Chilena,12303,Timaukel,0.0,0.0,0.0,0.0,0.0,0.0,0.0,0.0,0.0,0.0,0.0,0.0,0.0,0.0,0.0,0.0,0.0,0.0,0.0,0.0,0.0,0.0
12,Magallanes y la Antartica Chilena,12401,Natales,12.614582457320662,4.204860819106888,0.0,0.0,4.204860819106888,0.0,0.0,4.204860819106888,-4.204860819106888,4.204860819106888,4.204860819106888,0.0,0.0,4.204860819106888,0.0,0.0,8.409721638213776,4.204860819106888,0.0,4.204860819106888,0.0,0.0
12,Magallanes y la Antartica Chilena,12402,Torres del Paine,0.0,0.0,0.0,0.0,0.0,0.0,0.0,0.0,0.0,0.0,0.0,0.0,97.94319294809011,0.0,-97.94319294809011,0.0,0.0,0.0,0.0,0.0,0.0,0.0
13,Region Metropolitana,13101,Santiago,5.7637231266409215,3.3787342466515753,12.12369347327918,7.3537157133004865,9.937453666622279,10.732449959952062,5.7637231266409215,11.72619532661429,7.3537157133004865,21.464899919904123,18.284914746584995,55.64974053308477,62.40720902638791,73.93465527966977,41.141058179816234,149.856801292664,66.38219049303683,193.581597425802,135.74561708606035,198.55032425911313,131.37313747274652,161.18549847261338
13,Region Metropolitana,13102,Cerrillos,1.1241512657943251,0.0,1.1241512657943251,6.7449075947659525,11.241512657943252,8.993210126354601,11.241512657943252,10.117361392148927,5.620756328971626,14.61396645532623,15.738117721120554,55.08341202392194,125.90494176896443,75.3181348082198,23.607176581680832,115.7875803768155,59.58001708709924,173.11929493232608,133.77400062952472,132.64984936373037,132.64984936373037,145.01551328746797
13,Region Metropolitana,13103,Cerro Navia,1.403853578071807,3.5096339451795173,3.5096339451795173,3.5096339451795173,4.211560734215421,10.528901835538553,5.615414312287228,9.82697504650265,14.03853578071807,13.336608991682168,11.93275541361036,30.88477871757976,33.69248587372337,40.0098269750465,72.29845927069807,62.47148422419542,45.625241287333736,217.5973046011301,99.67360404309831,166.35664900150914,256.9052047871407,207.77032955462747
13,Region Metropolitana,13104,Conchalí,2.8736664391680735,2.8736664391680735,7.184166097920184,4.310499658752111,6.465749488128165,3.592083048960092,2.8736664391680735,5.747332878336147,11.494665756672294,12.93149897625633,10.776249146880277,53.16282912460936,77.58899385753799,79.74424368691405,45.978663026689176,112.07299112755487,58.910162002945505,255.03789647616654,220.55389920614962,289.5218937461834,170.26473652070837,229.8933151334459
13,Region Metropolitana,13105,El Bosque,5.813953488372094,4.069767441860465,1.1627906976744184,5.232558139534883,10.465116279069766,11.046511627906977,5.813953488372094,8.13953488372093,11.627906976744187,10.465116279069766,18.604651162790695,34.30232558139535,22.674418604651162,59.30232558139535,36.04651162790698,100.58139534883722,67.44186046511628,173.25581395348837,80.23255813953489,165.11627906976744,119.76744186046511,216.86046511627904
13,Region Metropolitana,13106,Estación Central,2.9014662075902358,1.4507331037951179,5.319354713915432,2.4178885063251965,9.671554025300786,4.835777012650393,8.704398622770707,5.8029324151804715,9.187976324035747,20.31026345313165,21.760996556926766,64.79941196951526,51.25923633409416,63.348678865720146,48.84134782776896,132.9838678478858,70.60234438469573,176.98943866300436,113.15718209601918,138.30322256180122,154.2612867035475,150.87624279469225
13,Region Metropolitana,13107,Huechuraba,1.7773354187402248,2.666003128110337,8.886677093701124,2.666003128110337,2.666003128110337,8.886677093701124,4.443338546850562,5.332006256220674,6.220673965590786,9.775344803071235,4.443338546850562,27.548698990473483,32.880705246694156,62.20673965590787,38.212711502914836,99.53078344945257,33.76937295606427,227.49893359874878,151.9621783022892,146.63017204606854,248.82695862363147,148.40750746480876
13,Region Metropolitana,13108,Independencia,1.4078062858550664,3.5195157146376657,2.815612571710133,3.5195157146376657,4.223418857565199,10.558547143912998,5.631225143420266,14.078062858550663,24.636610002463662,57.01615457713019,35.19515714637666,130.22208144159364,114.7362122971879,170.34456058846303,109.80889029669517,145.70795058599936,92.21131172350684,259.7402597402597,200.61239573434696,409.6716291838243,251.29342202512933,306.90177031640445
13,Region Metropolitana,13109,La Cisterna,1.9913575084134854,0.0,7.965430033653941,5.974072525240457,7.965430033653941,4.978393771033714,5.974072525240457,1.9913575084134854,13.939502558894397,11.948145050480914,10.95246629627417,37.835792659856224,20.9092538383416,61.73208276081805,45.80122269351017,96.58083915805405,78.65862158233269,218.05364717127668,72.68454905709221,125.45552303004958,166.27835195252604,172.25242447776648
13,Region Metropolitana,13110,La Florida,3.727328524251242,2.236397114550745,5.963725638801987,2.9818628194009933,5.715237070518571,9.691054163053229,2.7333742511175774,8.697099889919565,4.969771365668322,12.672916982454222,11.430474141037141,24.848856828341614,37.273285242512415,61.12818779772036,61.376676366003785,116.04416138835532,86.72251033091223,155.8023323137019,184.37851766629475,166.73582931817222,154.80837804056824,170.7116464107069
13,Region Metropolitana,13111,La Granja,2.447840596620348,6.527574924320928,6.527574924320928,1.631893731080232,8.159468655401161,8.159468655401161,4.079734327700581,7.343521789861044,7.343521789861044,8.975415520941278,12.239202983101741,35.08571521822498,44.87707760470638,67.72358983982963,58.74817431888835,234.17675041001328,134.63123281411913,375.33555814845334,415.31695455991905,356.5687802410307,339.43389606468827,161.55747937694298
13,Region Metropolitana,13112,La Pintana,4.225314918002482,1.5844930942509308,2.6408218237515513,3.6971505532521722,7.3943011065043445,8.450629836004964,7.922465471254655,9.506958565505586,10.035122930255897,11.091451659756515,35.387012438270794,39.084162991522966,40.14049172102359,72.88668233554282,41.1968204505242,147.35785776533658,119.89331079832043,192.77999313386326,196.47714368711544,303.6945097314284,254.57522380964957,252.46256635064833
13,Region Metropolitana,13113,La Reina,1.9949726688744365,3.989945337748873,4.987431672186092,8.977377009934964,7.979890675497746,1.9949726688744365,1.9949726688744365,2.9924590033116547,2.9924590033116547,2.9924590033116547,18.952240354307147,23.939672026493238,27.92961736424211,36.906994374177074,21.9446993576188,51.86928939073535,46.881857718549256,89.77377009934963,100.74611977815904,158.6003271755177,90.77125643378686,128.67573714240115
13,Region Metropolitana,13114,Las Condes,8.163043182498436,4.837358922962036,10.279387711294326,2.418679461481018,4.535023990276909,4.535023990276909,3.0233493268512723,4.232689057591782,1.8140095961107634,6.046698653702545,2.7210143941661453,16.326086364996872,20.558775422588653,45.047904970083955,33.861512460734254,67.42068998878338,37.18719672027065,107.32890110322016,98.56118805535148,113.67793468960784,89.18880514211254,94.02616406507457
13,Region Metropolitana,13115,Lo Barnechea,8.059576388665011,5.641703472065508,9.671491666398014,6.44766111093201,4.029788194332506,4.835745833199007,7.25361874979851,15.313195138463522,10.477449305264514,10.477449305264514,19.342983332796027,35.46213611012605,28.208517360327544,87.04342499758214,33.04426319352655,78.98384860891711,45.133627776524065,133.7889680518392,120.89364582997517,135.4008833295722,95.90895902511363,150.71407846803572
13,Region Metropolitana,13116,Lo Espejo,2.888364704183315,1.9255764694555433,5.77672940836663,7.702305877822173,10.590670582005488,13.479035286188804,7.702305877822173,3.8511529389110866,6.739517643094402,12.516247051461033,19.255764694555435,28.88364704183315,30.809223511288693,57.7672940836663,34.66037645019978,158.8600587300823,98.20439994223271,253.21330573340393,103.01834111587156,159.82284696481008,225.29244692629857,188.70649400664323
13,Region Metropolitana,13117,Lo Prado,3.8313075294771224,1.9156537647385612,4.789134411846403,6.704788176584963,2.873480647107842,7.662615058954245,3.8313075294771224,14.367403235539209,12.451749470800648,12.451749470800648,22.030018294493452,56.51178605978756,38.313075294771224,45.97569035372547,68.00570864821893,58.42743982452612,43.10220970661763,174.32449259120907,99.61399576640518,171.45101194410123,219.34235606256524,208.80626035650317
13,Region Metropolitana,13118,Macul,3.7137445686485684,5.94199130983771,8.17023805102685,2.228246741189141,4.456493482378282,4.456493482378282,1.4854978274594275,4.456493482378282,5.199242396107995,18.568722843242842,15.597727188323987,19.311471756972555,33.42370111783711,67.59015114940394,47.53593047870168,139.63679578118615,109.1840903182679,206.48419801686038,154.49177405578044,189.40097300107698,202.02770453448213,167.1185055891856
13,Region Metropolitana,13119,Maipú,2.073953733548794,1.5554653001615957,3.283760078118924,3.975077989301855,10.542598145539703,6.221861200646383,6.567520156237848,7.431667545216512,4.83922537828052,8.987132845378108,6.04903172285065,13.99918770145436,17.282947779573284,23.850467935811132,21.776514202262337,63.60124782882968,23.331979502423934,112.85764900061355,92.80942957630853,113.37613743400074,98.85846129915917,126.85683670206791
13,Region Metropolitana,13120,Ñuñoa,6.794781607725267,3.597237321736906,5.595702500479631,4.396623393233996,14.788642322696168,6.395088571976722,6.794781607725267,11.591098036707807,9.192939822216537,11.591098036707807,8.793246786467993,15.188335358444712,14.388949286947623,27.978512502398157,17.98618660868453,84.73492357869156,39.969303574854514,119.50821768881498,89.5312400076741,138.69348340474517,111.11466393809555,123.90484108204897
13,Region Metropolitana,13121,Pedro Aguirre Cerda,5.565707818891868,0.0,2.782853909445934,2.782853909445934,15.769505486860291,16.6971234566756,14.841887517044979,7.4209437585224896,10.203797667968423,18.552359396306226,18.552359396306226,47.308516460580876,45.45328052095025,60.29516803799524,51.018988339842124,163.26076268749478,122.44557201562108,216.13498696696752,96.47226886079237,143.78078532137326,153.05696501952636,117.80748216654455
13,Region Metropolitana,13122,Peñalolén,5.62223105120728,2.9985232273105495,4.122969437552006,4.872600244379643,7.496308068276374,12.368908312656018,2.248892420482912,9.370385085345468,9.370385085345468,8.245938875104011,16.86669315362184,25.48744743213967,30.73486307993313,62.2193569666939,78.33641931348811,141.6802224904235,116.94240586511144,258.99744375894875,269.1174596511218,235.00925794046435,263.12041319650075,259.3722591623625
13,Region Metropolitana,13123,Providencia,3.1695922002675134,4.437429080374519,6.339184400535027,6.973102840588529,8.874858160749039,4.437429080374519,6.973102840588529,10.776613480909546,10.142695040856044,10.142695040856044,2.535673760214011,16.481879441391072,15.214042561284064,37.40118796315666,39.936861723370676,63.391844005350265,30.428085122568127,117.9088298499515,88.74858160749038,142.6316490120381,82.40939720695536,128.05152489080754
13,Region Metropolitana,13124,Pudahuel,3.160319034206503,2.7652791549306905,4.740478551309755,3.160319034206503,5.925598189137194,4.345438672033942,3.950398792758129,5.925598189137194,5.925598189137194,7.505757706240445,11.851196378274388,26.07263203220365,21.72719336016971,33.18334985916828,47.00974563382173,51.750224185131486,48.19486527164918,138.65899762581034,111.00620607650343,139.05403750508614,221.22233239445524,214.5066544467664
13,Region Metropolitana,13125,Quilicura,4.711536196376829,1.5705120654589428,7.0673042945652425,2.3557680981884146,8.637816360024186,5.889420245471036,2.74839611455315,4.318908180012093,6.674676278200507,13.741980572765751,28.26921717826097,73.42143906020557,48.29324601286249,83.23713946932398,26.698705112802028,99.72751615664288,44.366965849215134,157.0512065458943,147.2355061367759,265.41653906256136,175.50472331503687,178.64574744595475
13,Region Metropolitana,13126,Quinta Normal,2.933239469670304,7.33309867417576,4.399859204505455,11.732957878681216,8.79971840901091,10.99964801126364,15.399507215769097,14.66619734835152,17.59943681802182,16.866126950604247,16.132817083186673,49.86507098439516,32.265634166373346,52.0650005866479,60.13140912824123,74.06429660917517,49.13176111697759,184.79408658922915,115.12964918455943,160.59486096444914,214.85979115334976,255.925143728734
13,Region Metropolitana,13127,Recoleta,3.1566486913060636,4.7349730369590946,6.313297382612127,4.208864921741418,4.7349730369590946,6.313297382612127,4.208864921741418,13.67881099565961,9.996054189135867,25.25318953044851,27.35762199131922,90.49059581744048,107.32605550440617,150.99302906747337,73.12902801525713,158.88465079573854,97.85610943048796,325.6609233197422,223.5959489675128,382.48059976325135,176.77232671313953,219.3870840457714
13,Region Metropolitana,13128,Renca,3.108544144435395,2.486835315548316,0.621708828887079,1.8651264866612371,3.7302529733224743,8.703923604419106,4.973670631096632,12.43417657774158,7.460505946644949,15.542720722176975,14.921011893289897,33.57227675990227,43.51961802209553,54.08866811317587,47.24987099541801,57.19721225761127,59.06233874427251,225.0585960571226,100.7168302797068,152.31866307733438,187.1343574950108,313.96295858797487
13,Region Metropolitana,13129,San Joaquín,10.629559839590279,3.865294487123738,7.730588974247476,5.797941730685607,9.663236217809345,5.797941730685607,9.663236217809345,15.461177948494951,16.427501570275886,16.427501570275886,29.95603227520897,32.85500314055177,81.1711842295985,123.68942358795961,77.30588974247476,243.5135526887955,171.03928105522542,406.82224476977336,98.56500942165532,170.07295743344446,261.87370150263325,187.46678262550128
13,Region Metropolitana,13130,San Miguel,5.260824145679736,5.260824145679736,7.515463065256767,5.260824145679736,9.770101984833795,12.776287210936502,8.267009371782443,10.521648291359472,15.030926130513533,15.782472437039207,15.782472437039207,30.061852261027067,31.564944874078414,71.39689911993928,41.335046858912214,118.74431643105689,76.65772326561901,263.0412072839868,142.79379823987856,179.6195672596367,182.6257524857394,226.21543826422865
13,Region Metropolitana,13131,San Ramón,5.779678649867067,3.467807189920241,0.0,3.467807189920241,6.935614379840482,2.311871459946827,8.091550109813895,5.779678649867067,11.559357299734135,27.742457519361928,27.742457519361928,62.42052941856433,87.85111547797942,123.68512310715525,62.42052941856433,297.07548260316725,93.6307941278465,404.57750549069465,300.5432897930875,247.3702462143105,179.1700381458791,165.29880938619814
13,Region Metropolitana,13132,Vitacura,7.233347800028933,10.333354000041332,14.466695600057866,0.0,5.166677000020666,8.266683200033066,1.0333354000041333,2.0666708000082665,2.0666708000082665,1.0333354000041333,5.166677000020666,14.466695600057866,12.400024800049602,48.566763800194266,41.33341600016533,76.46681960030587,46.500093000186,118.83357100047533,86.80017360034721,79.56682580031827,68.2001364002728,70.26680720028106
13,Region Metropolitana,13201,Puente Alto,2.0126674190946403,2.786770272592579,6.657284540082272,7.276566822880623,11.301901661069904,12.850107368065778,8.050669676378561,15.172415928559596,13.933851362962896,19.50739190814805,11.766363373168666,19.352571337448463,37.15693696790105,42.57565694238662,39.32442495769528,78.49402934469097,95.21465098024645,135.932461074238,129.58481767555492,197.39622764197435,143.6734896092174,192.13232823818834
13,Region Metropolitana,13202,Pirque,6.571813491933099,0.0,6.571813491933099,0.0,16.429533729832745,3.2859067459665496,6.571813491933099,3.2859067459665496,3.2859067459665496,6.571813491933099,9.857720237899649,36.144974205632046,42.716787697565145,26.287253967732397,23.001347221765847,111.72082936286267,49.28860118949824,95.29129563302993,108.43492261689613,203.72621824992606,190.58259126605986,115.00673610882923
13,Region Metropolitana,13203,San José de Maipo,0.0,0.0,5.363655867839519,0.0,5.363655867839519,0.0,0.0,0.0,0.0,16.090967603518557,5.363655867839519,21.454623471358076,59.00021454623471,64.36387041407423,37.54559107487663,101.90946148895088,64.36387041407423,155.54602016734606,187.72795537438319,262.81913752413647,193.0916112422227,53.6365586783952
13,Region Metropolitana,13301,Colina,3.8812772729036946,4.435745454747079,1.6634045455301547,6.653618182120619,2.2178727273735395,4.435745454747079,1.6634045455301547,2.2178727273735395,4.990213636590465,2.7723409092169247,4.435745454747079,14.416172727928009,12.752768182397855,43.24851818378402,32.71362272875971,77.62554545807389,33.82255909244648,161.350240916425,120.87406364185792,144.1617272792801,106.4578909139299,161.350240916425
13,Region Metropolitana,13302,Lampa,0.0,2.3641034531671106,0.7880344843890369,3.1521379375561476,6.304275875112295,8.668379328279405,3.1521379375561476,3.1521379375561476,2.3641034531671106,7.880344843890368,7.880344843890368,22.064965562893033,16.548724172169774,43.34189664139703,19.70086210972592,63.83079323551198,22.064965562893033,123.72141404907877,155.24279342464027,160.75903481536352,98.5043105486296,93.7761036422954
13,Region Metropolitana,13303,Tiltil,,,0.0,4.65614378171998,0.0,0.0,0.0,0.0,4.65614378171998,0.0,0.0,18.62457512687992,13.968431345159939,0.0,4.65614378171998,37.24915025375984,13.968431345159939,74.49830050751967,135.0281696698794,200.2141826139591,41.90529403547981,60.52986916235974
13,Region Metropolitana,13401,San Bernardo,2.6878830233308246,3.583844031107766,6.271727054438592,1.4932683462949026,11.34883943184126,6.869034392956551,4.778458708143688,12.543454108877183,11.64749310110024,24.19094720997742,16.127298139984948,18.81518116331577,32.55324994922888,41.51286002699829,26.878830233308246,73.17014896845022,68.39169026030653,167.2460547850291,92.28398380102497,126.33050209654876,100.94494020953542,158.58509837651866
13,Region Metropolitana,13402,Buin,0.9120675659652866,5.4724053957917205,5.4724053957917205,0.0,8.20860809368758,6.384472961757006,3.6482702638611464,2.7362026978958602,3.6482702638611464,5.4724053957917205,6.384472961757006,19.15341888527102,10.032743225618153,20.065486451236307,34.658567506680896,58.37232422177834,38.30683777054204,91.20675659652866,67.49299988143122,35.57063507264618,62.93266205160479,138.63427002672358
13,Region Metropolitana,13403,Calera de Tango,3.5056967572304996,0.0,0.0,3.5056967572304996,0.0,7.011393514460999,0.0,3.5056967572304996,10.5170902716915,3.5056967572304996,0.0,7.011393514460999,0.0,14.022787028921998,7.011393514460999,21.034180543383,10.5170902716915,63.10254163014899,56.09114811568799,59.59684487291849,35.056967572305,56.09114811568799
13,Region Metropolitana,13404,Paine,0.0,0.0,0.0,0.0,4.832902399536041,1.2082255998840103,1.2082255998840103,1.2082255998840103,1.2082255998840103,2.4164511997680207,2.4164511997680207,7.2493535993040625,6.041127999420052,25.372737597564214,10.874030398956092,62.82773119396853,21.748060797912185,61.61950559408453,25.372737597564214,61.61950559408453,28.99741439721625,89.40869439141676
13,Region Metropolitana,13501,Melipilla,1.4123096912691016,0.7061548456345508,1.4123096912691016,0.7061548456345508,2.824619382538203,0.7061548456345508,1.4123096912691016,4.236929073807304,7.061548456345507,3.5307742281727537,5.649238765076406,18.36002598649832,25.42157444284383,6.355393610710958,12.004632375787363,22.596955060305625,20.478490523401973,79.79549755670423,72.02779425472417,85.44473632178064,112.98477530152812,136.99404005310285
13,Region Metropolitana,13502,Alhué,0.0,0.0,0.0,0.0,0.0,0.0,0.0,0.0,0.0,0.0,0.0,0.0,0.0,0.0,0.0,0.0,0.0,27.008777852802158,13.504388926401079,27.008777852802158,27.008777852802158,0.0
13,Region Metropolitana,13503,Curacaví,0.0,0.0,8.234971177600878,2.744990392533626,2.744990392533626,8.234971177600878,2.744990392533626,0.0,0.0,2.744990392533626,0.0,10.979961570134504,10.979961570134504,5.489980785067252,27.44990392533626,82.34971177600879,49.40982706560527,90.58468295360966,90.58468295360966,148.2294811968158,189.40433708482018,172.93439472961845
13,Region Metropolitana,13504,María Pinto,0.0,0.0,0.0,0.0,0.0,0.0,0.0,6.699718611818303,0.0,0.0,0.0,13.399437223636607,0.0,0.0,0.0,0.0,13.399437223636607,46.89803028272812,26.798874447273214,80.39662334181965,147.39380946000267,127.29465362454778
13,Region Metropolitana,13505,San Pedro,0.0,0.0,0.0,0.0,0.0,0.0,0.0,0.0,8.366100560528738,8.366100560528738,0.0,50.19660336317242,16.732201121057475,16.732201121057475,25.09830168158621,16.732201121057475,8.366100560528738,58.562703923701164,8.366100560528738,58.562703923701164,33.46440224211495,58.562703923701164
13,Region Metropolitana,13601,Talagante,2.4438524890637603,1.2219262445318801,6.1096312226594,3.6657787335956398,4.887704978127521,3.6657787335956398,3.6657787335956398,2.4438524890637603,1.2219262445318801,3.6657787335956398,3.6657787335956398,4.887704978127521,6.1096312226594,7.3315574671912795,24.4385248906376,24.4385248906376,20.77274615704196,61.09631222659401,34.21393484689264,50.098976025807076,63.54016471565777,81.86905838363596
13,Region Metropolitana,13602,El Monte,0.0,2.49912530614285,7.497375918428549,4.9982506122857,4.9982506122857,2.49912530614285,0.0,4.9982506122857,0.0,2.49912530614285,7.497375918428549,12.495626530714251,0.0,7.497375918428549,12.495626530714251,4.9982506122857,52.481631428999854,69.9755085719998,27.490378367571353,64.9772579597141,87.46938571499976,157.44489428699953
13,Region Metropolitana,13603,Isla de Maipo,2.4893579945731994,0.0,7.4680739837195995,7.4680739837195995,7.4680739837195995,0.0,2.4893579945731994,0.0,0.0,0.0,4.978715989146399,2.4893579945731994,2.4893579945731994,4.978715989146399,7.4680739837195995,7.4680739837195995,9.957431978292798,34.851011924024796,12.446789972865997,47.29780189689079,57.255233875183585,49.787159891463986
13,Region Metropolitana,13604,Padre Hurtado,1.3479268884455706,4.043780665336712,2.6958537768911413,2.6958537768911413,2.6958537768911413,8.087561330673424,1.3479268884455706,1.3479268884455706,5.3917075537822825,4.043780665336712,6.739634442227853,20.21890332668356,14.827195772901277,17.52304954979242,22.914757103574704,39.08987976492155,13.479268884455706,90.31110152585323,55.2650024262684,76.83183264139753,105.13829729875451,142.8802501752305
13,Region Metropolitana,13605,Peñaflor,2.9685922935344062,0.0,4.947653822557344,0.0,1.9790615290229372,4.947653822557344,0.9895307645114686,2.9685922935344062,5.9371845870688125,8.905776880603218,6.926715351580281,15.832492232183498,8.905776880603218,10.884838409626155,14.84296146767203,27.706861406321124,24.738269112786718,66.2985612222684,51.45559975459637,88.0682380415207,82.1310534544519,126.65993785746798
14,Los Rios,14101,Valdivia,18.6679036509894,1.1313881000599635,10.182492900539671,3.9598583502098728,5.656940500299818,3.3941643001798907,5.091246450269836,2.262776200119927,0.0,2.262776200119927,1.1313881000599635,1.6970821500899453,6.222634550329799,0.0,0.5656940500299817,1.1313881000599635,0.5656940500299817,12.445269100659598,3.9598583502098728,3.3941643001798907,7.9197167004197455,4.525552400239854
14,Los Rios,14102,Corral,0.0,0.0,0.0,0.0,0.0,0.0,18.358729575913348,0.0,0.0,0.0,0.0,0.0,0.0,18.358729575913348,18.358729575913348,146.86983660730678,0.0,0.0,36.717459151826695,0.0,0.0,0.0
14,Los Rios,14103,Lanco,5.665080444142307,0.0,5.665080444142307,0.0,0.0,0.0,11.330160888284613,0.0,0.0,5.665080444142307,0.0,0.0,11.330160888284613,11.330160888284613,0.0,0.0,0.0,0.0,0.0,0.0,0.0,0.0
14,Los Rios,14104,Los Lagos,0.0,0.0,0.0,0.0,0.0,0.0,0.0,0.0,0.0,0.0,0.0,0.0,0.0,0.0,0.0,0.0,0.0,0.0,9.747538746466518,77.98030997173214,19.495077492933035,4.873769373233259
14,Los Rios,14105,Máfil,0.0,0.0,0.0,0.0,0.0,0.0,0.0,0.0,0.0,13.533631073216943,0.0,0.0,0.0,0.0,0.0,0.0,0.0,13.533631073216943,0.0,0.0,0.0,0.0
14,Los Rios,14106,Mariquina,8.602150537634408,4.301075268817204,12.903225806451614,8.602150537634408,0.0,0.0,4.301075268817204,0.0,-4.301075268817204,4.301075268817204,0.0,0.0,0.0,0.0,8.602150537634408,4.301075268817204,0.0,8.602150537634408,0.0,4.301075268817204,4.301075268817204,0.0
14,Los Rios,14107,Paillaco,4.808154630252909,0.0,0.0,0.0,0.0,0.0,0.0,0.0,0.0,4.808154630252909,0.0,0.0,-4.808154630252909,0.0,0.0,0.0,0.0,14.424463890758727,81.73862871429945,4.808154630252909,14.424463890758727,0.0
14,Los Rios,14108,Panguipulli,0.0,0.0,0.0,0.0,0.0,5.556944791753494,-5.556944791753494,0.0,2.778472395876747,-2.778472395876747,0.0,0.0,0.0,0.0,0.0,0.0,2.778472395876747,5.556944791753494,8.33541718763024,5.556944791753494,11.113889583506989,25.006251562890725
14,Los Rios,14201,La Unión,20.233699226061006,2.5292124032576258,17.70448682280338,2.5292124032576258,0.0,0.0,12.646062016288129,0.0,-5.0584248065152515,15.175274419545755,5.0584248065152515,7.587637209772877,17.70448682280338,2.5292124032576258,0.0,0.0,2.5292124032576258,2.5292124032576258,0.0,2.5292124032576258,2.5292124032576258,10.116849613030503
14,Los Rios,14202,Futrono,13.105301094292642,0.0,19.657951641438963,0.0,0.0,0.0,0.0,0.0,0.0,0.0,0.0,0.0,0.0,0.0,0.0,0.0,13.105301094292642,52.42120437717057,58.97385492431689,39.315903282877926,26.210602188585284,39.315903282877926
14,Los Rios,14203,Lago Ranco,9.71628449280995,0.0,9.71628449280995,0.0,0.0,0.0,0.0,0.0,0.0,0.0,0.0,0.0,0.0,0.0,0.0,0.0,0.0,0.0,0.0,0.0,0.0,0.0
14,Los Rios,14204,Río Bueno,0.0,0.0,9.111617312072893,0.0,0.0,15.186028853454822,-9.111617312072893,0.0,12.148823082763858,-3.0372057706909645,3.0372057706909645,6.074411541381929,0.0,-3.0372057706909645,0.0,0.0,0.0,3.0372057706909645,3.0372057706909645,0.0,6.074411541381929,0.0
15,Arica y Parinacota,15101,Arica,0.0,2.4237331954498447,11.71471044467425,8.88702171664943,9.694932781799379,11.310754912099275,3.6355997931747672,4.039555325749742,12.926577042399174,23.4294208893485,18.581954498448813,10.906799379524301,5.251421923474664,7.2711995863495344,10.098888314374353,7.2711995863495344,13.73448810754912,29.084798345398138,19.389865563598757,28.680842812823165,23.025465356773527,61.80519648397104
15,Arica y Parinacota,15102,Camarones,0.0,0.0,0.0,0.0,0.0,0.0,0.0,0.0,0.0,0.0,0.0,0.0,0.0,0.0,0.0,0.0,0.0,0.0,0.0,0.0,0.0,0.0
15,Arica y Parinacota,15201,Putre,0.0,0.0,0.0,0.0,0.0,0.0,0.0,0.0,0.0,0.0,0.0,0.0,0.0,0.0,0.0,0.0,0.0,0.0,0.0,0.0,0.0,0.0
15,Arica y Parinacota,15202,General Lagos,0.0,0.0,0.0,0.0,0.0,0.0,0.0,0.0,0.0,0.0,0.0,0.0,0.0,0.0,0.0,0.0,0.0,0.0,0.0,0.0,0.0,0.0
16,Nuble,16101,Chillán,29.704366038343807,33.73207668761076,25.67665538907685,18.124697921701305,7.551957467375543,6.545029805058804,9.062348960850652,7.048493636217175,4.0277106492669565,8.055421298533913,-3.0207829869502176,4.531174480425326,0.5034638311583696,1.5103914934751088,5.538102142742066,7.551957467375543,24.66972772676011,6.041565973900435,22.65587240212663,16.110842597067826,9.565812792009023,23.66280006444337
16,Nuble,16102,Bulnes,26.540452072366964,61.92772150218959,17.693634714911312,39.81067810855045,13.270226036183482,0.0,0.0,0.0,26.540452072366964,22.117043393639136,4.423408678727828,8.846817357455656,44.23408678727827,22.117043393639136,13.270226036183482,123.85544300437918,106.16180828946786,26.540452072366964,97.31499093201221,39.81067810855045,39.81067810855045,48.657495466006104
16,Nuble,16103,Chillán Viejo,26.60596564874213,11.824873621663167,11.824873621663167,11.824873621663167,17.737310432494752,11.824873621663167,2.956218405415792,0.0,11.824873621663167,8.868655216247376,8.868655216247376,0.0,0.0,0.0,5.912436810831584,11.824873621663167,17.737310432494752,14.781092027078959,56.16814970290005,17.737310432494752,8.868655216247376,20.693528837910545
16,Nuble,16104,El Carmen,8.107669855683477,0.0,0.0,8.107669855683477,0.0,0.0,0.0,0.0,0.0,0.0,0.0,0.0,0.0,0.0,8.107669855683477,0.0,8.107669855683477,8.107669855683477,8.107669855683477,72.96902870115129,8.107669855683477,64.86135884546782
16,Nuble,16105,Pemuco,0.0,0.0,23.150827642088203,11.575413821044101,0.0,11.575413821044101,0.0,0.0,11.575413821044101,0.0,11.575413821044101,0.0,0.0,0.0,11.575413821044101,23.150827642088203,11.575413821044101,0.0,0.0,11.575413821044101,0.0,46.301655284176405
16,Nuble,16106,Pinto,8.417508417508419,33.670033670033675,25.252525252525253,8.417508417508419,0.0,0.0,0.0,0.0,8.417508417508419,0.0,8.417508417508419,0.0,0.0,0.0,0.0,0.0,16.835016835016837,25.252525252525253,-16.835016835016837,0.0,0.0,0.0
16,Nuble,16107,Quillón,15.976993129892954,42.60531501304788,10.65132875326197,26.628321883154925,0.0,5.325664376630985,0.0,5.325664376630985,10.65132875326197,0.0,10.65132875326197,10.65132875326197,10.65132875326197,0.0,5.325664376630985,0.0,31.953986259785907,0.0,26.628321883154925,47.93097938967886,10.65132875326197,63.907972519571814
16,Nuble,16108,San Ignacio,0.0,12.03079884504331,18.046198267564964,0.0,0.0,0.0,-12.03079884504331,0.0,0.0,6.015399422521655,6.015399422521655,12.03079884504331,12.03079884504331,6.015399422521655,0.0,0.0,18.046198267564964,0.0,12.03079884504331,48.12319538017324,12.03079884504331,24.06159769008662
16,Nuble,16109,Yungay,32.265003226500326,16.132501613250163,86.04000860400086,59.152505915250586,5.377500537750054,21.510002151000215,0.0,16.132501613250163,5.377500537750054,0.0,10.755001075500108,21.510002151000215,16.132501613250163,0.0,0.0,10.755001075500108,5.377500537750054,5.377500537750054,0.0,16.132501613250163,0.0,5.377500537750054
16,Nuble,16201,Quirihue,0.0,0.0,8.202099737532809,24.606299212598426,0.0,0.0,-16.404199475065617,8.202099737532809,0.0,8.202099737532809,0.0,0.0,0.0,0.0,32.808398950131235,32.808398950131235,32.808398950131235,0.0,0.0,8.202099737532809,24.606299212598426,8.202099737532809
16,Nuble,16202,Cobquecura,0.0,0.0,0.0,0.0,0.0,0.0,0.0,0.0,0.0,0.0,0.0,0.0,0.0,0.0,0.0,0.0,0.0,0.0,0.0,0.0,0.0,0.0
16,Nuble,16203,Coelemu,5.936479667557139,5.936479667557139,5.936479667557139,5.936479667557139,0.0,0.0,0.0,0.0,0.0,0.0,0.0,0.0,0.0,0.0,0.0,0.0,5.936479667557139,5.936479667557139,11.872959335114277,59.36479667557139,17.809439002671418,23.745918670228555
16,Nuble,16204,Ninhue,0.0,0.0,0.0,18.470631695603988,0.0,18.470631695603988,18.470631695603988,0.0,18.470631695603988,0.0,0.0,0.0,0.0,0.0,0.0,0.0,18.470631695603988,0.0,18.470631695603988,0.0,73.88252678241595,36.941263391207976
16,Nuble,16205,Portezuelo,0.0,0.0,0.0,0.0,0.0,20.242914979757085,-20.242914979757085,0.0,0.0,0.0,0.0,0.0,0.0,0.0,0.0,40.48582995951417,40.48582995951417,60.72874493927126,0.0,0.0,0.0,0.0
16,Nuble,16206,Ránquil,15.971889474524836,63.887557898099345,31.943778949049673,31.943778949049673,0.0,15.971889474524836,-15.971889474524836,0.0,0.0,0.0,15.971889474524836,0.0,0.0,0.0,0.0,0.0,0.0,0.0,0.0,0.0,0.0,0.0
16,Nuble,16207,Treguaco,0.0,0.0,0.0,0.0,0.0,0.0,0.0,0.0,0.0,0.0,0.0,0.0,0.0,0.0,0.0,0.0,0.0,0.0,0.0,17.5561797752809,0.0,0.0
16,Nuble,16301,San Carlos,8.888572850743085,0.0,10.6662874208917,15.999431131337552,1.777714570148617,3.555429140297234,0.0,0.0,1.777714570148617,3.555429140297234,0.0,1.777714570148617,1.777714570148617,1.777714570148617,8.888572850743085,7.110858280594468,3.555429140297234,7.110858280594468,5.33314371044585,21.3325748417834,7.110858280594468,35.55429140297234
16,Nuble,16302,Coihueco,0.0,0.0,10.572687224669604,3.5242290748898677,3.5242290748898677,10.572687224669604,0.0,10.572687224669604,24.66960352422908,10.572687224669604,3.5242290748898677,52.863436123348016,7.048458149779735,0.0,0.0,10.572687224669604,17.62114537444934,0.0,7.048458149779735,3.5242290748898677,0.0,0.0
16,Nuble,16303,Ñiquén,0.0,0.0,0.0,17.29056799515864,0.0,0.0,0.0,0.0,8.64528399757932,0.0,0.0,0.0,0.0,0.0,0.0,0.0,0.0,8.64528399757932,43.226419987896605,0.0,17.29056799515864,77.80755597821388
16,Nuble,16304,San Fabián,42.97378599054577,21.486892995272886,0.0,0.0,0.0,0.0,0.0,0.0,0.0,21.486892995272886,21.486892995272886,0.0,0.0,0.0,0.0,0.0,0.0,0.0,0.0,0.0,0.0,0.0
16,Nuble,16305,San Nicolás,8.21557673348669,16.43115346697338,49.29346040092015,8.21557673348669,8.21557673348669,0.0,16.43115346697338,0.0,0.0,0.0,16.43115346697338,0.0,-16.43115346697338,8.21557673348669,0.0,16.43115346697338,0.0,16.43115346697338,49.29346040092015,8.21557673348669,0.0,57.50903713440683
