id_region,nombre_region,id_comuna,nombre_comuna,2020-03-30,2020-04-01,2020-04-03,2020-04-06,2020-04-08,2020-04-10,2020-04-13,2020-04-15,2020-04-17,2020-04-20,2020-04-24,2020-04-27,2020-05-01
1,Tarapaca,1101,Iquique,2.2375068803336573,4.027512384600583,4.475013760667315,5.817517888867508,7.1600220170677025,8.055024769201166,11.635035777735016,11.635035777735016,13.872542658068673,16.110049538402333,25.95507981187042,33.562603205004855,40.275123846005826
1,Tarapaca,1107,Alto Hospicio,0.0,0.7692366864360495,2.3077100593081483,3.846183432180248,4.615420118616297,7.692366864360496,10.769313610104694,11.538550296540743,12.307786982976792,20.769390533773336,30.00023077100593,42.308017753982725,59.23122485557581
1,Tarapaca,1401,Pozo Almonte,0.0,0.0,0.0,11.497556769186549,11.497556769186549,11.497556769186549,11.497556769186549,11.497556769186549,11.497556769186549,11.497556769186549,11.497556769186549,11.497556769186549,11.497556769186549
1,Tarapaca,1402,Camiña,0.0,0.0,0.0,0.0,0.0,0.0,0.0,0.0,0.0,0.0,0.0,0.0,0.0
1,Tarapaca,1403,Colchane,0.0,0.0,0.0,0.0,0.0,0.0,0.0,0.0,0.0,0.0,0.0,0.0,0.0
1,Tarapaca,1404,Huara,0.0,0.0,0.0,0.0,0.0,0.0,0.0,0.0,0.0,0.0,0.0,0.0,0.0
1,Tarapaca,1405,Pica,0.0,0.0,0.0,16.784155756965426,33.56831151393085,83.92077878482712,167.84155756965424,318.8989593823431,402.8197381671702,469.9563611950319,520.3088284659282,520.3088284659282,520.3088284659282
2,Antofagasta,2101,Antofagasta,6.811909096247578,7.516589347583534,10.33531035292736,12.684244524047212,14.093605026719127,19.261260203182804,24.898702213870454,28.656996887662224,34.05954548123789,43.22038874860532,61.307181866228206,71.17270538493159,88.7897116683305
2,Antofagasta,2102,Mejillones,0.0,0.0,0.0,6.7677314564158095,13.535462912831619,40.60638873849486,81.21277747698971,94.74824038982133,128.58689767190037,182.72874932322685,291.0124526258798,439.90254466702766,521.1153221440173
2,Antofagasta,2103,Sierra Gorda,0.0,0.0,0.0,0.0,0.0,0.0,0.0,0.0,0.0,0.0,0.0,0.0,0.0
2,Antofagasta,2104,Taltal,0.0,0.0,0.0,0.0,7.322252324815113,21.96675697444534,21.96675697444534,51.25576627370579,51.25576627370579,51.25576627370579,51.25576627370579,51.25576627370579,51.25576627370579
2,Antofagasta,2201,Calama,1.5761600537995966,1.5761600537995966,2.6269334229993277,3.6777067921990585,4.203093476798924,6.830026899798252,10.507733691997311,11.033120376597175,11.033120376597175,13.134667114996637,18.388533960995293,28.370880968392736,37.30245460659045
2,Antofagasta,2202,Ollagüe,0.0,0.0,0.0,0.0,0.0,0.0,0.0,0.0,0.0,0.0,0.0,0.0,0.0
2,Antofagasta,2203,San Pedro de Atacama,9.584052137243626,19.168104274487252,28.75215641173088,38.336208548974504,38.336208548974504,38.336208548974504,38.336208548974504,38.336208548974504,38.336208548974504,38.336208548974504,38.336208548974504,38.336208548974504,38.336208548974504
2,Antofagasta,2301,Tocopilla,7.122760782079134,7.122760782079134,7.122760782079134,7.122760782079134,7.122760782079134,7.122760782079134,10.6841411731187,21.3682823462374,39.17518430143524,39.17518430143524,39.17518430143524,39.17518430143524,42.7365646924748
2,Antofagasta,2302,María Elena,0.0,0.0,0.0,0.0,0.0,0.0,14.6756677428823,29.3513354857646,58.7026709715292,88.05400645729381,102.7296742001761,190.78368065746992,440.2700322864691
3,Atacama,3101,Copiapó,0.5821873944785347,1.1643747889570695,2.328749577914139,2.328749577914139,2.910936972392674,4.657499155828278,4.657499155828278,4.657499155828278,4.657499155828278,4.657499155828278,4.657499155828278,4.657499155828278,11.06156049509216
3,Atacama,3102,Caldera,0.0,0.0,0.0,0.0,0.0,0.0,0.0,0.0,0.0,0.0,0.0,0.0,0.0
3,Atacama,3103,Tierra Amarilla,0.0,0.0,0.0,0.0,13.97428731134712,27.94857462269424,27.94857462269424,27.94857462269424,27.94857462269424,27.94857462269424,34.9357182783678,41.922861934041364,48.91000558971492
3,Atacama,3201,Chañaral,0.0,0.0,0.0,0.0,0.0,0.0,0.0,0.0,0.0,0.0,0.0,0.0,0.0
3,Atacama,3202,Diego de Almagro,6.964758322886196,6.964758322886196,6.964758322886196,6.964758322886196,6.964758322886196,6.964758322886196,6.964758322886196,6.964758322886196,6.964758322886196,6.964758322886196,6.964758322886196,6.964758322886196,6.964758322886196
3,Atacama,3301,Vallenar,0.0,0.0,0.0,0.0,0.0,0.0,0.0,0.0,0.0,0.0,12.278763002332964,22.803417004332648,29.81985300566577
3,Atacama,3302,Alto del Carmen,0.0,0.0,0.0,0.0,0.0,0.0,0.0,0.0,0.0,0.0,0.0,0.0,0.0
3,Atacama,3303,Freirina,0.0,0.0,0.0,0.0,0.0,0.0,0.0,0.0,0.0,0.0,0.0,13.019138133055591,13.019138133055591
3,Atacama,3304,Huasco,0.0,0.0,0.0,0.0,0.0,0.0,0.0,0.0,0.0,8.87784090909091,0.0,0.0,0.0
4,Coquimbo,4101,La Serena,0.8011023167879001,1.2016534751818502,3.2044092671516005,4.806613900727401,4.806613900727401,4.806613900727401,4.806613900727401,4.806613900727401,4.806613900727401,6.408818534303201,7.209920851091101,7.6104720094850515,8.011023167879003
4,Coquimbo,4102,Coquimbo,6.621613726215748,7.400627105770541,7.400627105770541,7.400627105770541,7.400627105770541,8.179640485325335,8.179640485325335,7.400627105770541,7.790133795547939,8.95865386488013,9.348160554657527,10.127173934212319,11.295694003544511
4,Coquimbo,4103,Andacollo,0.0,0.0,0.0,0.0,0.0,0.0,0.0,0.0,0.0,0.0,0.0,0.0,0.0
4,Coquimbo,4104,La Higuera,0.0,0.0,0.0,0.0,0.0,0.0,0.0,0.0,0.0,0.0,0.0,0.0,0.0
4,Coquimbo,4105,Paiguano,0.0,,0.0,0.0,0.0,0.0,0.0,0.0,0.0,0.0,0.0,0.0,0.0
4,Coquimbo,4106,Vicuña,0.0,0.0,0.0,0.0,0.0,0.0,0.0,0.0,0.0,0.0,0.0,0.0,0.0
4,Coquimbo,4201,Illapel,0.0,0.0,0.0,21.34081278009817,36.584250480168286,39.63293802018231,51.827688180238404,57.92506326026646,57.92506326026646,54.876375720252426,54.876375720252426,54.876375720252426,54.876375720252426
4,Coquimbo,4202,Canela,0.0,0.0,0.0,0.0,0.0,0.0,0.0,0.0,0.0,0.0,0.0,0.0,0.0
4,Coquimbo,4203,Los Vilos,4.278257893385813,4.278257893385813,4.278257893385813,4.278257893385813,4.278257893385813,4.278257893385813,4.278257893385813,4.278257893385813,4.278257893385813,4.278257893385813,4.278257893385813,4.278257893385813,4.278257893385813
4,Coquimbo,4204,Salamanca,6.870491240123669,6.870491240123669,6.870491240123669,13.740982480247338,13.740982480247338,17.176228100309174,20.61147372037101,20.61147372037101,24.04671934043284,24.04671934043284,24.04671934043284,24.04671934043284,24.04671934043284
4,Coquimbo,4301,Ovalle,3.298452201304538,3.298452201304538,3.298452201304538,5.7722913522829415,5.7722913522829415,6.596904402609076,6.596904402609076,6.596904402609076,6.596904402609076,7.421517452935211,7.421517452935211,7.421517452935211,8.246130503261345
4,Coquimbo,4302,Combarbalá,0.0,0.0,0.0,0.0,0.0,0.0,0.0,0.0,0.0,0.0,0.0,0.0,0.0
4,Coquimbo,4303,Monte Patria,0.0,0.0,0.0,0.0,0.0,0.0,0.0,0.0,0.0,0.0,0.0,0.0,0.0
4,Coquimbo,4304,Punitaqui,0.0,0.0,0.0,0.0,0.0,0.0,0.0,0.0,0.0,0.0,8.220304151253597,8.220304151253597,16.440608302507194
4,Coquimbo,4305,Río Hurtado,22.872827081427264,22.872827081427264,22.872827081427264,22.872827081427264,22.872827081427264,22.872827081427264,22.872827081427264,22.872827081427264,22.872827081427264,22.872827081427264,22.872827081427264,22.872827081427264,22.872827081427264
5,Valparaiso,5101,Valparaíso,5.067588967858817,8.234832072770578,7.284659141297049,8.234832072770578,11.402075177682338,12.352248109155866,13.935869661611745,14.252593972102922,16.15293983504998,18.686734318979386,21.2205288029088,21.537253113399974,30.088809496661728
5,Valparaiso,5102,Casablanca,3.428179636612959,3.428179636612959,6.856359273225918,10.284538909838876,6.856359273225918,6.856359273225918,10.284538909838876,10.284538909838876,10.284538909838876,10.284538909838876,10.284538909838876,10.284538909838876,10.284538909838876
5,Valparaiso,5103,Concón,2.1791714790036827,2.1791714790036827,15.25420035302578,15.25420035302578,6.5375144370110485,6.5375144370110485,13.075028874022097,15.25420035302578,15.25420035302578,15.25420035302578,28.329229227047875,30.50840070605156,41.40425810106997
5,Valparaiso,5104,Juan Fernández,0.0,0.0,0.0,0.0,0.0,0.0,0.0,0.0,0.0,0.0,0.0,0.0,0.0
5,Valparaiso,5105,Puchuncaví,0.0,0.0,0.0,0.0,0.0,0.0,0.0,0.0,0.0,0.0,0.0,0.0,0.0
5,Valparaiso,5107,Quintero,8.302200083022,8.302200083022,5.534800055348001,5.534800055348001,8.302200083022,11.069600110696001,13.83700013837,11.069600110696001,11.069600110696001,11.069600110696001,16.604400166044,24.906600249066003,27.67400027674
5,Valparaiso,5109,Viña del Mar,8.0249937045308,10.51550899214381,13.006024279756813,14.666367804832154,18.26377877582872,19.093950538366386,19.92412230090406,20.754294063441726,23.244809351054734,26.012048559513627,28.502563847126638,30.162907372201975,34.03704226404443
5,Valparaiso,5201,Isla de Pascua,12.081672103419114,60.40836051709556,60.40836051709556,60.40836051709556,60.40836051709556,72.49003262051468,72.49003262051468,72.49003262051468,60.40836051709556,60.40836051709556,60.40836051709556,60.40836051709556,60.40836051709556
5,Valparaiso,5301,Los Andes,2.9371594730735904,4.405739209610386,2.9371594730735904,2.9371594730735904,8.811478419220771,8.811478419220771,8.811478419220771,10.280058155757567,13.217217628831156,13.217217628831156,8.811478419220771,10.280058155757567,13.217217628831156
5,Valparaiso,5302,Calle Larga,0.0,0.0,12.134449702705982,12.134449702705982,6.067224851352991,12.134449702705982,12.134449702705982,12.134449702705982,24.268899405411965,30.336124256764954,36.40334910811794,36.40334910811794,36.40334910811794
5,Valparaiso,5303,Rinconada,0.0,0.0,0.0,0.0,8.878629139660836,17.757258279321672,17.757258279321672,17.757258279321672,17.757258279321672,17.757258279321672,17.757258279321672,17.757258279321672,17.757258279321672
5,Valparaiso,5304,San Esteban,0.0,0.0,0.0,0.0,0.0,0.0,0.0,0.0,0.0,4.844257133168629,4.844257133168629,14.532771399505885,14.532771399505885
5,Valparaiso,5401,La Ligua,5.29955748694984,5.29955748694984,5.29955748694984,5.29955748694984,5.29955748694984,5.29955748694984,5.29955748694984,5.29955748694984,5.29955748694984,5.29955748694984,5.29955748694984,5.29955748694984,5.29955748694984
5,Valparaiso,5402,Cabildo,0.0,0.0,0.0,0.0,0.0,0.0,0.0,0.0,0.0,4.839568310506703,0.0,14.518704931520109,19.35827324202681
5,Valparaiso,5403,Papudo,0.0,0.0,16.126431220770844,16.126431220770844,0.0,0.0,0.0,0.0,0.0,0.0,0.0,0.0,0.0
5,Valparaiso,5404,Petorca,0.0,9.471490812653911,9.471490812653911,47.357454063269564,37.885963250615646,47.357454063269564,56.82894487592347,56.82894487592347,56.82894487592347,56.82894487592347,56.82894487592347,56.82894487592347,56.82894487592347
5,Valparaiso,5405,Zapallar,0.0,0.0,0.0,0.0,0.0,0.0,0.0,0.0,0.0,0.0,0.0,0.0,0.0
5,Valparaiso,5501,Quillota,6.149305128520478,7.174189316607223,9.223957692780717,9.223957692780717,13.3234944451277,13.3234944451277,16.398147009387937,18.447915385561434,19.472799573648178,20.497683761734923,22.547452137908415,22.547452137908415,24.59722051408191
5,Valparaiso,5502,Calera,11.195909760967327,,13.061894721128548,13.061894721128548,16.79386464145099,16.79386464145099,16.79386464145099,20.525834561773433,24.257804482095874,29.855759362579533,41.051669123546866,41.051669123546866,41.051669123546866
5,Valparaiso,5503,Hijuelas,0.0,0.0,0.0,0.0,0.0,0.0,0.0,0.0,0.0,5.235876223886067,5.235876223886067,5.235876223886067,5.235876223886067
5,Valparaiso,5504,La Cruz,0.0,3.9492911022471464,11.847873306741441,11.847873306741441,7.898582204494293,7.898582204494293,19.746455511235734,19.746455511235734,19.746455511235734,27.645037715730027,31.59432881797717,31.59432881797717,35.543619920224316
5,Valparaiso,5506,Nogales,0.0,0.0,0.0,0.0,0.0,0.0,0.0,0.0,0.0,0.0,0.0,0.0,0.0
5,Valparaiso,5601,San Antonio,2.0669484606401336,4.133896921280267,8.267793842560534,9.301268072880603,9.301268072880603,13.43516499416087,17.56906191544114,19.636010376081273,28.937278448961877,35.13812383088228,47.539814594723076,54.774134206963545,74.41014458304483
5,Valparaiso,5602,Algarrobo,46.1315407934625,46.1315407934625,59.31198102016608,59.31198102016608,52.72176090681429,52.72176090681429,52.72176090681429,59.31198102016608,59.31198102016608,59.31198102016608,59.31198102016608,65.90220113351785,65.90220113351785
5,Valparaiso,5603,Cartagena,0.0,0.0,0.0,3.9436841897700834,0.0,0.0,7.887368379540167,7.887368379540167,7.887368379540167,7.887368379540167,23.662105138620497,23.662105138620497,31.549473518160667
5,Valparaiso,5604,El Quisco,0.0,0.0,5.636343140570398,5.636343140570398,5.636343140570398,5.636343140570398,16.909029421711192,22.545372562281592,33.818058843422385,45.090745124563185,61.99977454627438,61.99977454627438,61.99977454627438
5,Valparaiso,5605,El Tabo,6.974473427256242,6.974473427256242,20.923420281768728,20.923420281768728,13.948946854512483,13.948946854512483,13.948946854512483,20.923420281768728,41.846840563537455,41.846840563537455,62.770260845306176,62.770260845306176,90.66815455433115
5,Valparaiso,5606,Santo Domingo,16.758840288252053,25.138260432378075,8.379420144126026,16.758840288252053,41.897100720630135,41.897100720630135,41.897100720630135,83.79420144126027,92.17362158538629,100.5530417295123,142.45014245014247,142.45014245014247,159.2089827383945
5,Valparaiso,5701,San Felipe,3.593072556111816,3.593072556111816,5.98845426018636,5.98845426018636,7.186145112223632,7.186145112223632,7.186145112223632,7.186145112223632,7.186145112223632,7.186145112223632,7.186145112223632,7.186145112223632,10.77921766833545
5,Valparaiso,5702,Catemu,0.0,0.0,0.0,0.0,0.0,0.0,0.0,0.0,0.0,0.0,0.0,0.0,0.0
5,Valparaiso,5703,Llaillay,0.0,0.0,3.7688915689895603,7.537783137979121,7.537783137979121,7.537783137979121,7.537783137979121,7.537783137979121,7.537783137979121,7.537783137979121,7.537783137979121,7.537783137979121,15.075566275958241
5,Valparaiso,5704,Panquehue,0.0,0.0,0.0,0.0,0.0,0.0,0.0,0.0,0.0,0.0,0.0,0.0,0.0
5,Valparaiso,5705,Putaendo,5.667327854916407,5.667327854916407,5.667327854916407,5.667327854916407,5.667327854916407,5.667327854916407,5.667327854916407,11.334655709832814,11.334655709832814,28.336639274582037,28.336639274582037,28.336639274582037,34.00396712949844
5,Valparaiso,5706,Santa María,0.0,12.219710392863687,12.219710392863687,12.219710392863687,12.219710392863687,12.219710392863687,12.219710392863687,12.219710392863687,12.219710392863687,12.219710392863687,12.219710392863687,12.219710392863687,79.42811755361397
5,Valparaiso,5801,Quilpué,6.58347547655385,5.984977705958046,6.58347547655385,7.181973247149654,8.977466558937069,10.772959870724481,11.969955411916091,12.568453182511895,13.1669509531077,16.15943980608672,17.954933117874138,17.954933117874138,22.74291528264057
5,Valparaiso,5802,Limache,4.005527628126815,6.008291442190222,6.008291442190222,8.01105525625363,10.013819070317037,14.019346698443853,16.02211051250726,26.0359295828243,40.05527628126815,40.05527628126815,46.06356772345837,46.06356772345837,46.06356772345837
5,Valparaiso,5803,Olmué,0.0,0.0,0.0,0.0,0.0,0.0,5.190491020450534,5.190491020450534,10.380982040901069,10.380982040901069,10.380982040901069,10.380982040901069,10.380982040901069
5,Valparaiso,5804,Villa Alemana,4.306941353815232,5.742588471753643,7.8960591486612595,7.8960591486612595,8.613882707630465,8.613882707630465,8.613882707630465,8.613882707630465,9.33170626659967,9.33170626659967,10.049529825568875,10.767353384538081,12.203000502476492
6,OHiggins,6101,Rancagua,2.6394078676977952,2.6394078676977952,3.393524401325737,5.655874002209561,5.655874002209561,5.655874002209561,5.655874002209561,5.655874002209561,5.655874002209561,8.295281869907358,10.557631470791181,12.065864538047064,14.32821413893089
6,OHiggins,6102,Codegua,0.0,0.0,0.0,0.0,0.0,0.0,0.0,0.0,0.0,7.094211123723042,7.094211123723042,7.094211123723042,14.188422247446084
6,OHiggins,6103,Coinco,0.0,0.0,0.0,0.0,0.0,0.0,0.0,0.0,0.0,0.0,12.769761205465457,12.769761205465457,12.769761205465457
6,OHiggins,6104,Coltauco,0.0,0.0,0.0,0.0,0.0,0.0,0.0,0.0,0.0,0.0,0.0,0.0,0.0
6,OHiggins,6105,Doñihue,0.0,0.0,0.0,0.0,0.0,0.0,0.0,0.0,0.0,0.0,4.405286343612335,4.405286343612335,8.81057268722467
6,OHiggins,6106,Graneros,0.0,0.0,0.0,0.0,0.0,0.0,0.0,0.0,0.0,0.0,5.478851632697787,5.478851632697787,5.478851632697787
6,OHiggins,6107,Las Cabras,0.0,0.0,0.0,0.0,0.0,0.0,0.0,3.738457512430371,3.738457512430371,3.738457512430371,11.215372537291113,11.215372537291113,14.953830049721484
6,OHiggins,6108,Machalí,5.0072605277652595,10.014521055530519,11.68360789811894,13.352694740707358,13.352694740707358,13.352694740707358,13.352694740707358,13.352694740707358,15.021781583295779,16.690868425884197,26.705389481414716,26.705389481414716,26.705389481414716
6,OHiggins,6109,Malloa,0.0,0.0,0.0,0.0,0.0,0.0,0.0,0.0,0.0,0.0,0.0,0.0,0.0
6,OHiggins,6110,Mostazal,0.0,0.0,0.0,0.0,0.0,0.0,0.0,0.0,0.0,0.0,0.0,0.0,0.0
6,OHiggins,6111,Olivar,0.0,6.838074398249453,13.676148796498905,13.676148796498905,13.676148796498905,20.514223194748357,41.028446389496715,47.86652078774617,47.86652078774617,41.028446389496715,41.028446389496715,41.028446389496715,41.028446389496715
6,OHiggins,6112,Peumo,0.0,0.0,0.0,6.688068485821295,6.688068485821295,6.688068485821295,6.688068485821295,6.688068485821295,6.688068485821295,6.688068485821295,6.688068485821295,6.688068485821295,13.37613697164259
6,OHiggins,6113,Pichidegua,0.0,0.0,0.0,0.0,0.0,0.0,0.0,0.0,0.0,0.0,0.0,0.0,0.0
6,OHiggins,6114,Quinta de Tilcoco,7.206168480219067,14.412336960438134,14.412336960438134,14.412336960438134,14.412336960438134,14.412336960438134,21.618505440657202,21.618505440657202,21.618505440657202,7.206168480219067,7.206168480219067,7.206168480219067,7.206168480219067
6,OHiggins,6115,Rengo,1.5696123057604772,1.5696123057604772,1.5696123057604772,1.5696123057604772,1.5696123057604772,1.5696123057604772,1.5696123057604772,1.5696123057604772,1.5696123057604772,3.1392246115209543,4.708836917281431,10.98728614032334,12.556898446083817
6,OHiggins,6116,Requínoa,6.585229330611439,3.2926146653057193,3.2926146653057193,3.2926146653057193,3.2926146653057193,3.2926146653057193,3.2926146653057193,3.2926146653057193,3.2926146653057193,6.585229330611439,9.877843995917157,13.170458661222877,13.170458661222877
6,OHiggins,6117,San Vicente,0.0,1.9756208388486083,7.902483355394433,7.902483355394433,7.902483355394433,7.902483355394433,7.902483355394433,7.902483355394433,7.902483355394433,7.902483355394433,7.902483355394433,7.902483355394433,15.804966710788866
6,OHiggins,6201,Pichilemu,0.0,0.0,0.0,0.0,0.0,0.0,0.0,0.0,0.0,0.0,0.0,0.0,0.0
6,OHiggins,6202,La Estrella,0.0,0.0,0.0,0.0,0.0,0.0,0.0,0.0,0.0,0.0,0.0,0.0,0.0
6,OHiggins,6203,Litueche,0.0,0.0,0.0,0.0,0.0,0.0,0.0,0.0,0.0,0.0,14.781966001478196,44.34589800443459,103.47376201034737
6,OHiggins,6204,Marchihue,0.0,0.0,0.0,0.0,0.0,0.0,0.0,0.0,0.0,0.0,0.0,0.0,0.0
6,OHiggins,6205,Navidad,0.0,0.0,0.0,0.0,0.0,0.0,0.0,0.0,0.0,0.0,0.0,0.0,28.968713789107763
6,OHiggins,6206,Paredones,0.0,0.0,0.0,0.0,0.0,0.0,0.0,0.0,0.0,0.0,0.0,0.0,0.0
6,OHiggins,6301,San Fernando,2.5431703161160706,5.086340632232141,5.086340632232141,5.086340632232141,5.086340632232141,5.086340632232141,5.086340632232141,6.357925790290176,6.357925790290176,7.629510948348211,6.357925790290176,6.357925790290176,6.357925790290176
6,OHiggins,6302,Chépica,0.0,0.0,0.0,0.0,0.0,0.0,0.0,0.0,0.0,0.0,0.0,0.0,0.0
6,OHiggins,6303,Chimbarongo,0.0,5.305602716468591,5.305602716468591,5.305602716468591,5.305602716468591,5.305602716468591,5.305602716468591,10.611205432937181,10.611205432937181,5.305602716468591,5.305602716468591,5.305602716468591,5.305602716468591
6,OHiggins,6304,Lolol,0.0,0.0,0.0,0.0,0.0,0.0,0.0,0.0,0.0,0.0,0.0,0.0,0.0
6,OHiggins,6305,Nancagua,0.0,0.0,0.0,0.0,0.0,0.0,0.0,0.0,0.0,0.0,0.0,0.0,5.224387440572593
6,OHiggins,6306,Palmilla,0.0,0.0,0.0,0.0,0.0,0.0,0.0,0.0,0.0,0.0,0.0,0.0,0.0
6,OHiggins,6307,Peralillo,0.0,0.0,0.0,0.0,0.0,0.0,0.0,0.0,0.0,0.0,0.0,0.0,0.0
6,OHiggins,6308,Placilla,0.0,10.912265386294195,10.912265386294195,10.912265386294195,10.912265386294195,10.912265386294195,10.912265386294195,21.82453077258839,21.82453077258839,10.912265386294195,10.912265386294195,10.912265386294195,10.912265386294195
6,OHiggins,6309,Pumanque,0.0,0.0,0.0,0.0,0.0,0.0,0.0,0.0,0.0,0.0,0.0,0.0,0.0
6,OHiggins,6310,Santa Cruz,0.0,0.0,0.0,2.433326844461748,4.866653688923496,4.866653688923496,4.866653688923496,4.866653688923496,4.866653688923496,2.433326844461748,4.866653688923496,4.866653688923496,4.866653688923496
7,Maule,7101,Talca,14.362717764147279,15.630016390395566,17.742180767476047,20.276778019972628,21.544076646220915,21.544076646220915,21.544076646220915,24.078673898717494,38.441391662864774,56.18357243034082,61.25276693533397,62.942498436998356,67.58926006657542
7,Maule,7102,Constitución,0.0,1.9861762135536665,5.958528640660999,5.958528640660999,9.930881067768333,9.930881067768333,9.930881067768333,7.944704854214666,21.84793834909033,21.84793834909033,35.75117184396599,37.73734805751966,41.709700484627
7,Maule,7103,Curepto,0.0,0.0,0.0,0.0,21.21790791427965,31.826861871419474,31.826861871419474,31.826861871419474,31.826861871419474,74.26267769997878,84.8716316571186,84.8716316571186,84.8716316571186
7,Maule,7104,Empedrado,0.0,0.0,0.0,0.0,0.0,0.0,0.0,0.0,0.0,0.0,0.0,0.0,0.0
7,Maule,7105,Maule,3.3333333333333335,3.3333333333333335,3.3333333333333335,3.3333333333333335,5.0,5.0,6.666666666666667,8.333333333333334,16.666666666666668,21.666666666666664,36.666666666666664,36.666666666666664,38.333333333333336
7,Maule,7106,Pelarco,0.0,0.0,0.0,0.0,0.0,0.0,33.02873499944952,33.02873499944952,55.047891665749205,55.047891665749205,55.047891665749205,55.047891665749205,55.047891665749205
7,Maule,7107,Pencahue,0.0,0.0,0.0,0.0,0.0,0.0,0.0,0.0,11.626555051738169,23.253110103476338,34.87966515521451,34.87966515521451,34.87966515521451
7,Maule,7108,Río Claro,6.778282383244086,6.778282383244086,6.778282383244086,6.778282383244086,13.556564766488172,20.33484714973226,20.33484714973226,20.33484714973226,40.66969429946452,40.66969429946452,47.4479766827086,47.4479766827086,54.22625906595269
7,Maule,7109,San Clemente,0.0,0.0,0.0,0.0,0.0,0.0,0.0,0.0,8.640801866413204,15.121403266223107,19.441804199429704,19.441804199429704,21.602004666033007
7,Maule,7110,San Rafael,0.0,0.0,10.041168792047396,10.041168792047396,10.041168792047396,10.041168792047396,20.08233758409479,20.08233758409479,20.08233758409479,20.08233758409479,30.12350637614218,30.12350637614218,30.12350637614218
7,Maule,7201,Cauquenes,2.265364837007,2.265364837007,6.796094511021001,9.061459348028,9.061459348028,9.061459348028,9.061459348028,9.061459348028,18.122918696056,22.653648370069998,27.184378044084003,29.449742881091,29.449742881091
7,Maule,7202,Chanco,0.0,0.0,0.0,0.0,0.0,0.0,0.0,0.0,0.0,21.43392991104919,21.43392991104919,32.150894866573786,32.150894866573786
7,Maule,7203,Pelluhue,12.357884330202667,12.357884330202667,12.357884330202667,12.357884330202667,12.357884330202667,12.357884330202667,12.357884330202667,12.357884330202667,12.357884330202667,12.357884330202667,24.715768660405335,24.715768660405335,24.715768660405335
7,Maule,7301,Curicó,3.666898903597228,4.889198538129637,6.722647989928252,7.944947624460661,7.944947624460661,10.389546893525479,12.222996345324091,14.056445797122706,14.667595614388912,18.945644335252343,18.945644335252343,22.61254323884957,27.50174177697921
7,Maule,7302,Hualañé,0.0,0.0,0.0,0.0,0.0,0.0,0.0,0.0,0.0,0.0,0.0,0.0,0.0
7,Maule,7303,Licantén,0.0,0.0,0.0,0.0,0.0,0.0,0.0,0.0,14.308198597796538,28.616397195593077,28.616397195593077,28.616397195593077,28.616397195593077
7,Maule,7304,Molina,4.016064257028113,6.024096385542168,6.024096385542168,6.024096385542168,6.024096385542168,6.024096385542168,6.024096385542168,6.024096385542168,8.032128514056225,10.040160642570282,14.056224899598392,14.056224899598392,14.056224899598392
7,Maule,7305,Rauco,0.0,0.0,8.890469416785207,8.890469416785207,8.890469416785207,17.780938833570413,17.780938833570413,17.780938833570413,17.780938833570413,17.780938833570413,17.780938833570413,17.780938833570413,17.780938833570413
7,Maule,7306,Romeral,6.184291898577613,12.368583797155226,12.368583797155226,12.368583797155226,12.368583797155226,18.552875695732837,18.552875695732837,24.737167594310453,30.921459492888065,74.21150278293135,80.39579468150896,80.39579468150896,80.39579468150896
7,Maule,7307,Sagrada Familia,0.0,0.0,0.0,5.136370640505419,5.136370640505419,5.136370640505419,5.136370640505419,5.136370640505419,5.136370640505419,5.136370640505419,10.272741281010838,10.272741281010838,10.272741281010838
7,Maule,7308,Teno,0.0,0.0,0.0,0.0,0.0,3.241491085899514,3.241491085899514,3.241491085899514,3.241491085899514,6.482982171799028,6.482982171799028,6.482982171799028,12.965964343598056
7,Maule,7309,Vichuquén,0.0,0.0,0.0,0.0,0.0,0.0,0.0,0.0,0.0,0.0,0.0,0.0,0.0
7,Maule,7401,Linares,3.9575356425553805,5.936303463833071,9.893839106388452,10.883223017027296,11.872606927666142,12.861990838304989,12.861990838304989,12.861990838304989,14.840758659582677,21.766446034054592,21.766446034054592,23.745213855332285,26.713365587248816
7,Maule,7402,Colbún,4.431641923332594,17.726567693330377,17.726567693330377,22.158209616662973,22.158209616662973,22.158209616662973,22.158209616662973,22.158209616662973,26.589851539995564,22.158209616662973,26.589851539995564,26.589851539995564,26.589851539995564
7,Maule,7403,Longaví,3.047851264858275,3.047851264858275,3.047851264858275,6.09570252971655,6.09570252971655,6.09570252971655,6.09570252971655,6.09570252971655,9.143553794574824,9.143553794574824,12.1914050594331,12.1914050594331,12.1914050594331
7,Maule,7404,Parral,8.979885057471265,6.734913793103448,6.734913793103448,6.734913793103448,8.979885057471265,11.22485632183908,13.469827586206897,13.469827586206897,13.469827586206897,13.469827586206897,20.204741379310345,20.204741379310345,20.204741379310345
7,Maule,7405,Retiro,0.0,0.0,0.0,0.0,0.0,0.0,4.745859237815006,4.745859237815006,9.491718475630012,9.491718475630012,4.745859237815006,4.745859237815006,4.745859237815006
7,Maule,7406,San Javier,0.0,2.022203797698732,2.022203797698732,14.155426583891124,14.155426583891124,16.177630381589857,16.177630381589857,18.199834179288587,22.244241774686053,32.355260763179714,40.44407595397464,40.44407595397464,46.510687347070835
7,Maule,7407,Villa Alegre,0.0,0.0,0.0,0.0,0.0,0.0,0.0,0.0,0.0,5.710370031978072,5.710370031978072,11.420740063956144,11.420740063956144
7,Maule,7408,Yerbas Buenas,0.0,0.0,0.0,0.0,0.0,0.0,0.0,0.0,0.0,5.208333333333334,5.208333333333334,5.208333333333334,10.416666666666668
8,Biobio,8101,Concepción,11.760159938175159,19.74026846765116,22.260302740117265,29.4003998454379,30.66041698167095,34.020462678292425,38.640525511146954,54.600742570098944,59.64081111503116,62.58085109957496,57.12077684256506,58.38079397879812,61.740839675419586
8,Biobio,8102,Coronel,0.0,8.74202290410001,9.536752259018192,10.331481613936374,14.305128388527287,14.305128388527287,14.305128388527287,11.92094032377274,11.92094032377274,11.92094032377274,12.715669678690922,14.305128388527287,16.689316453281833
8,Biobio,8103,Chiguayante,6.580390436499233,19.741171309497695,28.515025224830005,35.09541566132924,38.385610879578856,43.86926957666155,44.96600131607809,40.57907435841193,42.772537837245004,44.96600131607809,62.513709146742706,63.610440886159246,66.90063610440886
8,Biobio,8104,Florida,0.0,0.0,16.890465332319906,16.890465332319906,16.890465332319906,16.890465332319906,16.890465332319906,33.78093066463981,33.78093066463981,33.78093066463981,25.33569799847986,25.33569799847986,25.33569799847986
8,Biobio,8105,Hualqui,7.633296439067211,11.449944658600817,11.449944658600817,26.716537536735242,26.716537536735242,26.716537536735242,30.533185756268843,34.349833975802454,49.61642685393687,57.24972329300409,72.51631617113851,72.51631617113851,76.33296439067212
8,Biobio,8106,Lota,0.0,0.0,2.185792349726776,2.185792349726776,2.185792349726776,2.185792349726776,2.185792349726776,2.185792349726776,2.185792349726776,2.185792349726776,2.185792349726776,2.185792349726776,2.185792349726776
8,Biobio,8107,Penco,0.0,2.005414619472576,6.016243858417728,10.02707309736288,10.02707309736288,10.02707309736288,18.048731575253182,22.059560814198335,24.064975433670913,30.081219292088637,34.09204853103379,36.097463150506364,38.102877769978946
8,Biobio,8108,San Pedro de la Paz,12.336709936534483,34.26863871259578,38.380875358107275,43.178484777870686,48.66146697188601,50.03221252038985,54.82982194015325,51.402958068893675,51.402958068893675,58.25668581141282,67.85190465093964,67.85190465093964,68.53727742519156
8,Biobio,8109,Santa Juana,0.0,0.0,0.0,0.0,0.0,0.0,0.0,0.0,0.0,6.7663576696664185,13.532715339332837,13.532715339332837,13.532715339332837
8,Biobio,8110,Talcahuano,1.2630648268022358,14.52524550822571,18.314439988632415,22.735166882440243,28.4189586030503,29.05049101645142,35.365815150462595,51.785657898891664,53.68025513909501,61.25864409990843,56.8379172061006,59.99557927310619,65.04783858031514
8,Biobio,8111,Tomé,6.810945188918592,10.216417783377889,15.324626675066833,42.5684074307412,51.08208891688944,51.08208891688944,63.00124299749698,63.00124299749698,63.00124299749698,69.81218818641557,85.1368148614824,85.1368148614824,85.1368148614824
8,Biobio,8112,Hualpén,1.028034500837848,40.093345532676075,51.401725041892405,68.87831155613583,76.07455306200076,85.3268635695414,95.60720857791988,66.82224255446013,71.96241505864937,79.1586565645143,105.88755358629835,106.9155880871362,105.88755358629835
8,Biobio,8201,Lebu,0.0,0.0,0.0,0.0,0.0,0.0,0.0,0.0,0.0,0.0,0.0,0.0,0.0
8,Biobio,8202,Arauco,5.170764497530961,12.9269112438274,15.51229349259288,15.51229349259288,15.51229349259288,15.51229349259288,15.51229349259288,12.9269112438274,15.51229349259288,15.51229349259288,15.51229349259288,15.51229349259288,15.51229349259288
8,Biobio,8203,Cañete,0.0,0.0,0.0,0.0,0.0,0.0,0.0,0.0,0.0,0.0,0.0,0.0,0.0
8,Biobio,8204,Contulmo,0.0,0.0,0.0,0.0,0.0,0.0,0.0,0.0,0.0,0.0,0.0,0.0,0.0
8,Biobio,8205,Curanilahue,0.0,2.9505488020771864,2.9505488020771864,2.9505488020771864,2.9505488020771864,2.9505488020771864,2.9505488020771864,2.9505488020771864,2.9505488020771864,2.9505488020771864,5.901097604154373,5.901097604154373,2.9505488020771864
8,Biobio,8206,Los Álamos,0.0,0.0,0.0,0.0,0.0,0.0,0.0,0.0,0.0,0.0,4.439708755105665,4.439708755105665,4.439708755105665
8,Biobio,8207,Tirúa,0.0,0.0,18.150467374534895,36.30093474906979,36.30093474906979,36.30093474906979,36.30093474906979,36.30093474906979,36.30093474906979,36.30093474906979,36.30093474906979,36.30093474906979,36.30093474906979
8,Biobio,8301,Los Ángeles,5.033979360684621,6.864517310024484,5.491613848019586,7.779786284694415,10.067958721369243,10.067958721369243,10.067958721369243,11.44086218337414,11.898496670709104,13.729034620048967,14.186669107383933,14.186669107383933,14.186669107383933
8,Biobio,8302,Antuco,0.0,0.0,0.0,0.0,0.0,0.0,0.0,0.0,0.0,0.0,0.0,0.0,0.0
8,Biobio,8303,Cabrero,0.0,0.0,3.254678600488202,3.254678600488202,3.254678600488202,13.018714401952808,22.782750203417415,26.037428803905616,29.292107404393818,29.292107404393818,42.310821806346624,48.82017900732303,52.07485760781123
8,Biobio,8304,Laja,4.188832572362083,8.377665144724165,12.566497717086248,20.944162861810415,20.944162861810415,20.944162861810415,25.132995434172496,29.321828006534577,29.321828006534577,29.321828006534577,41.88832572362083,50.26599086834499,50.26599086834499
8,Biobio,8305,Mulchén,6.443091395251441,16.107728488128604,16.107728488128604,16.107728488128604,16.107728488128604,16.107728488128604,16.107728488128604,16.107728488128604,16.107728488128604,16.107728488128604,16.107728488128604,16.107728488128604,16.107728488128604
8,Biobio,8306,Nacimiento,3.5785857429144,7.1571714858288,7.1571714858288,7.1571714858288,14.3143429716576,17.892928714572,32.207271686229596,35.785857429144,35.785857429144,35.785857429144,35.785857429144,35.785857429144,35.785857429144
8,Biobio,8307,Negrete,0.0,0.0,0.0,9.588647041902387,19.177294083804775,19.177294083804775,19.177294083804775,19.177294083804775,19.177294083804775,19.177294083804775,19.177294083804775,19.177294083804775,19.177294083804775
8,Biobio,8308,Quilaco,0.0,0.0,0.0,0.0,0.0,0.0,0.0,0.0,0.0,0.0,0.0,0.0,0.0
8,Biobio,8309,Quilleco,0.0,0.0,0.0,0.0,0.0,0.0,0.0,0.0,0.0,9.968102073365232,9.968102073365232,0.0,0.0
8,Biobio,8310,San Rosendo,0.0,0.0,0.0,0.0,0.0,0.0,0.0,0.0,0.0,0.0,0.0,0.0,0.0
8,Biobio,8311,Santa Bárbara,6.853070175438596,13.706140350877192,13.706140350877192,13.706140350877192,13.706140350877192,13.706140350877192,13.706140350877192,20.559210526315788,20.559210526315788,20.559210526315788,20.559210526315788,13.706140350877192,13.706140350877192
8,Biobio,8312,Tucapel,0.0,0.0,0.0,0.0,6.576783952647156,6.576783952647156,6.576783952647156,0.0,6.576783952647156,6.576783952647156,6.576783952647156,6.576783952647156,6.576783952647156
8,Biobio,8313,Yumbel,22.591722392915237,22.591722392915237,22.591722392915237,22.591722392915237,22.591722392915237,22.591722392915237,22.591722392915237,22.591722392915237,22.591722392915237,27.110066871498283,27.110066871498283,27.110066871498283,27.110066871498283
8,Biobio,8314,Alto Biobío,14.760147601476016,0.0,0.0,0.0,0.0,0.0,0.0,14.760147601476016,14.760147601476016,14.760147601476016,0.0,0.0,0.0
9,Araucania,9101,Temuco,50.83665917321106,74.27433970112006,96.7216956996808,120.4894844040392,134.35402781491493,146.23792216709415,155.48095110767798,167.0347372834078,180.5691725178341,199.71544675190057,212.58966563342807,219.52193733886594,222.16280275046134
9,Araucania,9102,Carahue,3.9237228282194145,7.847445656438829,7.847445656438829,11.771168484658244,23.542336969316487,23.542336969316487,70.62701090794947,78.47445656438829,86.32190222082711,102.01679353370479,117.71168484658244,121.63540767480185,117.71168484658244
9,Araucania,9103,Cunco,0.0,0.0,0.0,27.693159789531986,27.693159789531986,27.693159789531986,27.693159789531986,33.231791747438386,33.231791747438386,33.231791747438386,33.231791747438386,33.231791747438386,27.693159789531986
9,Araucania,9104,Curarrehue,12.81722635221738,25.63445270443476,38.45167905665215,38.45167905665215,51.26890540886952,51.26890540886952,51.26890540886952,51.26890540886952,51.26890540886952,51.26890540886952,51.26890540886952,51.26890540886952,51.26890540886952
9,Araucania,9105,Freire,7.859781498074354,7.859781498074354,19.649453745185884,19.649453745185884,19.649453745185884,19.649453745185884,19.649453745185884,19.649453745185884,19.649453745185884,23.57934449422306,27.509235243260235,27.509235243260235,27.509235243260235
9,Araucania,9106,Galvarino,7.915776141850709,7.915776141850709,7.915776141850709,15.831552283701418,15.831552283701418,15.831552283701418,15.831552283701418,15.831552283701418,15.831552283701418,15.831552283701418,15.831552283701418,15.831552283701418,15.831552283701418
9,Araucania,9107,Gorbea,26.406126221283337,39.60918933192501,46.21072088724584,66.01531555320834,66.01531555320834,66.01531555320834,66.01531555320834,66.01531555320834,66.01531555320834,66.01531555320834,79.21837866385002,79.21837866385002,79.21837866385002
9,Araucania,9108,Lautaro,4.908457271879448,19.633829087517793,24.54228635939724,39.267658175035585,46.63034408285476,46.63034408285476,53.99302999067393,61.3557158984931,66.26417317037256,73.62685907819171,83.44377362195063,93.26068816570952,93.26068816570952
9,Araucania,9109,Loncoche,8.084401147984963,8.084401147984963,16.168802295969925,16.168802295969925,24.253203443954888,24.253203443954888,24.253203443954888,36.37980516593233,36.37980516593233,36.37980516593233,36.37980516593233,40.42200573992482,72.75961033186466
9,Araucania,9110,Melipeuco,0.0,0.0,0.0,0.0,0.0,0.0,0.0,0.0,0.0,0.0,0.0,0.0,0.0
9,Araucania,9111,Nueva Imperial,0.0,5.921188974746129,32.56653936110371,47.36951179796903,59.21188974746129,65.13307872220742,74.01486218432662,94.73902359593806,100.6602125706842,109.5419960328034,106.58140154543032,130.26615744441483,139.14794090653405
9,Araucania,9112,Padre Las Casas,10.960906101571064,17.050298380221655,40.189989039093895,53.586652052125196,59.67604433077579,59.67604433077579,59.67604433077579,63.32967969796614,70.63695043234685,86.4693703568384,94.99451954694922,105.95542564852028,119.35208866155158
9,Araucania,9113,Perquenco,13.844662882458813,13.844662882458813,27.689325764917626,13.844662882458813,27.689325764917626,27.689325764917626,41.53398864737644,41.53398864737644,55.37865152983525,83.06797729475288,83.06797729475288,83.06797729475288,69.22331441229406
9,Araucania,9114,Pitrufquén,15.328019619865113,22.992029429797668,26.824034334763947,42.15205395462906,45.984058859595336,45.984058859595336,61.31207847946045,68.97608828939302,65.14408338442672,72.80809319435929,72.80809319435929,72.80809319435929,76.64009809932557
9,Araucania,9115,Pucón,10.073198576321268,10.073198576321268,10.073198576321268,13.430931435095024,16.788664293868777,16.788664293868777,16.788664293868777,20.146397152642535,33.577328587737554,36.93506144651131,40.29279430528507,47.00826002283259,47.00826002283259
9,Araucania,9116,Saavedra,0.0,0.0,7.81677479871805,7.81677479871805,7.81677479871805,7.81677479871805,7.81677479871805,0.0,7.81677479871805,62.5341983897444,117.25162198077074,125.0683967794888,187.60259516923318
9,Araucania,9117,Teodoro Schmidt,0.0,25.33890789306981,12.669453946534905,19.004180919802355,19.004180919802355,25.33890789306981,31.67363486633726,31.67363486633726,31.67363486633726,31.67363486633726,38.00836183960471,38.00836183960471,38.00836183960471
9,Araucania,9118,Toltén,9.945300845350571,29.835902536051716,39.781203381402285,49.72650422675286,69.617105917454,69.617105917454,69.617105917454,59.67180507210343,59.67180507210343,59.67180507210343,59.67180507210343,59.67180507210343,59.67180507210343
9,Araucania,9119,Vilcún,13.001365143340049,16.251706429175062,35.75375414418514,58.50614314503022,65.00682571670025,65.00682571670025,78.0081908600403,87.75921471754535,94.25989728921537,120.26262757589548,126.76331014756549,126.76331014756549,143.01501657674055
9,Araucania,9120,Villarrica,1.6919614909564658,6.767845963825863,10.151768945738795,18.611576400521123,25.379422364346986,25.379422364346986,30.455306837216384,32.14726832817285,28.76334534625992,30.455306837216384,32.14726832817285,32.14726832817285,33.839229819129315
9,Araucania,9121,Cholchol,8.10307106393323,16.20614212786646,24.309213191799692,16.20614212786646,24.309213191799692,32.41228425573292,32.41228425573292,32.41228425573292,40.515355319666156,40.515355319666156,40.515355319666156,40.515355319666156,48.618426383599385
9,Araucania,9201,Angol,12.487066966356274,23.190267223233082,21.406400513753614,26.758000642192012,41.02893431802776,42.81280102750723,49.948267865425095,64.21920154126083,67.78693496021978,90.97720218345286,133.79000321096007,142.7093367583574,189.08987120482357
9,Araucania,9202,Collipulli,0.0,0.0,0.0,0.0,0.0,0.0,3.824384274131865,3.824384274131865,0.0,3.824384274131865,7.64876854826373,11.473152822395594,15.29753709652746
9,Araucania,9203,Curacautín,0.0,0.0,0.0,11.002310485201892,16.503465727802837,27.505776213004733,27.505776213004733,27.505776213004733,27.505776213004733,27.505776213004733,33.006931455605674,33.006931455605674,27.505776213004733
9,Araucania,9204,Ercilla,0.0,0.0,0.0,0.0,23.646252069047055,23.646252069047055,35.469378103570584,35.469378103570584,47.29250413809411,82.7618822416647,94.58500827618822,94.58500827618822,118.23126034523528
9,Araucania,9205,Lonquimay,0.0,0.0,0.0,0.0,0.0,0.0,0.0,0.0,0.0,0.0,0.0,0.0,0.0
9,Araucania,9206,Los Sauces,0.0,0.0,0.0,0.0,0.0,0.0,0.0,0.0,0.0,0.0,0.0,0.0,13.303179459890915
9,Araucania,9207,Lumaco,0.0,0.0,0.0,0.0,0.0,0.0,0.0,0.0,0.0,0.0,0.0,9.950248756218905,59.701492537313435
9,Araucania,9208,Purén,0.0,8.204791598293403,8.204791598293403,16.409583196586805,16.409583196586805,16.409583196586805,16.409583196586805,16.409583196586805,16.409583196586805,16.409583196586805,16.409583196586805,16.409583196586805,24.614374794880213
9,Araucania,9209,Renaico,0.0,0.0,0.0,0.0,9.231053263177328,9.231053263177328,18.462106526354656,18.462106526354656,18.462106526354656,27.693159789531986,36.92421305270931,36.92421305270931,36.92421305270931
9,Araucania,9210,Traiguén,0.0,0.0,0.0,0.0,0.0,5.177591384487936,10.355182768975872,10.355182768975872,10.355182768975872,15.532774153463809,15.532774153463809,15.532774153463809,10.355182768975872
9,Araucania,9211,Victoria,14.097611864550146,19.736656610370204,31.01474610201032,33.83426847492034,42.29283559365044,42.29283559365044,42.29283559365044,36.65379084783038,36.65379084783038,78.94662644148082,155.0737305100516,163.5322976287817,197.366566103702
10,Los Lagos,10101,Puerto Montt,12.620732150943958,16.332712195339237,9.279950110988203,12.991930155383484,13.73432616426254,14.476722173141596,25.241464301887916,27.097454324085557,28.21104833740414,27.83985033296461,27.097454324085557,27.097454324085557,19.302296230855465
10,Los Lagos,10102,Calbuco,10.88613106901807,13.607663836272588,13.607663836272588,13.607663836272588,13.607663836272588,13.607663836272588,19.050729370781625,13.607663836272588,21.77226213803614,16.32919660352711,19.050729370781625,19.050729370781625,19.050729370781625
10,Los Lagos,10103,Cochamó,0.0,0.0,0.0,0.0,0.0,0.0,0.0,0.0,24.962556165751376,24.962556165751376,24.962556165751376,24.962556165751376,24.962556165751376
10,Los Lagos,10104,Fresia,0.0,0.0,0.0,0.0,0.0,0.0,0.0,0.0,7.901390644753477,7.901390644753477,0.0,0.0,0.0
10,Los Lagos,10105,Frutillar,0.0,0.0,4.94486475794887,14.83459427384661,14.83459427384661,14.83459427384661,24.72432378974435,29.66918854769322,29.66918854769322,29.66918854769322,29.66918854769322,29.66918854769322,29.66918854769322
10,Los Lagos,10106,Los Muermos,5.612617163383286,5.612617163383286,5.612617163383286,5.612617163383286,5.612617163383286,5.612617163383286,5.612617163383286,5.612617163383286,5.612617163383286,5.612617163383286,5.612617163383286,5.612617163383286,5.612617163383286
10,Los Lagos,10107,Llanquihue,0.0,0.0,0.0,0.0,0.0,0.0,16.110842597067826,5.370280865689276,10.740561731378552,5.370280865689276,5.370280865689276,5.370280865689276,5.370280865689276
10,Los Lagos,10108,Maullín,0.0,0.0,0.0,0.0,0.0,6.7141130656640255,6.7141130656640255,6.7141130656640255,13.428226131328051,6.7141130656640255,6.7141130656640255,6.7141130656640255,6.7141130656640255
10,Los Lagos,10109,Puerto Varas,2.0567667626491155,2.0567667626491155,4.113533525298231,8.227067050596462,6.170300287947346,6.170300287947346,12.340600575894692,14.397367338543807,16.454134101192924,16.454134101192924,18.510900863842043,18.510900863842043,18.510900863842043
10,Los Lagos,10201,Castro,2.1005314344529165,2.1005314344529165,2.1005314344529165,8.402125737811666,12.6031886067175,14.703720041170417,14.703720041170417,14.703720041170417,14.703720041170417,14.703720041170417,14.703720041170417,14.703720041170417,16.80425147562333
10,Los Lagos,10202,Ancud,0.0,0.0,0.0,0.0,4.710537472325592,7.0658062084883895,7.0658062084883895,7.0658062084883895,7.0658062084883895,18.84214988930237,21.197418625465165,21.197418625465165,23.55268736162796
10,Los Lagos,10203,Chonchi,0.0,0.0,0.0,0.0,0.0,0.0,0.0,0.0,0.0,0.0,0.0,0.0,0.0
10,Los Lagos,10204,Curaco de Vélez,0.0,0.0,0.0,0.0,0.0,0.0,0.0,0.0,0.0,0.0,0.0,0.0,0.0
10,Los Lagos,10205,Dalcahue,0.0,0.0,0.0,0.0,0.0,0.0,0.0,0.0,0.0,0.0,0.0,0.0,0.0
10,Los Lagos,10206,Puqueldón,0.0,0.0,0.0,0.0,0.0,0.0,0.0,0.0,0.0,0.0,0.0,0.0,0.0
10,Los Lagos,10207,Queilén,0.0,0.0,0.0,0.0,0.0,0.0,0.0,0.0,0.0,0.0,0.0,0.0,0.0
10,Los Lagos,10208,Quellón,0.0,0.0,0.0,0.0,0.0,0.0,0.0,0.0,0.0,0.0,0.0,0.0,0.0
10,Los Lagos,10209,Quemchi,0.0,0.0,0.0,0.0,0.0,0.0,0.0,0.0,0.0,0.0,0.0,0.0,0.0
10,Los Lagos,10210,Quinchao,12.05109664979513,12.05109664979513,12.05109664979513,12.05109664979513,12.05109664979513,12.05109664979513,12.05109664979513,12.05109664979513,12.05109664979513,12.05109664979513,12.05109664979513,12.05109664979513,12.05109664979513
10,Los Lagos,10301,Osorno,38.06008880687388,69.20016146704343,93.99688599273398,109.56692232281875,119.37027853064991,126.86696268957962,133.78697883628394,138.9769909463122,143.5903350441151,152.8170232397209,160.3137073986506,162.62037944755204,176.46041174096072
10,Los Lagos,10302,Puerto Octay,10.879025239338555,10.879025239338555,10.879025239338555,10.879025239338555,10.879025239338555,10.879025239338555,10.879025239338555,10.879025239338555,10.879025239338555,10.879025239338555,21.75805047867711,43.51610095735422,43.51610095735422
10,Los Lagos,10303,Purranque,0.0,4.743833017077799,23.719165085388994,23.719165085388994,52.182163187855785,75.90132827324479,75.90132827324479,75.90132827324479,75.90132827324479,75.90132827324479,80.64516129032258,80.64516129032258,90.13282732447819
10,Los Lagos,10304,Puyehue,8.483922965979469,8.483922965979469,8.483922965979469,8.483922965979469,16.967845931958937,16.967845931958937,16.967845931958937,8.483922965979469,8.483922965979469,8.483922965979469,8.483922965979469,16.967845931958937,33.935691863917874
10,Los Lagos,10305,Río Negro,0.0,0.0,7.005253940455341,7.005253940455341,7.005253940455341,14.010507880910682,21.015761821366024,21.015761821366024,28.021015761821364,28.021015761821364,35.02626970227671,35.02626970227671,70.05253940455341
10,Los Lagos,10306,San Juan de la Costa,0.0,0.0,0.0,91.6350307631889,143.99790548501113,143.99790548501113,183.2700615263778,170.17934284592224,196.36078020683337,209.4514988872889,287.99581097002226,314.17724833093337,340.35868569184447
10,Los Lagos,10307,San Pablo,9.47597839476926,9.47597839476926,18.95195678953852,18.95195678953852,56.85587036861556,56.85587036861556,56.85587036861556,56.85587036861556,56.85587036861556,75.80782715815408,75.80782715815408,75.80782715815408,85.28380555292334
10,Los Lagos,10401,Chaitén,0.0,19.9203187250996,19.9203187250996,19.9203187250996,19.9203187250996,19.9203187250996,19.9203187250996,19.9203187250996,19.9203187250996,19.9203187250996,19.9203187250996,19.9203187250996,19.9203187250996
10,Los Lagos,10402,Futaleufú,0.0,0.0,0.0,0.0,0.0,0.0,0.0,0.0,0.0,0.0,0.0,0.0,0.0
10,Los Lagos,10403,Hualaihué,10.498687664041995,31.49606299212598,31.49606299212598,31.49606299212598,31.49606299212598,31.49606299212598,31.49606299212598,31.49606299212598,31.49606299212598,31.49606299212598,31.49606299212598,31.49606299212598,31.49606299212598
10,Los Lagos,10404,Palena,0.0,0.0,0.0,0.0,0.0,0.0,0.0,0.0,0.0,0.0,0.0,0.0,0.0
11,Aisen,11101,Coyhaique,3.2674399607907203,3.2674399607907203,3.2674399607907203,1.6337199803953601,1.6337199803953601,1.6337199803953601,1.6337199803953601,3.2674399607907203,3.2674399607907203,4.901159941186081,4.901159941186081,4.901159941186081,3.2674399607907203
11,Aisen,11102,Lago Verde,0.0,0.0,0.0,0.0,0.0,0.0,0.0,0.0,0.0,0.0,0.0,0.0,0.0
11,Aisen,11201,Aisén,3.999680025597952,,15.998720102391808,19.99840012798976,15.998720102391808,15.998720102391808,15.998720102391808,11.999040076793856,11.999040076793856,3.999680025597952,3.999680025597952,3.999680025597952,3.999680025597952
11,Aisen,11202,Cisnes,0.0,0.0,0.0,0.0,0.0,0.0,0.0,0.0,0.0,0.0,0.0,0.0,0.0
11,Aisen,11203,Guaitecas,0.0,0.0,0.0,0.0,0.0,0.0,0.0,0.0,0.0,0.0,0.0,0.0,0.0
11,Aisen,11301,Cochrane,0.0,0.0,0.0,0.0,0.0,0.0,0.0,0.0,0.0,0.0,0.0,0.0,0.0
11,Aisen,11302,O'Higgins,0.0,0.0,0.0,0.0,0.0,0.0,0.0,0.0,0.0,0.0,0.0,0.0,0.0
11,Aisen,11303,Tortel,0.0,0.0,0.0,0.0,174.82517482517483,174.82517482517483,174.82517482517483,174.82517482517483,174.82517482517483,0.0,0.0,0.0,0.0
11,Aisen,11401,Chile Chico,0.0,0.0,0.0,19.527436047646944,19.527436047646944,19.527436047646944,19.527436047646944,19.527436047646944,19.527436047646944,19.527436047646944,19.527436047646944,19.527436047646944,19.527436047646944
11,Aisen,11402,Río Ibáñez,0.0,0.0,0.0,0.0,0.0,0.0,0.0,0.0,0.0,0.0,0.0,0.0,0.0
12,Magallanes y la Antartica Chilena,12101,Punta Arenas,20.42483660130719,61.27450980392157,100.71557358575613,142.9738562091503,145.79107505070994,210.58710840658102,272.5659229208925,292.9907595221997,331.02321388325447,363.42123056119,409.2010367365337,438.78183457290964,482.4487266170836
12,Magallanes y la Antartica Chilena,12102,Laguna Blanca,0.0,0.0,0.0,0.0,0.0,0.0,0.0,0.0,0.0,0.0,0.0,0.0,0.0
12,Magallanes y la Antartica Chilena,12103,Río Verde,0.0,0.0,0.0,0.0,0.0,0.0,0.0,0.0,0.0,0.0,0.0,0.0,0.0
12,Magallanes y la Antartica Chilena,12104,San Gregorio,0.0,0.0,0.0,0.0,0.0,0.0,0.0,0.0,0.0,0.0,0.0,0.0,0.0
12,Magallanes y la Antartica Chilena,12201,Cabo de Hornos,252.14321734745334,302.571860816944,302.571860816944,504.2864346949067,554.7150781643974,655.5723651033787,907.7155824508321,907.7155824508321,907.7155824508321,857.2869389813415,857.2869389813415,958.1442259203227,958.1442259203227
12,Magallanes y la Antartica Chilena,12202,Antártica,0.0,0.0,0.0,0.0,0.0,0.0,0.0,0.0,0.0,0.0,0.0,0.0,0.0
12,Magallanes y la Antartica Chilena,12301,Porvenir,0.0,27.311211252219035,27.311211252219035,40.96681687832856,40.96681687832856,40.96681687832856,54.62242250443807,54.62242250443807,68.27802813054758,109.24484500887614,109.24484500887614,109.24484500887614,109.24484500887614
12,Magallanes y la Antartica Chilena,12302,Primavera,0.0,0.0,0.0,0.0,0.0,0.0,0.0,0.0,144.0922190201729,144.0922190201729,144.0922190201729,144.0922190201729,144.0922190201729
12,Magallanes y la Antartica Chilena,12303,Timaukel,0.0,0.0,0.0,0.0,0.0,0.0,0.0,0.0,0.0,0.0,0.0,0.0,0.0
12,Magallanes y la Antartica Chilena,12401,Natales,4.204860819106888,16.819443276427553,21.02430409553444,21.02430409553444,21.02430409553444,25.229164914641323,25.229164914641323,25.229164914641323,29.434025733748214,25.229164914641323,29.434025733748214,33.638886552855105,33.638886552855105
12,Magallanes y la Antartica Chilena,12402,Torres del Paine,0.0,0.0,0.0,0.0,0.0,0.0,0.0,0.0,0.0,0.0,0.0,0.0,0.0
13,Region Metropolitana,13101,Santiago,25.24113231322059,31.00485543986151,34.38358968651308,46.507283159792266,53.860998873092754,63.798452539715036,74.53090249966709,80.29462562630802,92.0208209529223,99.3745366662228,120.83943658612692,139.1243513327119,194.7740918657967
13,Region Metropolitana,13102,Cerrillos,3.3724537973829762,4.4966050631773005,4.4966050631773005,5.620756328971626,12.365663923737577,23.607176581680832,32.60038670803544,43.84189936597869,53.95926075812762,59.58001708709924,74.19398354242547,89.93210126354602,145.01551328746797
13,Region Metropolitana,13103,Cerro Navia,13.336608991682168,14.740462569753975,18.250096514933492,21.759730460113012,25.269364405292528,29.48092513950795,40.0098269750465,45.625241287333736,55.452216333836375,69.49075211455445,82.82736110623662,94.76011651984697,125.64489523742674
13,Region Metropolitana,13104,Conchalí,10.057832537088258,12.93149897625633,15.805165415424405,22.989331513344588,27.299831172096702,33.76558066022486,37.357663709184955,40.23133014835303,45.978663026689176,57.473328783361474,70.4048277596178,81.18107690649808,134.34390603110742
13,Region Metropolitana,13105,El Bosque,10.465116279069766,16.27906976744186,20.348837209302328,21.511627906976745,26.74418604651163,37.20930232558139,48.25581395348837,54.06976744186046,62.20930232558139,73.83720930232558,84.30232558139535,102.90697674418605,137.2093023255814
13,Region Metropolitana,13106,Estación Central,7.737243220240629,10.638709427830864,12.089442531625982,17.408797245541415,19.82668575186661,29.498239777167395,34.33401678981779,43.03841541258849,48.84134782776896,58.029324151804715,78.33958760493636,100.10058416186313,164.8999961313784
13,Region Metropolitana,13107,Huechuraba,15.10735105929191,16.884686478032133,19.55068960614247,28.437366699843597,31.103369827953934,33.76937295606427,42.65605004976539,47.09938859661595,52.43139485283663,58.65206881842741,68.42741362149864,72.87075216834921,100.4194511588227
13,Region Metropolitana,13108,Independencia,10.558547143912998,11.966353429768064,15.48586914440573,18.301481716115862,21.82099743075353,26.04441628831873,36.602963432231725,42.23418857565199,56.31225143420265,80.94886143666632,137.96501601379651,173.16017316017317,303.3822546017668
13,Region Metropolitana,13109,La Cisterna,9.956787542067428,11.948145050480914,11.948145050480914,19.913575084134855,25.887647609375314,33.85307764302925,38.83147141406297,44.80554393930342,46.796901447716905,60.73640400661131,72.68454905709221,83.6370153533664,121.47280801322262
13,Region Metropolitana,13110,La Florida,10.685008436186893,14.412336960438134,16.64873407498888,22.612459713790866,25.59432253319186,31.309559603710433,41.00061376676366,43.73398801788124,52.4310879078008,57.40085927346913,70.07377625592335,81.50425039696049,106.3531072253021
13,Region Metropolitana,13111,La Granja,4.079734327700581,6.527574924320928,13.055149848641856,19.582724772962784,21.214618504043017,29.374087159444176,37.533555814845336,41.613290142545914,48.956811932406964,56.30033372226801,65.27574924320929,77.51495222631102,112.60066744453601
13,Region Metropolitana,13112,La Pintana,1.0563287295006205,5.281643647503103,6.866136741754033,9.506958565505586,13.204109118757756,20.5984102252621,29.049040061267068,36.971505532521725,46.47846409802731,56.513587028283204,67.60503868803971,102.99205112631051,142.07621411783347
13,Region Metropolitana,13113,La Reina,23.939672026493238,25.934644695367673,29.924590033116548,34.91202170530264,43.8893987152376,51.86928939073535,53.864262059609786,55.85923472848422,58.851693731795876,61.84415273510753,64.83661173841918,83.78885209272633,107.72852411921957
13,Region Metropolitana,13114,Las Condes,54.72262281600803,62.88566599850647,67.72302492146851,78.00241263276283,80.42109209424385,84.95611608452076,89.49114007479767,92.51448940164893,96.74717845924071,98.56118805535148,104.60788670905401,107.32890110322016,123.65498746821704
13,Region Metropolitana,13115,Lo Barnechea,54.80511944292208,62.86469583158709,68.5063993036526,78.17789097005061,84.62555208098262,88.65534027531513,93.49108610851414,100.74470485831266,116.05789999677616,126.53534930204069,137.0127986073052,156.35578194010122,191.81791805022726
13,Region Metropolitana,13116,Lo Espejo,3.8511529389110866,6.739517643094402,8.665094112549944,14.441823520916575,22.144129398738748,32.734799980744235,46.21383526693304,53.916141144755215,57.7672940836663,64.5068117267607,77.02305877822174,96.27882347277716,125.16247051461032
13,Region Metropolitana,13117,Lo Prado,13.409576353169927,17.24088388264705,19.156537647385612,23.945672059232013,30.65046023581698,33.52394088292482,41.186555941879064,45.017863471356186,59.38526670689539,71.83701617769604,84.28876564849669,106.31878394299014,162.83057000277768
13,Region Metropolitana,13118,Macul,7.427489137297137,11.141233705945705,17.083225015783412,25.253463066810266,27.481709807999405,31.938203290377686,36.39469677275597,37.8801946002154,42.33668808259368,47.53593047870168,66.10465332194451,81.7023805102685,101.01385226724106
13,Region Metropolitana,13119,Maipú,7.431667545216512,9.505621278765306,11.0610865789269,14.344846657045824,18.319924646347683,28.862522791887386,35.084383992533766,41.651904148771614,49.08357169398813,53.922797072268644,62.90992991764675,68.9589616404974,82.95814934195177
13,Region Metropolitana,13120,Ñuñoa,26.779433395152527,33.57421500287779,37.1714523246147,42.76715482509432,47.163778218328325,61.95242054102449,68.34750911300122,75.14229072072648,86.73338875743428,95.92632857965083,107.51742661635863,116.31067340282662,131.49900876127134
13,Region Metropolitana,13121,Pedro Aguirre Cerda,6.493325788707179,12.059033607599046,12.059033607599046,14.841887517044979,17.624741426490914,33.3942469133512,50.09137037002681,64.93325788707179,72.35420164559429,82.5579993135627,101.11035870986893,119.66271810617515,166.971234566756
13,Region Metropolitana,13122,Peñalolén,11.619277505828379,17.24150855703566,20.240031784346208,24.363001221898216,29.23560146627786,36.731909534554234,49.100817847210244,51.34971026769316,60.72009535303863,70.09048043838409,78.33641931348811,95.20311246710995,120.6905598992496
13,Region Metropolitana,13123,Providencia,51.98131208438723,55.15090428465473,59.58833336502926,65.92751776556429,72.90062060615281,81.77547876690186,86.21290784727637,93.18601068786491,103.96262416877445,114.1053192096305,124.24801425048653,126.78368801070053,143.26556745209163
13,Region Metropolitana,13124,Pudahuel,6.715677947688819,9.875996981895321,12.641276136826011,17.381754688135768,20.54207372234227,26.467671911479467,30.813110583513406,34.763509376271536,40.689107565408726,46.61470575454592,54.12046346078636,65.97165983906075,92.0442918712644
13,Region Metropolitana,13125,Quilicura,6.674676278200507,11.386212474577336,12.95672454003628,20.024028834601523,22.379796932789937,31.017613292814122,36.907033538285155,39.65542965283831,43.9743378328504,50.64901411105091,64.39099468381666,92.66021186207763,166.08165092228322
13,Region Metropolitana,13126,Quinta Normal,15.399507215769097,18.3327466854394,25.665845359615158,30.065704564120615,41.798662442801835,50.59838085181274,61.59802886307639,76.99753607884547,91.663733427197,109.26317024521882,126.12929719582307,142.26211427900975,192.1271852634049
13,Region Metropolitana,13127,Recoleta,8.943837958700513,12.100486650006577,16.83545968696567,23.148757069577798,27.35762199131922,32.09259502827831,38.40589241089044,42.614757332631854,56.29356832829146,66.28962251742733,91.54281204787584,118.90043403919505,209.39102985663553
13,Region Metropolitana,13128,Renca,5.595379459983711,8.703923604419106,11.190758919967422,11.812467748854502,13.67759423551574,17.407847208838213,26.11177081325732,31.08544144435395,43.51961802209553,50.980123968740486,66.52284469091745,81.44385658420735,115.01613334410962
13,Region Metropolitana,13129,San Joaquín,12.562207083152149,23.191766922742428,27.057061409866165,34.78765038411364,40.58559211479925,50.248828332608596,56.0467700632942,65.71000628110355,81.1711842295985,97.59868579987437,114.02618737015027,143.9822196453592,176.837222785911
13,Region Metropolitana,13130,San Miguel,18.788657663141915,24.04948180882165,29.310305954501384,36.825769019758155,42.08659316543789,51.85669515027168,64.63298236120818,72.89999173299063,83.4216400243501,98.45256615486363,114.23503859190284,130.01751102894204,160.0793632899691
13,Region Metropolitana,13131,San Ramón,1.1559357299734134,6.935614379840482,10.40342156976072,10.40342156976072,13.871228759680964,20.80684313952144,23.11871459946827,31.210264709282164,36.98994335914923,48.54930065888337,76.29175817824529,104.03421569760722,166.45474511617152
13,Region Metropolitana,13132,Vitacura,85.76683820034306,93.000186000372,103.33354000041334,117.80023560047121,117.80023560047121,122.96691260049187,131.23359580052494,132.26693120052906,134.33360200053733,136.4002728005456,137.43360820054974,142.6002852005704,157.06698080062827
13,Region Metropolitana,13201,Puente Alto,6.966925681481448,8.979593100576087,11.766363373168666,18.42364791325094,25.700214736131556,37.00211639720146,49.85222376526725,57.9028934416458,73.0753093702054,87.00916073316829,106.51655264131635,118.28291601448501,137.63548735193348
13,Region Metropolitana,13202,Pirque,0.0,6.571813491933099,6.571813491933099,13.143626983866199,13.143626983866199,29.573160713698947,32.85906745966549,39.430880951598596,42.716787697565145,46.002694443531695,52.574507935464794,62.43222817336444,98.57720237899647
13,Region Metropolitana,13203,San José de Maipo,10.727311735679038,10.727311735679038,10.727311735679038,16.090967603518557,16.090967603518557,21.454623471358076,21.454623471358076,21.454623471358076,21.454623471358076,21.454623471358076,37.54559107487663,42.90924694271615,64.36387041407423
13,Region Metropolitana,13301,Colina,17.742981818988316,21.62425909189201,26.06000454663909,27.723409092169245,34.377027274289865,36.594900001663405,41.03064545641048,42.69405000194064,44.91192272931418,49.902136365904646,52.67447727512157,57.110222729868646,71.52639545779665
13,Region Metropolitana,13302,Lampa,7.880344843890368,7.880344843890368,10.24444829705748,11.032482781446516,14.184620719002663,20.48889659411496,29.157275922394362,32.30941385995051,35.46155179750666,37.82565525067377,45.70600009456414,53.58634493845451,75.65131050134754
13,Region Metropolitana,13303,Tiltil,9.31228756343996,,13.968431345159939,13.968431345159939,18.62457512687992,18.62457512687992,18.62457512687992,18.62457512687992,18.62457512687992,23.280718908599898,23.280718908599898,23.280718908599898,41.90529403547981
13,Region Metropolitana,13401,San Bernardo,9.556917416287376,12.244800439618201,15.828644470725967,22.100371525164558,23.593639871459462,34.94247930330072,41.81151369625727,46.58997240440096,59.13342651327814,70.78091961437838,94.9718668243558,111.09916496434076,129.91434612765653
13,Region Metropolitana,13402,Buin,6.384472961757006,7.296540527722293,12.768945923514012,18.241351319305732,18.241351319305732,26.449959412993316,32.83443237475032,36.482702638611464,39.21890533650733,42.867175600368476,48.3395809961602,54.7240539579172,73.87747284318822
13,Region Metropolitana,13403,Calera de Tango,21.034180543383,24.539877300613497,24.539877300613497,24.539877300613497,28.045574057843996,28.045574057843996,35.056967572305,35.056967572305,38.562664329535494,49.079754601226995,52.58545135845749,52.58545135845749,59.59684487291849
13,Region Metropolitana,13404,Paine,3.6246767996520313,3.6246767996520313,3.6246767996520313,3.6246767996520313,3.6246767996520313,8.457579199188073,9.665804799072083,10.874030398956092,12.082255998840104,13.290481598724114,15.706932798492133,18.123383998260156,25.372737597564214
13,Region Metropolitana,13501,Melipilla,4.236929073807304,5.649238765076406,6.355393610710958,7.767703301980058,8.473858147614608,11.298477530152812,12.004632375787363,13.416942067056464,17.653871140863767,24.715419597209273,28.24619382538203,33.895432590458434,52.255458576956755
13,Region Metropolitana,13502,Alhué,0.0,0.0,0.0,0.0,0.0,0.0,0.0,0.0,0.0,0.0,0.0,0.0,0.0
13,Region Metropolitana,13503,Curacaví,13.72495196266813,13.72495196266813,13.72495196266813,21.95992314026901,24.704913532802635,27.44990392533626,35.68487510293714,38.429865495470764,38.429865495470764,38.429865495470764,41.174855888004394,41.174855888004394,52.1548174581389
13,Region Metropolitana,13504,María Pinto,0.0,0.0,0.0,0.0,0.0,0.0,0.0,0.0,6.699718611818303,6.699718611818303,6.699718611818303,6.699718611818303,20.099155835454912
13,Region Metropolitana,13505,San Pedro,0.0,0.0,0.0,0.0,0.0,0.0,0.0,0.0,0.0,8.366100560528738,16.732201121057475,16.732201121057475,66.9288044842299
13,Region Metropolitana,13601,Talagante,3.6657787335956398,6.1096312226594,7.3315574671912795,13.44118868985068,17.10696742344632,21.99467240157384,25.660451135169485,29.326229868765118,31.770082357828883,32.99200860236076,36.6577873359564,40.323566069552044,45.21127104767956
13,Region Metropolitana,13602,El Monte,2.49912530614285,2.49912530614285,4.9982506122857,12.495626530714251,17.49387714299995,22.49212775528565,24.991253061428502,24.991253061428502,29.989503673714196,29.989503673714196,32.48862897985705,39.9860048982856,52.481631428999854
13,Region Metropolitana,13603,Isla de Maipo,0.0,2.4893579945731994,2.4893579945731994,9.957431978292798,17.425505962012398,24.893579945731993,24.893579945731993,27.382937940305194,27.382937940305194,27.382937940305194,27.382937940305194,32.36165392945159,34.851011924024796
13,Region Metropolitana,13604,Padre Hurtado,13.479268884455706,14.827195772901277,18.87097643823799,21.56683021512913,24.26268399202027,26.958537768911413,35.04609909958484,36.394025988030414,37.74195287647598,43.13366043025826,47.17744109559498,53.917075537822825,74.13597886450638
13,Region Metropolitana,13605,Peñaflor,9.895307645114688,12.863899938649093,12.863899938649093,17.811553761206437,17.811553761206437,19.790615290229375,24.738269112786718,25.727799877298185,28.696392170832592,34.6335767579014,43.53935363850462,50.4660689900849,66.2985612222684
14,Los Rios,14101,Valdivia,6.788328600359781,25.456232251349178,26.587620351409143,36.770113251948814,40.729971602158685,46.3869121024585,49.78107640263839,54.87232285290823,57.135099053028156,57.135099053028156,59.397875253148094,60.52926335320805,62.226345503298
14,Los Rios,14102,Corral,0.0,0.0,0.0,0.0,0.0,0.0,0.0,18.358729575913348,18.358729575913348,18.358729575913348,18.358729575913348,18.358729575913348,18.358729575913348
14,Los Rios,14103,Lanco,0.0,5.665080444142307,5.665080444142307,11.330160888284613,11.330160888284613,11.330160888284613,11.330160888284613,22.660321776569226,22.660321776569226,22.660321776569226,28.325402220711535,28.325402220711535,28.325402220711535
14,Los Rios,14104,Los Lagos,0.0,0.0,0.0,0.0,0.0,0.0,0.0,0.0,0.0,0.0,0.0,0.0,0.0
14,Los Rios,14105,Máfil,13.533631073216943,13.533631073216943,13.533631073216943,13.533631073216943,13.533631073216943,13.533631073216943,13.533631073216943,13.533631073216943,13.533631073216943,13.533631073216943,27.067262146433887,27.067262146433887,27.067262146433887
14,Los Rios,14106,Mariquina,0.0,8.602150537634408,12.903225806451614,25.806451612903228,34.40860215053763,34.40860215053763,34.40860215053763,38.70967741935484,38.70967741935484,34.40860215053763,38.70967741935484,38.70967741935484,38.70967741935484
14,Los Rios,14107,Paillaco,0.0,4.808154630252909,4.808154630252909,4.808154630252909,4.808154630252909,4.808154630252909,4.808154630252909,4.808154630252909,4.808154630252909,4.808154630252909,9.616309260505817,9.616309260505817,9.616309260505817
14,Los Rios,14108,Panguipulli,0.0,0.0,0.0,0.0,0.0,0.0,5.556944791753494,0.0,0.0,2.778472395876747,0.0,0.0,0.0
14,Los Rios,14201,La Unión,2.5292124032576258,22.76291162931863,25.292124032576258,42.996610855379636,45.52582325863726,45.52582325863726,45.52582325863726,58.17188527492539,58.17188527492539,53.11346046841013,68.28873488795588,73.34715969447115,80.93479690424402
14,Los Rios,14202,Futrono,0.0,13.105301094292642,13.105301094292642,32.763252735731605,32.763252735731605,32.763252735731605,32.763252735731605,32.763252735731605,32.763252735731605,32.763252735731605,32.763252735731605,32.763252735731605,32.763252735731605
14,Los Rios,14203,Lago Ranco,0.0,9.71628449280995,9.71628449280995,19.4325689856199,19.4325689856199,19.4325689856199,19.4325689856199,19.4325689856199,19.4325689856199,19.4325689856199,19.4325689856199,19.4325689856199,19.4325689856199
14,Los Rios,14204,Río Bueno,6.074411541381929,6.074411541381929,6.074411541381929,15.186028853454822,15.186028853454822,15.186028853454822,30.372057706909644,21.260440394836753,21.260440394836753,33.40926347760061,30.372057706909644,33.40926347760061,39.48367501898254
15,Arica y Parinacota,15101,Arica,2.4237331954498447,2.4237331954498447,4.847466390899689,16.56217683557394,25.449198552223372,35.14413133402275,46.45488624612203,50.0904860392968,54.13004136504653,67.05661840744571,90.4860392967942,109.06799379524301,119.97479317476733
15,Arica y Parinacota,15102,Camarones,0.0,0.0,0.0,0.0,0.0,0.0,0.0,0.0,0.0,0.0,0.0,0.0,0.0
15,Arica y Parinacota,15201,Putre,0.0,0.0,0.0,0.0,0.0,0.0,0.0,0.0,0.0,0.0,0.0,0.0,0.0
15,Arica y Parinacota,15202,General Lagos,0.0,0.0,0.0,0.0,0.0,0.0,0.0,0.0,0.0,0.0,0.0,0.0,0.0
16,Nuble,16101,Chillán,57.39487675205413,87.09924279039794,120.8313194780087,146.50797486708555,164.63267278878686,172.1846302561624,178.72966006122118,187.79200902207185,194.840502658289,198.868213307556,206.9236346060899,203.90285161913968,208.43402609956502
16,Nuble,16102,Bulnes,53.08090414473393,79.6213562171009,141.5490777192905,159.2427124342018,199.05339054275225,212.3236165789357,212.3236165789357,212.3236165789357,212.3236165789357,238.8640686513027,260.9811120449418,265.40452072366963,274.2513380811253
16,Nuble,16103,Chillán Viejo,38.43083927040529,65.03680491914743,76.86167854081059,88.68655216247377,100.51142578413692,118.24873621663167,130.07360983829486,133.02982824371065,133.02982824371065,144.8547018653738,153.72335708162117,162.59201229786856,162.59201229786856
16,Nuble,16104,El Carmen,8.107669855683477,16.215339711366955,16.215339711366955,16.215339711366955,24.32300956705043,24.32300956705043,24.32300956705043,24.32300956705043,24.32300956705043,24.32300956705043,24.32300956705043,24.32300956705043,24.32300956705043
16,Nuble,16105,Pemuco,0.0,0.0,0.0,23.150827642088203,34.726241463132304,34.726241463132304,46.301655284176405,46.301655284176405,46.301655284176405,57.87706910522051,57.87706910522051,69.45248292626461,69.45248292626461
16,Nuble,16106,Pinto,8.417508417508419,16.835016835016837,50.505050505050505,75.75757575757575,84.17508417508417,84.17508417508417,84.17508417508417,84.17508417508417,84.17508417508417,92.5925925925926,92.5925925925926,101.01010101010101,101.01010101010101
16,Nuble,16107,Quillón,21.30265750652394,37.27965063641689,79.88496564946477,90.53629440272674,117.16461628588166,117.16461628588166,122.49028066251265,122.49028066251265,127.81594503914363,138.4672737924056,138.4672737924056,149.11860254566756,159.76993129892955
16,Nuble,16108,San Ignacio,6.015399422521655,6.015399422521655,18.046198267564964,36.09239653512993,36.09239653512993,36.09239653512993,36.09239653512993,24.06159769008662,24.06159769008662,24.06159769008662,30.076997112608275,36.09239653512993,48.12319538017324
16,Nuble,16109,Yungay,5.377500537750054,37.64250376425038,53.77500537750054,139.8150139815014,198.96751989675198,204.34502043450206,225.85502258550224,225.85502258550224,241.98752419875242,247.36502473650248,247.36502473650248,258.1200258120026,279.6300279630028
16,Nuble,16201,Quirihue,0.0,0.0,0.0,8.202099737532809,32.808398950131235,32.808398950131235,32.808398950131235,16.404199475065617,24.606299212598426,24.606299212598426,32.808398950131235,32.808398950131235,32.808398950131235
16,Nuble,16202,Cobquecura,0.0,0.0,0.0,0.0,0.0,0.0,0.0,0.0,0.0,0.0,0.0,0.0,0.0
16,Nuble,16203,Coelemu,0.0,5.936479667557139,11.872959335114277,17.809439002671418,23.745918670228555,23.745918670228555,23.745918670228555,23.745918670228555,23.745918670228555,23.745918670228555,23.745918670228555,23.745918670228555,23.745918670228555
16,Nuble,16204,Ninhue,0.0,0.0,0.0,0.0,18.470631695603988,18.470631695603988,36.941263391207976,55.411895086811974,55.411895086811974,73.88252678241595,73.88252678241595,73.88252678241595,73.88252678241595
16,Nuble,16205,Portezuelo,0.0,0.0,0.0,0.0,0.0,0.0,20.242914979757085,0.0,0.0,0.0,0.0,0.0,0.0
16,Nuble,16206,Ránquil,0.0,15.971889474524836,79.85944737262419,111.80322632167385,143.74700527072352,143.74700527072352,159.71889474524838,143.74700527072352,143.74700527072352,143.74700527072352,143.74700527072352,159.71889474524838,159.71889474524838
16,Nuble,16207,Treguaco,0.0,0.0,0.0,0.0,0.0,0.0,0.0,0.0,0.0,0.0,0.0,0.0,0.0
16,Nuble,16301,San Carlos,14.221716561188936,23.11028941193202,23.11028941193202,33.77657683282372,49.77600796416127,51.55372253430989,55.109151674607126,55.109151674607126,55.109151674607126,56.886866244755744,60.44229538505298,60.44229538505298,62.22000995520159
16,Nuble,16302,Coihueco,10.572687224669604,10.572687224669604,10.572687224669604,21.145374449339208,24.66960352422908,28.19383259911894,38.76651982378854,38.76651982378854,49.33920704845816,74.00881057268722,84.58149779735683,88.1057268722467,140.96916299559473
16,Nuble,16303,Ñiquén,0.0,0.0,0.0,0.0,17.29056799515864,17.29056799515864,17.29056799515864,17.29056799515864,17.29056799515864,25.935851992737962,25.935851992737962,25.935851992737962,25.935851992737962
16,Nuble,16304,San Fabián,64.46067898581865,107.43446497636442,128.9213579716373,128.9213579716373,128.9213579716373,128.9213579716373,128.9213579716373,128.9213579716373,128.9213579716373,128.9213579716373,150.40825096691017,171.89514396218308,171.89514396218308
16,Nuble,16305,San Nicolás,8.21557673348669,16.43115346697338,32.86230693394676,82.15576733486691,90.3713440683536,98.5869208018403,98.5869208018403,115.01807426881366,115.01807426881366,115.01807426881366,115.01807426881366,131.44922773578705,131.44922773578705
