id_region,nombre_region,id_comuna,nombre_comuna,2020-04-13,2020-04-15,2020-04-17,2020-04-20,2020-04-24,2020-04-27,2020-05-01,2020-05-04,2020-05-08,2020-05-11,2020-05-15
1,Tarapaca,1101,Iquique,4.922515136734045,3.5800110085338512,4.475013760667315,4.475013760667315,12.97753990593521,17.005052290535794,17.452553666602526,28.19258669220408,75.62773255527762,92.18528346974666,131.11790318755232
1,Tarapaca,1107,Alto Hospicio,6.153893491488396,6.153893491488396,5.384656805052347,11.538550296540743,14.61549704228494,20.769390533773336,29.23099408456988,60.00046154201186,71.53901183855261,72.30824852498866,90.76992899945384
1,Tarapaca,1401,Pozo Almonte,11.497556769186549,11.497556769186549,0.0,0.0,0.0,0.0,0.0,5.748778384593274,11.497556769186549,17.24633515377982,17.24633515377982
1,Tarapaca,1402,Camiña,0.0,0.0,0.0,0.0,0.0,0.0,0.0,0.0,0.0,0.0,0.0
1,Tarapaca,1403,Colchane,0.0,0.0,0.0,0.0,0.0,0.0,0.0,0.0,0.0,0.0,0.0
1,Tarapaca,1404,Huara,0.0,0.0,0.0,0.0,0.0,0.0,0.0,100.0,200.0,233.33333333333334,233.33333333333334
1,Tarapaca,1405,Pica,151.05740181268882,285.3306478684122,352.46727089627393,285.3306478684122,218.19402484055053,151.05740181268882,0.0,0.0,50.35246727089628,67.1366230278617,67.1366230278617
2,Antofagasta,2101,Antofagasta,11.509777438487287,12.684244524047212,14.563391860943097,20.200833871630746,28.42210347055024,32.88507839567796,37.1131599036937,47.213576839509074,55.199953021316574,52.85101885019672,69.5284514651477
2,Antofagasta,2102,Mejillones,74.4450460205739,87.98050893340552,94.74824038982133,121.81916621548457,203.0319436924743,257.17379534380075,250.40606388738493,561.7217108825122,534.6507850568489,507.5798592311857,277.47698971304817
2,Antofagasta,2103,Sierra Gorda,0.0,0.0,0.0,0.0,0.0,0.0,0.0,0.0,114.5475372279496,114.5475372279496,286.368843069874
2,Antofagasta,2104,Taltal,21.96675697444534,36.61126162407557,36.61126162407557,36.61126162407557,29.289009299260453,0.0,0.0,7.322252324815113,7.322252324815113,7.322252324815113,58.578018598520906
2,Antofagasta,2201,Calama,6.304640215198386,5.77925353059852,5.2538668459986555,5.2538668459986555,4.72848016139879,13.134667114996637,17.33776059179556,19.439307330195025,16.812373907195695,17.33776059179556,29.947041022192337
2,Antofagasta,2202,Ollagüe,0.0,0.0,0.0,0.0,0.0,0.0,0.0,0.0,0.0,0.0,0.0
2,Antofagasta,2203,San Pedro de Atacama,9.584052137243626,0.0,0.0,0.0,0.0,0.0,0.0,0.0,0.0,0.0,0.0
2,Antofagasta,2301,Tocopilla,3.561380391039567,10.6841411731187,28.491043128316537,14.245521564158269,3.561380391039567,0.0,3.561380391039567,7.122760782079134,7.122760782079134,10.6841411731187,21.3682823462374
2,Antofagasta,2302,María Elena,14.6756677428823,29.3513354857646,58.7026709715292,88.05400645729381,102.7296742001761,117.4053419430584,352.21602582917524,352.21602582917524,366.89169357205753,308.18902260052835,454.9457000293513
3,Atacama,3101,Copiapó,2.910936972392674,2.910936972392674,2.910936972392674,2.328749577914139,0.0,0.0,6.404061339263882,15.136872256441903,18.62999662331311,25.034057962576995,20.95874620122725
3,Atacama,3102,Caldera,0.0,0.0,0.0,0.0,0.0,0.0,0.0,5.147740142077628,5.147740142077628,15.443220426232884,15.443220426232884
3,Atacama,3103,Tierra Amarilla,27.94857462269424,27.94857462269424,27.94857462269424,13.97428731134712,0.0,6.98714365567356,13.97428731134712,27.94857462269424,13.97428731134712,83.84572386808273,90.83286752375629
3,Atacama,3201,Chañaral,0.0,0.0,0.0,0.0,0.0,0.0,0.0,0.0,0.0,0.0,0.0
3,Atacama,3202,Diego de Almagro,0.0,0.0,0.0,0.0,0.0,0.0,0.0,6.964758322886196,6.964758322886196,13.929516645772392,6.964758322886196
3,Atacama,3301,Vallenar,0.0,0.0,0.0,0.0,12.278763002332964,21.049308003999368,21.049308003999368,24.557526004665927,22.803417004332648,33.32807100633233,26.31163500499921
3,Atacama,3302,Alto del Carmen,0.0,0.0,0.0,0.0,0.0,0.0,0.0,0.0,0.0,0.0,0.0
3,Atacama,3303,Freirina,0.0,0.0,0.0,0.0,0.0,13.019138133055591,13.019138133055591,0.0,0.0,0.0,0.0
3,Atacama,3304,Huasco,0.0,0.0,0.0,8.87784090909091,0.0,0.0,0.0,8.87784090909091,8.87784090909091,8.87784090909091,0.0
4,Coquimbo,4101,La Serena,0.8011023167879001,0.40055115839395006,0.40055115839395006,0.8011023167879001,1.6022046335758002,2.0027557919697507,1.2016534751818502,3.6049604255455505,4.806613900727401,6.8093696926971505,10.414330118242702
4,Coquimbo,4102,Coquimbo,0.38950668977739694,0.7790133795547939,0.0,0.7790133795547939,1.1685200693321909,1.5580267591095878,2.3370401386643818,3.1160535182191755,3.505560207996573,4.284573587551367,5.453093656883557
4,Coquimbo,4103,Andacollo,0.0,0.0,0.0,0.0,0.0,0.0,0.0,16.962089729454668,25.443134594182002,16.962089729454668,8.481044864727334
4,Coquimbo,4104,La Higuera,0.0,0.0,0.0,0.0,0.0,0.0,0.0,0.0,0.0,0.0,0.0
4,Coquimbo,4105,Paiguano,0.0,0.0,0.0,0.0,0.0,0.0,0.0,0.0,0.0,0.0,0.0
4,Coquimbo,4106,Vicuña,0.0,0.0,0.0,0.0,0.0,0.0,0.0,3.3623617228741467,3.3623617228741467,3.3623617228741467,13.449446891496587
4,Coquimbo,4201,Illapel,39.63293802018231,36.584250480168286,30.486875400140242,21.34081278009817,0.0,0.0,0.0,3.048687540014024,3.048687540014024,3.048687540014024,0.0
4,Coquimbo,4202,Canela,0.0,0.0,0.0,0.0,0.0,0.0,0.0,0.0,10.475591870940708,10.475591870940708,0.0
4,Coquimbo,4203,Los Vilos,0.0,0.0,0.0,0.0,0.0,0.0,0.0,0.0,0.0,0.0,0.0
4,Coquimbo,4204,Salamanca,10.305736860185505,10.305736860185505,10.305736860185505,10.305736860185505,3.4352456200618344,3.4352456200618344,0.0,3.4352456200618344,6.870491240123669,10.305736860185505,6.870491240123669
4,Coquimbo,4301,Ovalle,0.0,0.8246130503261345,0.0,0.0,0.0,0.0,0.8246130503261345,1.649226100652269,4.123065251630672,10.719969654239748,16.49226100652269
4,Coquimbo,4302,Combarbalá,0.0,0.0,0.0,0.0,0.0,0.0,0.0,0.0,0.0,14.405070584845864,7.202535292422932
4,Coquimbo,4303,Monte Patria,0.0,0.0,0.0,0.0,0.0,0.0,0.0,0.0,0.0,0.0,9.223106957297015
4,Coquimbo,4304,Punitaqui,0.0,0.0,0.0,0.0,8.220304151253597,8.220304151253597,8.220304151253597,16.440608302507194,32.88121660501439,49.321824907521574,41.10152075626798
4,Coquimbo,4305,Río Hurtado,0.0,0.0,0.0,0.0,0.0,0.0,0.0,0.0,0.0,0.0,0.0
5,Valparaiso,5101,Valparaíso,4.750864657367641,3.800691725894113,4.750864657367641,5.701037588841169,5.067588967858817,3.4839674154029363,10.768626556699987,12.668972419647043,26.288117770767613,24.704496218311732,29.455360875679375
5,Valparaiso,5102,Casablanca,6.856359273225918,3.428179636612959,3.428179636612959,3.428179636612959,0.0,0.0,0.0,0.0,3.428179636612959,3.428179636612959,34.28179636612958
5,Valparaiso,5103,Concón,2.1791714790036827,4.358342958007365,2.1791714790036827,2.1791714790036827,6.5375144370110485,8.71668591601473,17.43337183202946,13.075028874022097,13.075028874022097,10.895857395018414,13.075028874022097
5,Valparaiso,5104,Juan Fernández,0.0,0.0,0.0,0.0,0.0,0.0,0.0,0.0,0.0,0.0,0.0
5,Valparaiso,5105,Puchuncaví,0.0,0.0,0.0,0.0,0.0,0.0,0.0,0.0,0.0,0.0,0.0
5,Valparaiso,5107,Quintero,0.0,0.0,0.0,0.0,8.302200083022,16.604400166044,11.069600110696001,2.7674000276740003,11.069600110696001,11.069600110696001,27.67400027674
5,Valparaiso,5109,Viña del Mar,4.1508588126883454,3.320687050150676,3.8741348918424556,4.981030575226015,4.704306654380125,4.704306654380125,6.364650179455463,8.0249937045308,14.112919963140373,19.093950538366386,28.502563847126638
5,Valparaiso,5201,Isla de Pascua,36.24501631025734,12.081672103419114,0.0,0.0,0.0,0.0,0.0,0.0,0.0,0.0,0.0
5,Valparaiso,5301,Los Andes,4.405739209610386,5.874318946147181,5.874318946147181,5.874318946147181,1.4685797365367952,0.0,2.9371594730735904,2.9371594730735904,11.748637892294362,23.497275784588723,24.965855521125523
5,Valparaiso,5302,Calle Larga,12.134449702705982,12.134449702705982,18.20167455405897,24.268899405411965,12.134449702705982,6.067224851352991,0.0,0.0,24.268899405411965,24.268899405411965,30.336124256764954
5,Valparaiso,5303,Rinconada,17.757258279321672,17.757258279321672,17.757258279321672,8.878629139660836,8.878629139660836,0.0,0.0,0.0,0.0,0.0,0.0
5,Valparaiso,5304,San Esteban,0.0,0.0,0.0,4.844257133168629,4.844257133168629,14.532771399505885,9.688514266337258,9.688514266337258,9.688514266337258,24.221285665843144,24.221285665843144
5,Valparaiso,5401,La Ligua,2.64977874347492,0.0,0.0,0.0,0.0,0.0,0.0,2.64977874347492,2.64977874347492,2.64977874347492,0.0
5,Valparaiso,5402,Cabildo,0.0,0.0,0.0,4.839568310506703,0.0,14.518704931520109,19.35827324202681,24.197841552533514,9.679136621013406,9.679136621013406,4.839568310506703
5,Valparaiso,5403,Papudo,0.0,0.0,0.0,0.0,0.0,0.0,0.0,0.0,0.0,0.0,0.0
5,Valparaiso,5404,Petorca,9.471490812653911,0.0,0.0,0.0,0.0,0.0,0.0,0.0,0.0,9.471490812653911,9.471490812653911
5,Valparaiso,5405,Zapallar,0.0,0.0,0.0,0.0,0.0,0.0,0.0,0.0,0.0,0.0,0.0
5,Valparaiso,5501,Quillota,5.124420940433731,5.124420940433731,6.149305128520478,4.099536752346984,2.049768376173492,2.049768376173492,3.074652564260239,4.099536752346984,5.124420940433731,6.149305128520478,11.273726068954208
5,Valparaiso,5502,Calera,1.8659849601612208,5.597954880483663,9.329924800806106,11.195909760967327,16.79386464145099,16.79386464145099,5.597954880483663,3.7319699203224417,0.0,5.597954880483663,9.329924800806106
5,Valparaiso,5503,Hijuelas,0.0,0.0,0.0,5.235876223886067,0.0,0.0,0.0,0.0,0.0,0.0,5.235876223886067
5,Valparaiso,5504,La Cruz,11.847873306741441,7.898582204494293,7.898582204494293,7.898582204494293,0.0,0.0,3.9492911022471464,7.898582204494293,23.695746613482882,31.59432881797717,31.59432881797717
5,Valparaiso,5506,Nogales,0.0,0.0,0.0,0.0,0.0,0.0,0.0,0.0,0.0,4.257130693912304,8.514261387824607
5,Valparaiso,5601,San Antonio,10.33474230320067,8.267793842560534,17.56906191544114,16.53558768512107,20.66948460640134,20.66948460640134,27.90380421864181,35.13812383088228,58.90803112824381,49.60676305536322,60.97497958888395
5,Valparaiso,5602,Algarrobo,0.0,0.0,0.0,0.0,0.0,6.590220113351786,6.590220113351786,6.590220113351786,6.590220113351786,13.180440226703572,32.951100566758925
5,Valparaiso,5603,Cartagena,7.887368379540167,7.887368379540167,0.0,0.0,15.774736759080334,15.774736759080334,23.662105138620497,15.774736759080334,23.662105138620497,19.718420948850415,31.549473518160667
5,Valparaiso,5604,El Quisco,11.272686281140796,16.909029421711192,11.272686281140796,22.545372562281592,16.909029421711192,16.909029421711192,5.636343140570398,5.636343140570398,28.181715702851992,39.45440198399279,50.72708826513358
5,Valparaiso,5605,El Tabo,0.0,0.0,6.974473427256242,6.974473427256242,20.923420281768728,13.948946854512483,34.87236713628121,20.923420281768728,6.974473427256242,20.923420281768728,69.74473427256243
5,Valparaiso,5606,Santo Domingo,16.758840288252053,50.27652086475615,41.897100720630135,33.517680576504105,41.897100720630135,25.138260432378075,33.517680576504105,41.897100720630135,25.138260432378075,25.138260432378075,58.65594100888219
5,Valparaiso,5701,San Felipe,1.1976908520372722,0.0,0.0,0.0,0.0,0.0,3.593072556111816,2.3953817040745444,4.790763408149089,8.383835964260905,21.5584353366709
5,Valparaiso,5702,Catemu,0.0,0.0,0.0,0.0,0.0,0.0,0.0,6.573325445342799,6.573325445342799,6.573325445342799,6.573325445342799
5,Valparaiso,5703,Llaillay,0.0,0.0,0.0,0.0,0.0,0.0,7.537783137979121,7.537783137979121,7.537783137979121,7.537783137979121,26.38224098292692
5,Valparaiso,5704,Panquehue,0.0,0.0,0.0,0.0,0.0,0.0,0.0,0.0,0.0,0.0,13.101008777675883
5,Valparaiso,5705,Putaendo,0.0,5.667327854916407,5.667327854916407,22.66931141966563,17.00198356474922,11.334655709832814,5.667327854916407,5.667327854916407,11.334655709832814,28.336639274582037,28.336639274582037
5,Valparaiso,5706,Santa María,0.0,0.0,0.0,0.0,0.0,0.0,67.20840716075028,79.42811755361397,73.31826235718214,54.9886967678866,18.329565589295534
5,Valparaiso,5801,Quilpué,4.1894843941706315,2.992488852979023,2.992488852979023,2.992488852979023,2.3939910823832182,1.7954933117874134,5.386479935362241,4.7879821647664365,7.181973247149654,8.977466558937069,20.348924200257354
5,Valparaiso,5802,Limache,12.016582884380444,16.02211051250726,22.03040195469748,22.03040195469748,22.03040195469748,8.01105525625363,0.0,0.0,4.005527628126815,10.013819070317037,46.06356772345837
5,Valparaiso,5803,Olmué,5.190491020450534,5.190491020450534,10.380982040901069,0.0,0.0,0.0,0.0,0.0,0.0,0.0,5.190491020450534
5,Valparaiso,5804,Villa Alemana,0.7178235589692054,0.7178235589692054,0.7178235589692054,0.0,0.7178235589692054,1.4356471179384107,2.153470676907616,3.5891177948460267,12.920824061445698,17.945588974230134,23.688177445983776
6,OHiggins,6101,Rancagua,1.1311748004419124,1.1311748004419124,1.1311748004419124,0.37705826681397075,3.016466134511766,4.147640934953679,5.655874002209561,6.787048802651474,10.934689737605153,16.967622006628684,27.902311744233835
6,OHiggins,6102,Codegua,0.0,0.0,0.0,0.0,0.0,0.0,7.094211123723042,7.094211123723042,0.0,7.094211123723042,7.094211123723042
6,OHiggins,6103,Coinco,0.0,0.0,0.0,0.0,12.769761205465457,12.769761205465457,12.769761205465457,12.769761205465457,12.769761205465457,12.769761205465457,38.30928361639637
6,OHiggins,6104,Coltauco,0.0,0.0,0.0,0.0,0.0,0.0,0.0,0.0,4.703005220335794,14.109015661007383,42.32704698302215
6,OHiggins,6105,Doñihue,0.0,0.0,0.0,0.0,4.405286343612335,4.405286343612335,8.81057268722467,4.405286343612335,13.215859030837004,22.026431718061676,26.431718061674008
6,OHiggins,6106,Graneros,0.0,0.0,0.0,0.0,5.478851632697787,5.478851632697787,5.478851632697787,2.7394258163488936,21.91540653079115,41.0913872452334,49.30966469428008
6,OHiggins,6107,Las Cabras,0.0,3.738457512430371,3.738457512430371,0.0,7.476915024860742,7.476915024860742,11.215372537291113,26.1692025870126,14.953830049721484,7.476915024860742,7.476915024860742
6,OHiggins,6108,Machalí,0.0,0.0,1.6690868425884198,5.0072605277652595,13.352694740707358,8.345434212942099,8.345434212942099,6.676347370353679,6.676347370353679,8.345434212942099,10.014521055530519
6,OHiggins,6109,Malloa,0.0,0.0,0.0,0.0,0.0,0.0,0.0,0.0,0.0,0.0,7.060650992021465
6,OHiggins,6110,Mostazal,0.0,0.0,0.0,0.0,0.0,0.0,0.0,3.641395382710655,3.641395382710655,10.924186148131964,10.924186148131964
6,OHiggins,6111,Olivar,20.514223194748357,27.35229759299781,20.514223194748357,20.514223194748357,6.838074398249453,0.0,0.0,0.0,0.0,6.838074398249453,47.86652078774617
6,OHiggins,6112,Peumo,0.0,0.0,0.0,0.0,0.0,0.0,6.688068485821295,6.688068485821295,13.37613697164259,6.688068485821295,6.688068485821295
6,OHiggins,6113,Pichidegua,0.0,0.0,0.0,0.0,0.0,0.0,0.0,0.0,4.820903437304151,4.820903437304151,9.641806874608301
6,OHiggins,6114,Quinta de Tilcoco,0.0,0.0,0.0,0.0,0.0,0.0,0.0,0.0,0.0,0.0,0.0
6,OHiggins,6115,Rengo,0.0,0.0,0.0,0.0,1.5696123057604772,7.848061528802385,7.848061528802385,9.417673834562862,7.848061528802385,4.708836917281431,6.278449223041909
6,OHiggins,6116,Requínoa,0.0,0.0,0.0,0.0,3.2926146653057193,6.585229330611439,6.585229330611439,6.585229330611439,6.585229330611439,3.2926146653057193,13.170458661222877
6,OHiggins,6117,San Vicente,1.9756208388486083,0.0,0.0,0.0,0.0,0.0,7.902483355394433,9.87810419424304,9.87810419424304,11.85372503309165,21.73182922733469
6,OHiggins,6201,Pichilemu,0.0,0.0,0.0,0.0,0.0,0.0,0.0,0.0,0.0,5.5922156358349175,5.5922156358349175
6,OHiggins,6202,La Estrella,0.0,0.0,0.0,0.0,0.0,0.0,0.0,0.0,0.0,0.0,0.0
6,OHiggins,6203,Litueche,0.0,0.0,0.0,0.0,14.781966001478196,44.34589800443459,88.69179600886918,103.47376201034737,29.563932002956392,29.563932002956392,14.781966001478196
6,OHiggins,6204,Marchihue,0.0,0.0,0.0,0.0,0.0,0.0,0.0,0.0,0.0,0.0,0.0
6,OHiggins,6205,Navidad,0.0,0.0,0.0,0.0,0.0,0.0,28.968713789107763,28.968713789107763,14.484356894553882,14.484356894553882,72.42178447276942
6,OHiggins,6206,Paredones,0.0,0.0,0.0,0.0,0.0,0.0,0.0,0.0,0.0,0.0,0.0
6,OHiggins,6301,San Fernando,1.2715851580580353,1.2715851580580353,1.2715851580580353,2.5431703161160706,2.5431703161160706,2.5431703161160706,1.2715851580580353,1.2715851580580353,2.5431703161160706,1.2715851580580353,5.086340632232141
6,OHiggins,6302,Chépica,0.0,0.0,0.0,0.0,0.0,0.0,0.0,0.0,0.0,0.0,6.279434850863422
6,OHiggins,6303,Chimbarongo,0.0,0.0,0.0,0.0,0.0,0.0,0.0,0.0,0.0,0.0,7.958404074702887
6,OHiggins,6304,Lolol,0.0,0.0,0.0,0.0,0.0,0.0,0.0,0.0,0.0,0.0,0.0
6,OHiggins,6305,Nancagua,0.0,0.0,0.0,0.0,0.0,0.0,5.224387440572593,5.224387440572593,5.224387440572593,10.448774881145185,10.448774881145185
6,OHiggins,6306,Palmilla,0.0,0.0,0.0,0.0,0.0,0.0,0.0,0.0,0.0,0.0,0.0
6,OHiggins,6307,Peralillo,0.0,0.0,0.0,0.0,0.0,0.0,0.0,0.0,0.0,0.0,0.0
6,OHiggins,6308,Placilla,0.0,0.0,0.0,0.0,0.0,0.0,0.0,0.0,0.0,0.0,10.912265386294195
6,OHiggins,6309,Pumanque,0.0,0.0,0.0,0.0,0.0,0.0,0.0,0.0,0.0,0.0,0.0
6,OHiggins,6310,Santa Cruz,2.433326844461748,0.0,0.0,0.0,2.433326844461748,2.433326844461748,0.0,0.0,0.0,2.433326844461748,4.866653688923496
7,Maule,7101,Talca,2.9570301279126747,4.224328754160964,19.854345144556532,32.10489853162333,34.6394957841199,30.41516702995894,10.138389009986314,6.336493131241446,2.5345972524965785,2.112164377080482,11.828120511650699
7,Maule,7102,Constitución,1.9861762135536665,1.9861762135536665,9.930881067768333,9.930881067768333,21.84793834909033,15.889409708429332,5.958528640660999,9.930881067768333,5.958528640660999,1.9861762135536665,5.958528640660999
7,Maule,7103,Curepto,31.826861871419474,21.21790791427965,42.4358158285593,42.4358158285593,42.4358158285593,31.826861871419474,0.0,0.0,0.0,10.608953957139825,0.0
7,Maule,7104,Empedrado,0.0,0.0,0.0,0.0,0.0,0.0,0.0,0.0,0.0,0.0,0.0
7,Maule,7105,Maule,3.3333333333333335,3.3333333333333335,8.333333333333334,14.999999999999998,26.666666666666668,20.0,3.3333333333333335,1.6666666666666667,3.3333333333333335,1.6666666666666667,6.666666666666667
7,Maule,7106,Pelarco,33.02873499944952,33.02873499944952,55.047891665749205,55.047891665749205,22.01915666629968,0.0,0.0,0.0,11.00957833314984,33.02873499944952,88.07662666519872
7,Maule,7107,Pencahue,0.0,0.0,11.626555051738169,23.253110103476338,34.87966515521451,23.253110103476338,0.0,0.0,0.0,0.0,0.0
7,Maule,7108,Río Claro,13.556564766488172,13.556564766488172,27.113129532976345,20.33484714973226,20.33484714973226,6.778282383244086,13.556564766488172,13.556564766488172,6.778282383244086,0.0,13.556564766488172
7,Maule,7109,San Clemente,0.0,0.0,8.640801866413204,12.961202799619805,17.281603732826408,12.961202799619805,4.320400933206602,2.160200466603301,10.801002333016504,19.441804199429704,23.762205132636307
7,Maule,7110,San Rafael,10.041168792047396,10.041168792047396,10.041168792047396,10.041168792047396,10.041168792047396,10.041168792047396,0.0,0.0,10.041168792047396,10.041168792047396,30.12350637614218
7,Maule,7201,Cauquenes,4.530729674014,4.530729674014,9.061459348028,11.326824185034999,13.592189022042001,13.592189022042001,6.796094511021001,4.530729674014,0.0,2.265364837007,15.857553859048998
7,Maule,7202,Chanco,0.0,0.0,0.0,10.716964955524595,10.716964955524595,21.43392991104919,10.716964955524595,10.716964955524595,0.0,0.0,0.0
7,Maule,7203,Pelluhue,0.0,0.0,0.0,0.0,0.0,0.0,0.0,0.0,0.0,0.0,37.07365299060801
7,Maule,7301,Curicó,4.889198538129637,4.889198538129637,7.333797807194456,9.167247258993068,6.111498172662046,5.500348355395842,6.722647989928252,3.666898903597228,4.889198538129637,6.722647989928252,7.944947624460661
7,Maule,7302,Hualañé,0.0,0.0,0.0,0.0,0.0,0.0,0.0,0.0,0.0,0.0,0.0
7,Maule,7303,Licantén,0.0,0.0,14.308198597796538,14.308198597796538,14.308198597796538,14.308198597796538,0.0,0.0,0.0,0.0,0.0
7,Maule,7304,Molina,0.0,0.0,0.0,2.0080321285140563,6.024096385542168,4.016064257028113,0.0,0.0,2.0080321285140563,4.016064257028113,2.0080321285140563
7,Maule,7305,Rauco,8.890469416785207,8.890469416785207,8.890469416785207,0.0,0.0,0.0,0.0,0.0,0.0,0.0,0.0
7,Maule,7306,Romeral,0.0,0.0,6.184291898577613,49.474335188620906,55.65862708719852,55.65862708719852,6.184291898577613,0.0,0.0,0.0,0.0
7,Maule,7307,Sagrada Familia,5.136370640505419,5.136370640505419,0.0,0.0,5.136370640505419,5.136370640505419,5.136370640505419,0.0,0.0,0.0,0.0
7,Maule,7308,Teno,3.241491085899514,3.241491085899514,3.241491085899514,3.241491085899514,0.0,0.0,6.482982171799028,6.482982171799028,9.724473257698541,6.482982171799028,6.482982171799028
7,Maule,7309,Vichuquén,0.0,0.0,0.0,0.0,0.0,0.0,0.0,0.0,0.0,0.0,0.0
7,Maule,7401,Linares,4.946919553194226,2.9681517319165356,6.925687374471916,7.915071285110761,7.915071285110761,3.9575356425553805,3.9575356425553805,2.9681517319165356,5.936303463833071,6.925687374471916,16.819526480860368
7,Maule,7402,Colbún,8.863283846665189,4.431641923332594,0.0,0.0,0.0,0.0,0.0,0.0,0.0,13.294925769997782,17.726567693330377
7,Maule,7403,Longaví,0.0,0.0,0.0,3.047851264858275,3.047851264858275,3.047851264858275,0.0,0.0,6.09570252971655,9.143553794574824,15.239256324291373
7,Maule,7404,Parral,4.489942528735632,4.489942528735632,4.489942528735632,2.244971264367816,4.489942528735632,2.244971264367816,2.244971264367816,0.0,0.0,0.0,4.489942528735632
7,Maule,7405,Retiro,4.745859237815006,4.745859237815006,9.491718475630012,9.491718475630012,0.0,0.0,0.0,0.0,4.745859237815006,4.745859237815006,4.745859237815006
7,Maule,7406,San Javier,12.133222786192391,10.11101898849366,8.088815190794929,12.133222786192391,20.22203797698732,10.11101898849366,8.088815190794929,6.066611393096196,6.066611393096196,6.066611393096196,18.199834179288587
7,Maule,7407,Villa Alegre,0.0,0.0,0.0,5.710370031978072,5.710370031978072,5.710370031978072,5.710370031978072,0.0,0.0,0.0,5.710370031978072
7,Maule,7408,Yerbas Buenas,0.0,0.0,0.0,5.208333333333334,0.0,0.0,5.208333333333334,5.208333333333334,5.208333333333334,5.208333333333334,15.625
8,Biobio,8101,Concepción,9.240125665709053,19.320262755573477,17.64023990726274,13.860188498563579,13.440182786485897,9.660131377786739,7.980108529476001,3.7800514086991583,9.660131377786739,13.860188498563579,11.340154226097475
8,Biobio,8102,Coronel,7.152564194263643,1.5894587098363653,1.5894587098363653,0.7947293549181826,0.0,1.5894587098363653,3.973646774590913,3.1789174196727306,5.563105484427278,5.563105484427278,11.92094032377274
8,Biobio,8103,Chiguayante,29.611756964246545,14.257512612415002,8.77385391533231,7.677122175915771,17.54770783066462,14.257512612415002,12.064049133581927,12.064049133581927,8.77385391533231,8.77385391533231,6.580390436499233
8,Biobio,8104,Florida,0.0,8.445232666159953,0.0,0.0,0.0,0.0,0.0,0.0,0.0,0.0,0.0
8,Biobio,8105,Hualqui,15.266592878134421,19.08324109766803,22.899889317201634,19.08324109766803,38.16648219533606,26.716537536735242,7.633296439067211,0.0,0.0,3.8166482195336053,7.633296439067211
8,Biobio,8106,Lota,0.0,0.0,0.0,0.0,0.0,0.0,0.0,2.185792349726776,17.48633879781421,26.229508196721312,28.415300546448087
8,Biobio,8107,Penco,10.02707309736288,10.02707309736288,12.032487716835456,14.037902336308031,18.048731575253182,14.037902336308031,4.010829238945152,4.010829238945152,4.010829238945152,2.005414619472576,4.010829238945152
8,Biobio,8108,San Pedro de la Paz,19.87581045330555,11.651337162282566,9.595218839526819,8.909846065274902,10.280591613778734,6.8537277425191565,2.0561183227557467,3.4268638712595783,4.112236645511493,6.168354968267241,8.224473291022987
8,Biobio,8109,Santa Juana,0.0,0.0,0.0,0.0,6.7663576696664185,6.7663576696664185,6.7663576696664185,0.0,0.0,0.0,0.0
8,Biobio,8110,Talcahuano,10.736051027819002,19.577504815434654,13.893713094824593,17.682907575231297,15.156777921626826,15.156777921626826,14.52524550822571,17.051375161830183,13.893713094824593,17.051375161830183,14.52524550822571
8,Biobio,8111,Tomé,45.97388002520049,28.946517052904014,23.838308161215075,17.02736297229648,20.432835566755777,17.02736297229648,5.108208891688944,1.702736297229648,1.702736297229648,23.838308161215075,28.946517052904014
8,Biobio,8112,Hualpén,68.87831155613583,24.67282802010836,18.504621015081266,15.420517512567724,13.364448510892025,11.30837950921633,3.084103502513545,4.112138003351392,9.252310507540633,10.280345008378482,14.392483011729874
8,Biobio,8201,Lebu,0.0,0.0,0.0,0.0,0.0,0.0,0.0,0.0,0.0,7.380073800738008,3.690036900369004
8,Biobio,8202,Arauco,5.170764497530961,0.0,0.0,0.0,0.0,0.0,0.0,0.0,12.9269112438274,23.26844023888932,18.097675741358362
8,Biobio,8203,Cañete,0.0,0.0,0.0,0.0,0.0,0.0,0.0,0.0,2.7024835824122366,0.0,0.0
8,Biobio,8204,Contulmo,0.0,0.0,0.0,0.0,0.0,0.0,0.0,0.0,0.0,0.0,0.0
8,Biobio,8205,Curanilahue,0.0,0.0,0.0,0.0,2.9505488020771864,2.9505488020771864,0.0,0.0,5.901097604154373,5.901097604154373,5.901097604154373
8,Biobio,8206,Los Álamos,0.0,0.0,0.0,0.0,4.439708755105665,0.0,0.0,0.0,0.0,0.0,0.0
8,Biobio,8207,Tirúa,9.075233687267447,0.0,0.0,0.0,0.0,0.0,0.0,0.0,0.0,0.0,0.0
8,Biobio,8301,Los Ángeles,1.8305379493398621,0.45763448733496553,0.9152689746699311,1.8305379493398621,1.3729034620048965,1.3729034620048965,0.9152689746699311,0.0,0.9152689746699311,5.949248335354552,17.847745006063658
8,Biobio,8302,Antuco,0.0,0.0,0.0,0.0,0.0,0.0,0.0,0.0,23.22340919647004,46.44681839294008,69.67022758941013
8,Biobio,8303,Cabrero,22.782750203417415,13.018714401952808,16.273393002441008,9.764035801464605,19.52807160292921,26.037428803905616,19.52807160292921,6.509357200976404,19.52807160292921,13.018714401952808,13.018714401952808
8,Biobio,8304,Laja,0.0,4.188832572362083,4.188832572362083,4.188832572362083,16.75533028944833,25.132995434172496,25.132995434172496,20.944162861810415,12.566497717086248,46.077158295982905,121.47614459850038
8,Biobio,8305,Mulchén,0.0,0.0,0.0,0.0,0.0,0.0,0.0,3.2215456976257206,6.443091395251441,12.886182790502883,12.886182790502883
8,Biobio,8306,Nacimiento,14.3143429716576,17.892928714572,10.735757228743202,7.1571714858288,3.5785857429144,0.0,0.0,7.1571714858288,17.892928714572,32.207271686229596,28.6286859433152
8,Biobio,8307,Negrete,19.177294083804775,19.177294083804775,0.0,0.0,0.0,0.0,0.0,0.0,0.0,28.765941125707165,67.12052929331671
8,Biobio,8308,Quilaco,0.0,0.0,0.0,0.0,0.0,0.0,0.0,0.0,0.0,0.0,0.0
8,Biobio,8309,Quilleco,0.0,0.0,0.0,9.968102073365232,9.968102073365232,0.0,0.0,0.0,0.0,0.0,0.0
8,Biobio,8310,San Rosendo,0.0,0.0,0.0,0.0,0.0,0.0,0.0,0.0,0.0,0.0,0.0
8,Biobio,8311,Santa Bárbara,0.0,0.0,0.0,0.0,0.0,0.0,0.0,0.0,0.0,0.0,34.26535087719298
8,Biobio,8312,Tucapel,6.576783952647156,0.0,6.576783952647156,0.0,0.0,0.0,0.0,0.0,0.0,0.0,0.0
8,Biobio,8313,Yumbel,0.0,0.0,0.0,4.518344478583047,4.518344478583047,4.518344478583047,0.0,4.518344478583047,18.073377914332188,27.110066871498283,18.073377914332188
8,Biobio,8314,Alto Biobío,0.0,0.0,0.0,0.0,0.0,0.0,0.0,0.0,0.0,0.0,0.0
9,Araucania,9101,Temuco,49.51622646741337,39.28287299748128,34.991466703638785,37.30222393878474,27.398978645302062,19.476382410515924,12.544110705078054,9.573137117033252,11.553786175729787,15.845192469572279,19.146274234066503
9,Araucania,9102,Carahue,54.93211959507181,58.85584242329122,54.93211959507181,47.084673938632974,39.237228282194145,23.542336969316487,7.847445656438829,15.694891312877658,11.771168484658244,7.847445656438829,3.9237228282194145
9,Araucania,9103,Cunco,5.538631957906397,11.077263915812795,5.538631957906397,0.0,0.0,0.0,0.0,0.0,5.538631957906397,5.538631957906397,5.538631957906397
9,Araucania,9104,Curarrehue,0.0,0.0,0.0,0.0,0.0,0.0,0.0,0.0,0.0,0.0,0.0
9,Araucania,9105,Freire,0.0,0.0,0.0,3.929890749037177,7.859781498074354,7.859781498074354,0.0,0.0,0.0,7.859781498074354,43.228798239408945
9,Araucania,9106,Galvarino,7.915776141850709,0.0,0.0,0.0,0.0,0.0,0.0,0.0,7.915776141850709,7.915776141850709,15.831552283701418
9,Araucania,9107,Gorbea,6.601531555320834,0.0,6.601531555320834,6.601531555320834,13.203063110641668,13.203063110641668,6.601531555320834,0.0,6.601531555320834,6.601531555320834,13.203063110641668
9,Araucania,9108,Lautaro,31.904972267216415,24.54228635939724,9.816914543758896,17.17960045157807,12.27114317969862,17.17960045157807,4.908457271879448,4.908457271879448,17.17960045157807,36.81342953909586,34.35920090315614
9,Araucania,9109,Loncoche,16.168802295969925,12.126601721977444,12.126601721977444,12.126601721977444,0.0,4.042200573992481,20.21100286996241,16.168802295969925,8.084401147984963,12.126601721977444,8.084401147984963
9,Araucania,9110,Melipeuco,0.0,0.0,0.0,0.0,0.0,0.0,0.0,0.0,0.0,0.0,0.0
9,Araucania,9111,Nueva Imperial,23.684755898984516,32.56653936110371,32.56653936110371,35.52713384847677,26.64535038635758,23.684755898984516,11.842377949492258,8.881783462119193,5.921188974746129,11.842377949492258,32.56653936110371
9,Araucania,9112,Padre Las Casas,23.139690658872244,18.26817683595177,13.396663013031299,24.357569114602363,19.48605529168189,25.57544757033248,14.614541468761416,9.743027645840945,2.435756911460236,1.217878455730118,10.960906101571064
9,Araucania,9113,Perquenco,13.844662882458813,0.0,13.844662882458813,41.53398864737644,41.53398864737644,27.689325764917626,0.0,0.0,0.0,0.0,0.0
9,Araucania,9114,Pitrufquén,15.328019619865113,11.496014714898834,0.0,3.8320049049662783,3.8320049049662783,3.8320049049662783,0.0,0.0,0.0,0.0,0.0
9,Araucania,9115,Pucón,3.357732858773756,6.715465717547512,16.788664293868777,6.715465717547512,3.357732858773756,10.073198576321268,6.715465717547512,3.357732858773756,6.715465717547512,3.357732858773756,6.715465717547512
9,Araucania,9116,Saavedra,0.0,0.0,7.81677479871805,46.900648792308296,85.98452278589853,46.900648792308296,101.61807238333463,132.88517157820684,117.25162198077074,140.70194637692487,171.96904557179707
9,Araucania,9117,Teodoro Schmidt,6.334726973267452,6.334726973267452,6.334726973267452,0.0,6.334726973267452,6.334726973267452,0.0,0.0,0.0,0.0,0.0
9,Araucania,9118,Toltén,29.835902536051716,9.945300845350571,0.0,0.0,0.0,0.0,0.0,0.0,0.0,0.0,0.0
9,Araucania,9119,Vilcún,32.503412858350124,26.002730286680098,19.502047715010075,26.002730286680098,13.001365143340049,6.5006825716700245,13.001365143340049,9.751023857505038,19.502047715010075,9.751023857505038,26.002730286680098
9,Araucania,9120,Villarrica,8.459807454782329,8.459807454782329,5.075884472869397,1.6919614909564658,0.0,0.0,1.6919614909564658,1.6919614909564658,1.6919614909564658,3.3839229819129315,1.6919614909564658
9,Araucania,9121,Cholchol,0.0,0.0,8.10307106393323,8.10307106393323,8.10307106393323,0.0,0.0,0.0,0.0,0.0,8.10307106393323
9,Araucania,9201,Angol,21.406400513753614,30.32573406115095,24.974133932712547,44.59666773698669,60.6514681223019,67.78693496021978,73.13853508865817,51.73213457490456,32.109600770630415,24.974133932712547,21.406400513753614
9,Araucania,9202,Collipulli,3.824384274131865,3.824384274131865,0.0,3.824384274131865,0.0,3.824384274131865,7.64876854826373,7.64876854826373,0.0,0.0,0.0
9,Araucania,9203,Curacautín,16.503465727802837,11.002310485201892,11.002310485201892,0.0,5.501155242600946,5.501155242600946,5.501155242600946,11.002310485201892,5.501155242600946,5.501155242600946,5.501155242600946
9,Araucania,9204,Ercilla,35.469378103570584,23.646252069047055,35.469378103570584,47.29250413809411,59.11563017261764,47.29250413809411,47.29250413809411,11.823126034523527,11.823126034523527,0.0,0.0
9,Araucania,9205,Lonquimay,0.0,0.0,0.0,0.0,0.0,0.0,0.0,0.0,45.25296406914653,63.35414969680514,117.65770657978098
9,Araucania,9206,Los Sauces,0.0,0.0,0.0,0.0,0.0,0.0,0.0,0.0,0.0,0.0,0.0
9,Araucania,9207,Lumaco,0.0,0.0,0.0,0.0,0.0,9.950248756218905,49.75124378109452,19.90049751243781,9.950248756218905,9.950248756218905,0.0
9,Araucania,9208,Purén,0.0,0.0,0.0,0.0,0.0,0.0,8.204791598293403,8.204791598293403,8.204791598293403,16.409583196586805,8.204791598293403
9,Araucania,9209,Renaico,9.231053263177328,9.231053263177328,0.0,9.231053263177328,18.462106526354656,18.462106526354656,0.0,9.231053263177328,55.38631957906397,55.38631957906397,36.92421305270931
9,Araucania,9210,Traiguén,10.355182768975872,5.177591384487936,5.177591384487936,5.177591384487936,5.177591384487936,5.177591384487936,0.0,0.0,0.0,0.0,5.177591384487936
9,Araucania,9211,Victoria,16.91713423746017,2.8195223729100287,2.8195223729100287,42.29283559365044,109.96137254349112,112.78089491640117,98.683283051851,70.48805932275073,42.29283559365044,16.91713423746017,11.278089491640115
10,Los Lagos,10101,Puerto Montt,4.083178048834809,3.7119800443952813,2.598386031076697,2.969584035516225,1.8559900221976406,1.4847920177581124,0.3711980044395281,0.0,0.0,0.7423960088790562,3.3407820399557533
10,Los Lagos,10102,Calbuco,5.443065534509035,0.0,2.7215327672545175,2.7215327672545175,2.7215327672545175,2.7215327672545175,0.0,0.0,0.0,2.7215327672545175,2.7215327672545175
10,Los Lagos,10103,Cochamó,0.0,0.0,24.962556165751376,24.962556165751376,0.0,0.0,0.0,0.0,0.0,0.0,0.0
10,Los Lagos,10104,Fresia,0.0,0.0,0.0,7.901390644753477,0.0,0.0,0.0,0.0,0.0,0.0,0.0
10,Los Lagos,10105,Frutillar,19.77945903179548,19.77945903179548,9.88972951589774,9.88972951589774,0.0,0.0,0.0,0.0,0.0,0.0,4.94486475794887
10,Los Lagos,10106,Los Muermos,0.0,0.0,0.0,0.0,0.0,0.0,0.0,0.0,0.0,5.612617163383286,5.612617163383286
10,Los Lagos,10107,Llanquihue,5.370280865689276,0.0,5.370280865689276,0.0,0.0,0.0,0.0,0.0,0.0,26.851404328446378,26.851404328446378
10,Los Lagos,10108,Maullín,6.7141130656640255,6.7141130656640255,13.428226131328051,6.7141130656640255,0.0,0.0,0.0,0.0,0.0,0.0,0.0
10,Los Lagos,10109,Puerto Varas,8.227067050596462,6.170300287947346,8.227067050596462,4.113533525298231,0.0,0.0,0.0,0.0,0.0,0.0,0.0
10,Los Lagos,10201,Castro,10.502657172264584,8.402125737811666,6.30159430335875,0.0,0.0,0.0,2.1005314344529165,0.0,0.0,0.0,2.1005314344529165
10,Los Lagos,10202,Ancud,7.0658062084883895,7.0658062084883895,7.0658062084883895,18.84214988930237,11.77634368081398,9.421074944651185,4.710537472325592,14.131612416976779,30.61849357011635,87.14494323802346,80.07913702953508
10,Los Lagos,10203,Chonchi,0.0,0.0,0.0,0.0,0.0,0.0,0.0,0.0,0.0,0.0,0.0
10,Los Lagos,10204,Curaco de Vélez,0.0,0.0,0.0,0.0,0.0,0.0,0.0,0.0,0.0,0.0,0.0
10,Los Lagos,10205,Dalcahue,0.0,0.0,0.0,0.0,0.0,0.0,0.0,0.0,0.0,0.0,0.0
10,Los Lagos,10206,Puqueldón,0.0,0.0,0.0,0.0,0.0,0.0,0.0,0.0,0.0,0.0,0.0
10,Los Lagos,10207,Queilén,0.0,0.0,0.0,0.0,0.0,0.0,0.0,0.0,0.0,0.0,0.0
10,Los Lagos,10208,Quellón,0.0,0.0,0.0,0.0,0.0,0.0,0.0,3.4119212528574843,3.4119212528574843,3.4119212528574843,3.4119212528574843
10,Los Lagos,10209,Quemchi,0.0,0.0,0.0,0.0,0.0,0.0,0.0,0.0,0.0,0.0,0.0
10,Los Lagos,10210,Quinchao,0.0,0.0,0.0,0.0,0.0,0.0,0.0,0.0,0.0,0.0,0.0
10,Los Lagos,10301,Osorno,36.3300847701978,25.373392537915922,22.490052476789113,19.606712415662304,15.57003633008477,13.840032293408683,13.263364281183323,14.416700305634048,12.686696268957961,13.840032293408683,14.993368317859408
10,Los Lagos,10302,Puerto Octay,0.0,0.0,0.0,0.0,10.879025239338555,32.637075718015666,32.637075718015666,0.0,21.75805047867711,21.75805047867711,21.75805047867711
10,Los Lagos,10303,Purranque,61.66982922201138,37.95066413662239,23.719165085388994,9.487666034155598,4.743833017077799,4.743833017077799,9.487666034155598,9.487666034155598,23.719165085388994,18.975332068311197,28.46299810246679
10,Los Lagos,10304,Puyehue,8.483922965979469,0.0,0.0,0.0,0.0,8.483922965979469,16.967845931958937,8.483922965979469,16.967845931958937,16.967845931958937,16.967845931958937
10,Los Lagos,10305,Río Negro,14.010507880910682,14.010507880910682,7.005253940455341,0.0,7.005253940455341,7.005253940455341,42.03152364273205,42.03152364273205,35.02626970227671,28.021015761821364,63.04728546409807
10,Los Lagos,10306,San Juan de la Costa,170.17934284592224,65.45359340227779,52.36287472182222,39.27215604136667,104.72574944364445,117.81646812410003,104.72574944364445,104.72574944364445,39.27215604136667,91.6350307631889,91.6350307631889
10,Los Lagos,10307,San Pablo,37.90391357907704,37.90391357907704,9.47597839476926,18.95195678953852,18.95195678953852,18.95195678953852,0.0,9.47597839476926,0.0,0.0,0.0
10,Los Lagos,10401,Chaitén,0.0,0.0,0.0,0.0,0.0,0.0,0.0,0.0,0.0,0.0,0.0
10,Los Lagos,10402,Futaleufú,0.0,0.0,0.0,0.0,0.0,0.0,0.0,0.0,0.0,0.0,0.0
10,Los Lagos,10403,Hualaihué,0.0,0.0,0.0,0.0,0.0,0.0,0.0,0.0,0.0,0.0,0.0
10,Los Lagos,10404,Palena,0.0,0.0,0.0,0.0,0.0,0.0,0.0,0.0,0.0,0.0,0.0
11,Aisen,11101,Coyhaique,0.0,0.0,0.0,0.0,0.0,0.0,0.0,0.0,1.6337199803953601,1.6337199803953601,1.6337199803953601
11,Aisen,11102,Lago Verde,0.0,0.0,0.0,0.0,0.0,0.0,0.0,0.0,0.0,0.0,0.0
11,Aisen,11201,Aisén,3.999680025597952,0.0,0.0,0.0,0.0,0.0,0.0,0.0,0.0,0.0,0.0
11,Aisen,11202,Cisnes,0.0,0.0,0.0,0.0,0.0,0.0,0.0,0.0,0.0,0.0,0.0
11,Aisen,11203,Guaitecas,0.0,0.0,0.0,0.0,0.0,0.0,0.0,0.0,0.0,0.0,0.0
11,Aisen,11301,Cochrane,0.0,0.0,0.0,0.0,0.0,0.0,0.0,0.0,0.0,0.0,0.0
11,Aisen,11302,O'Higgins,0.0,0.0,0.0,0.0,0.0,0.0,0.0,0.0,0.0,0.0,0.0
11,Aisen,11303,Tortel,0.0,0.0,0.0,0.0,0.0,0.0,0.0,0.0,0.0,0.0,0.0
11,Aisen,11401,Chile Chico,19.527436047646944,0.0,0.0,0.0,0.0,0.0,0.0,0.0,0.0,0.0,0.0
11,Aisen,11402,Río Ibáñez,0.0,0.0,0.0,0.0,0.0,0.0,0.0,0.0,0.0,0.0,0.0
12,Magallanes y la Antartica Chilena,12101,Punta Arenas,145.79107505070994,126.07054315979265,121.84471489745323,127.47915258057246,103.53279242731575,88.7423935091278,67.6132521974307,81.69934640522877,102.82848771692584,95.78544061302682,75.36060401171963
12,Magallanes y la Antartica Chilena,12102,Laguna Blanca,0.0,0.0,0.0,0.0,0.0,0.0,0.0,0.0,0.0,0.0,0.0
12,Magallanes y la Antartica Chilena,12103,Río Verde,0.0,0.0,0.0,0.0,0.0,0.0,0.0,0.0,0.0,0.0,0.0
12,Magallanes y la Antartica Chilena,12104,San Gregorio,0.0,0.0,0.0,0.0,0.0,0.0,0.0,0.0,146.84287812041114,146.84287812041114,293.6857562408223
12,Magallanes y la Antartica Chilena,12201,Cabo de Hornos,151.285930408472,50.42864346949067,50.42864346949067,50.42864346949067,0.0,0.0,0.0,0.0,0.0,50.42864346949067,50.42864346949067
12,Magallanes y la Antartica Chilena,12202,Antártica,0.0,0.0,0.0,0.0,0.0,0.0,0.0,0.0,0.0,0.0,0.0
12,Magallanes y la Antartica Chilena,12301,Porvenir,13.655605626109518,0.0,13.655605626109518,54.62242250443807,27.311211252219035,27.311211252219035,0.0,0.0,13.655605626109518,13.655605626109518,13.655605626109518
12,Magallanes y la Antartica Chilena,12302,Primavera,0.0,0.0,144.0922190201729,144.0922190201729,144.0922190201729,0.0,0.0,0.0,0.0,0.0,0.0
12,Magallanes y la Antartica Chilena,12303,Timaukel,0.0,0.0,0.0,0.0,0.0,0.0,0.0,0.0,0.0,0.0,0.0
12,Magallanes y la Antartica Chilena,12401,Natales,4.204860819106888,0.0,4.204860819106888,4.204860819106888,0.0,0.0,0.0,0.0,4.204860819106888,4.204860819106888,0.0
12,Magallanes y la Antartica Chilena,12402,Torres del Paine,0.0,0.0,0.0,0.0,0.0,0.0,0.0,0.0,0.0,0.0,0.0
13,Region Metropolitana,13101,Santiago,33.5885933931833,27.427372119877493,32.19734987985618,29.613611926534393,34.97983690651042,40.34606188648645,76.91589137965644,120.83943658612692,155.6205244193049,160.78800032594847,221.80396583900927
13,Region Metropolitana,13102,Cerrillos,14.61396645532623,20.234722784297855,25.85547911326948,21.35887405009218,26.97963037906381,32.60038670803544,74.19398354242547,189.98156391924098,224.83025315886505,209.09213543774447,180.9883537928864
13,Region Metropolitana,13103,Cerro Navia,18.250096514933492,19.6539500930053,28.07707156143614,37.20211981890289,35.79826624083108,35.096339451795174,53.34643596672867,72.29845927069807,87.74084862948794,117.2217737689959,113.01021303478048
13,Region Metropolitana,13104,Conchalí,17.241998635008443,18.678831854592477,20.115665074176516,25.144581342720645,26.58141456230468,35.2024138798089,53.88124573440138,107.76249146880276,142.96490534861167,149.43065483673982,188.94356837530083
13,Region Metropolitana,13105,El Bosque,27.325581395348834,24.41860465116279,29.651162790697676,33.13953488372093,29.651162790697676,38.372093023255815,54.06976744186046,66.27906976744185,101.74418604651163,116.27906976744185,155.81395348837208
13,Region Metropolitana,13106,Estación Central,16.441641843011336,18.85953034933653,19.82668575186661,25.62961816704708,31.916128283492593,45.93988162017873,85.59325312391195,121.8615807187899,133.9510232504159,146.52404348330688,193.91465820728072
13,Region Metropolitana,13107,Huechuraba,16.884686478032133,18.66202189677236,19.55068960614247,18.66202189677236,19.55068960614247,16.884686478032133,31.103369827953934,48.876724015356174,95.97611261197213,106.64012512441349,145.74150433669843
13,Region Metropolitana,13108,Independencia,19.005384859043396,19.70928800197093,30.97173828881146,47.86541371907226,89.39569915179672,111.92059972547777,180.90310773237601,249.18171259634676,298.45493260127404,309.71738288811457,321.6837363178827
13,Region Metropolitana,13109,La Cisterna,20.9092538383416,23.896290100961828,22.900611346755085,27.879005117788793,25.887647609375314,29.87036262620228,51.77529521875063,63.72344026923153,91.60244538702034,113.50737797956867,158.3129219188721
13,Region Metropolitana,13110,La Florida,17.89117691640596,15.4062912335718,19.13361975782304,19.382108326106458,20.37606259924012,27.830719647742605,41.24910233504708,65.10400489025503,106.10461865701868,137.66266682901252,195.31201467076505
13,Region Metropolitana,13111,La Granja,21.214618504043017,17.950831041882555,16.318937310802323,19.582724772962784,17.950831041882555,26.926246562823827,48.956811932406964,87.30631461279242,126.47176415871799,150.13422325938134,311.6917026363243
13,Region Metropolitana,13112,La Pintana,17.95758840151055,20.070245860511793,23.239232049013655,29.049040061267068,27.992711331766447,50.703779016029785,66.5487099585391,82.3936409010484,120.42147516307074,125.17495444582353,212.85023899437505
13,Region Metropolitana,13113,La Reina,14.962295016558274,12.967322347683837,11.969836013246619,9.974863344372183,6.982404341060527,23.939672026493238,41.894426046363165,65.8340980728564,82.79136575828912,86.78131109603798,100.74611977815904
13,Region Metropolitana,13114,Las Condes,14.20974183620098,11.488727442034836,11.186392509349709,10.279387711294326,12.395732240090219,11.186392509349709,24.18679461481018,40.21054604712192,71.04870918100491,86.77012568063152,123.95732240090217
13,Region Metropolitana,13115,Lo Barnechea,18.53702569392953,20.14894097166253,30.626390276927044,37.88000902672556,33.04426319352655,37.07405138785906,58.83490763725458,74.14810277571812,132.9830104129727,137.81875624617172,161.99748541216675
13,Region Metropolitana,13116,Lo Espejo,35.62316468492755,31.772011746016467,31.772011746016467,28.88364704183315,22.144129398738748,38.51152938911087,54.87892937948299,72.20911760458287,100.12997641168826,112.64622346314928,226.25523516102632
13,Region Metropolitana,13117,Lo Prado,17.24088388264705,13.409576353169927,24.903498941601296,32.566114000555544,32.566114000555544,45.97569035372547,90.99355382508166,113.02357211957512,121.64401406089863,132.18010976696073,124.51749470800647
13,Region Metropolitana,13118,Macul,11.141233705945705,6.684740223567423,9.655735878486277,11.88398261967542,23.76796523935084,33.42370111783711,46.05043265124225,66.10465332194451,108.44134140453819,133.69480447134845,189.40097300107698
13,Region Metropolitana,13119,Maipú,13.99918770145436,13.99918770145436,17.62860673516475,18.665583601939147,17.801436212960482,20.393878379896474,24.88744480258553,33.7017481701679,44.93566422689054,55.823921328021704,91.42679375394268
13,Region Metropolitana,13120,Ñuñoa,23.981582144912707,25.58035428790689,31.17605678838652,28.378205538146705,29.177591609643795,33.174521967129245,27.978512502398157,36.77175928886615,49.96162946856814,56.75641107629341,113.11312911683827
13,Region Metropolitana,13121,Pedro Aguirre Cerda,31.539010973720583,40.815190671873694,43.59804458131963,38.95995473224307,33.3942469133512,44.52566255113494,75.13705555504022,103.89321261931487,120.59033607599048,136.35984156285073,230.9768744840125
13,Region Metropolitana,13122,Peñalolén,22.86373960824294,20.240031784346208,24.363001221898216,27.361524449208765,26.98670904579495,35.982278727726595,46.477110023313514,68.21640342131501,106.44757456952452,163.41951588842494,239.13222737801635
13,Region Metropolitana,13123,Providencia,17.115797881444575,13.946205681177059,18.38363476155158,25.990656042193613,24.722819162086605,18.38363476155158,24.088900722033102,33.597677322835644,62.75792556529677,87.48074472738338,121.07842205021902
13,Region Metropolitana,13124,Pudahuel,15.406555291756703,13.826395774653452,15.406555291756703,16.59167492958414,15.801595171032517,22.122233239445524,37.92382841047804,50.17006466802823,65.18158008050914,82.16829488936908,92.43933175054022
13,Region Metropolitana,13125,Quilicura,19.23877280187205,17.668260736413107,18.846144785507317,17.668260736413107,23.165052965519408,44.366965849215134,85.20027955114764,109.15058854939653,137.81243374402223,112.68424069667915,130.35250143309224
13,Region Metropolitana,13126,Quinta Normal,32.99894403379092,37.398803238296374,45.46521177988971,48.39845124956001,48.39845124956001,43.99859204505456,81.39739528335093,96.79690249912002,112.19640971488911,137.1289452070867,132.72908600258125
13,Region Metropolitana,13127,Recoleta,20.518216493489412,17.887675917401026,26.831513876101543,33.144811258713666,45.24529790872024,61.02854136525056,132.57924503485467,203.6038405892411,280.9417335262396,270.4195712218861,280.9417335262396
13,Region Metropolitana,13128,Renca,12.43417657774158,16.164429551064053,26.11177081325732,32.328859102128106,42.276200364321376,44.76303567986969,52.22354162651464,82.68727424198151,103.20366559525512,112.5292980285613,107.55562739746466
13,Region Metropolitana,13129,San Joaquín,23.191766922742428,25.124414166304298,38.65294487123738,43.48456298014205,45.41721022370392,57.013093685075134,68.60897714644635,131.4200125622071,208.72590230468185,258.00840701550953,395.2263613084022
13,Region Metropolitana,13130,San Miguel,30.061852261027067,29.310305954501384,34.57113010018112,42.838139471963565,36.07422271323248,41.335046858912214,48.85050992416898,67.6391675873109,114.98658489842852,130.76905733546772,187.88657663141916
13,Region Metropolitana,13131,San Ramón,9.247485839787307,16.18310021962779,17.339035949601204,24.274650329441684,42.769622009016295,63.57646514853774,99.41047277771357,168.76661657611837,228.87527453473587,228.87527453473587,409.2012484105884
13,Region Metropolitana,13132,Vitacura,19.633372600078534,11.366689400045468,8.266683200033066,8.266683200033066,5.166677000020666,11.366689400045468,23.766714200095066,29.966726600119866,70.26680720028106,102.30020460040922,160.1669870006407
13,Region Metropolitana,13201,Puente Alto,27.7128821552262,26.164676448230324,34.0605255539093,37.93103982139899,40.71781009399157,41.182271806090334,38.705142674896926,61.618587138435906,82.51936418288025,100.16890924263325,124.16609770106933
13,Region Metropolitana,13202,Pirque,16.429533729832745,19.715440475799298,16.429533729832745,16.429533729832745,13.143626983866199,19.715440475799298,55.86041468143134,88.71948214109683,82.14766864916373,82.14766864916373,124.86445634672889
13,Region Metropolitana,13203,San José de Maipo,5.363655867839519,5.363655867839519,5.363655867839519,5.363655867839519,10.727311735679038,16.090967603518557,37.54559107487663,85.8184938854323,123.36408496030896,155.54602016734606,187.72795537438319
13,Region Metropolitana,13301,Colina,11.089363636867699,8.317022727650773,8.317022727650773,9.425959091337543,8.871490909494158,11.089363636867699,19.40638636451847,26.614472728482475,58.21915909355542,82.61575909466436,141.94385455190653
13,Region Metropolitana,13302,Lampa,14.184620719002663,13.396586234613627,11.032482781446516,9.456413812668442,12.60855175022459,18.124793140947848,29.945310406783403,38.613689735062806,67.77096565745717,67.77096565745717,101.65644848618577
13,Region Metropolitana,13303,Tiltil,4.65614378171998,4.65614378171998,4.65614378171998,4.65614378171998,4.65614378171998,4.65614378171998,9.31228756343996,23.280718908599898,13.968431345159939,9.31228756343996,37.24915025375984
13,Region Metropolitana,13401,San Bernardo,24.19094720997742,22.996332532941498,31.358635272192956,32.254596279969896,42.70747470403421,48.38189441995484,47.78458708143688,63.91188522142183,80.03918336140677,89.89475444695314,119.16281403433324
13,Region Metropolitana,13402,Buin,13.6810134894793,11.856878357548727,10.944810791583441,15.505148621409873,14.593081055444586,14.593081055444586,24.62582428106274,30.098229676854462,41.95510803440319,62.02059448563949,102.1515673881121
13,Region Metropolitana,13403,Calera de Tango,3.5056967572304996,0.0,3.5056967572304996,17.5284837861525,17.5284837861525,17.5284837861525,10.5170902716915,3.5056967572304996,17.5284837861525,24.539877300613497,35.056967572305
13,Region Metropolitana,13404,Paine,6.041127999420052,6.041127999420052,7.2493535993040625,4.832902399536041,4.832902399536041,3.6246767996520313,8.457579199188073,14.498707198608125,37.45499359640432,42.28789599594036,86.99224319164874
13,Region Metropolitana,13501,Melipilla,3.5307742281727537,4.943083919441855,8.473858147614608,13.416942067056464,14.123096912691015,16.947716295229217,25.42157444284383,44.48775527497669,42.36929073807304,36.72005197299664,33.895432590458434
13,Region Metropolitana,13502,Alhué,0.0,0.0,0.0,0.0,0.0,0.0,0.0,0.0,0.0,0.0,0.0
13,Region Metropolitana,13503,Curacaví,16.469942355201756,10.979961570134504,10.979961570134504,5.489980785067252,0.0,0.0,10.979961570134504,21.95992314026901,24.704913532802635,41.174855888004394,101.56464452374416
13,Region Metropolitana,13504,María Pinto,0.0,0.0,6.699718611818303,0.0,0.0,0.0,13.399437223636607,13.399437223636607,0.0,0.0,0.0
13,Region Metropolitana,13505,San Pedro,0.0,0.0,0.0,8.366100560528738,16.732201121057475,16.732201121057475,58.562703923701164,66.9288044842299,41.830502802643686,25.09830168158621,16.732201121057475
13,Region Metropolitana,13601,Talagante,10.99733620078692,10.99733620078692,9.775409956255041,9.775409956255041,10.99733620078692,8.55348371172316,9.775409956255041,12.2192624453188,17.10696742344632,34.21393484689264,41.54549231408392
13,Region Metropolitana,13602,El Monte,19.9930024491428,9.9965012245714,14.994751836857098,7.497375918428549,4.9982506122857,9.9965012245714,22.49212775528565,19.9930024491428,24.991253061428502,22.49212775528565,4.9982506122857
13,Region Metropolitana,13603,Isla de Maipo,17.425505962012398,12.446789972865997,7.4680739837195995,2.4893579945731994,0.0,4.978715989146399,7.4680739837195995,9.957431978292798,7.4680739837195995,14.936147967439199,19.914863956585595
13,Region Metropolitana,13604,Padre Hurtado,14.827195772901277,12.131341996010136,13.479268884455706,14.827195772901277,8.087561330673424,12.131341996010136,29.654391545802554,33.698172211139266,44.48158731870384,49.87329487248611,57.960856203159544
13,Region Metropolitana,13605,Peñaflor,8.905776880603218,7.916246116091749,8.905776880603218,13.853430703160562,16.82202299669497,21.76967681925231,28.696392170832592,31.664984464366995,28.696392170832592,28.696392170832592,41.560292109481686
14,Los Rios,14101,Valdivia,14.142351250749545,11.879575050629619,10.182492900539671,8.485410750449727,4.525552400239854,2.828470250149909,2.828470250149909,5.656940500299818,3.9598583502098728,1.6970821500899453,1.1313881000599635
14,Los Rios,14102,Corral,0.0,18.358729575913348,18.358729575913348,18.358729575913348,18.358729575913348,0.0,0.0,0.0,18.358729575913348,36.717459151826695,183.58729575913347
14,Los Rios,14103,Lanco,5.665080444142307,11.330160888284613,11.330160888284613,5.665080444142307,5.665080444142307,5.665080444142307,5.665080444142307,5.665080444142307,16.995241332426918,11.330160888284613,11.330160888284613
14,Los Rios,14104,Los Lagos,0.0,0.0,0.0,0.0,0.0,0.0,0.0,0.0,0.0,0.0,0.0
14,Los Rios,14105,Máfil,0.0,0.0,0.0,0.0,13.533631073216943,13.533631073216943,0.0,0.0,0.0,0.0,0.0
14,Los Rios,14106,Mariquina,25.806451612903228,12.903225806451614,4.301075268817204,0.0,0.0,0.0,0.0,0.0,0.0,8.602150537634408,12.903225806451614
14,Los Rios,14107,Paillaco,0.0,0.0,0.0,0.0,0.0,0.0,0.0,0.0,0.0,0.0,0.0
14,Los Rios,14108,Panguipulli,2.778472395876747,0.0,0.0,2.778472395876747,0.0,0.0,0.0,0.0,0.0,0.0,0.0
14,Los Rios,14201,La Unión,22.76291162931863,15.175274419545755,15.175274419545755,15.175274419545755,12.646062016288129,17.70448682280338,12.646062016288129,15.175274419545755,7.587637209772877,5.0584248065152515,2.5292124032576258
14,Los Rios,14202,Futrono,6.552650547146321,0.0,0.0,0.0,0.0,0.0,0.0,0.0,0.0,0.0,0.0
14,Los Rios,14203,Lago Ranco,0.0,0.0,0.0,0.0,0.0,0.0,0.0,0.0,0.0,0.0,0.0
14,Los Rios,14204,Río Bueno,12.148823082763858,3.0372057706909645,3.0372057706909645,3.0372057706909645,3.0372057706909645,6.074411541381929,12.148823082763858,9.111617312072893,3.0372057706909645,3.0372057706909645,0.0
15,Arica y Parinacota,15101,Arica,35.54808686659772,32.316442605997935,29.084798345398138,26.25710961737332,31.104576008273007,41.60741985522234,42.41533092037229,35.14413133402275,24.641287487073424,26.661065149948293,19.793821096173733
15,Arica y Parinacota,15102,Camarones,0.0,0.0,0.0,0.0,0.0,0.0,0.0,0.0,0.0,0.0,0.0
15,Arica y Parinacota,15201,Putre,0.0,0.0,0.0,0.0,0.0,0.0,0.0,0.0,0.0,0.0,0.0
15,Arica y Parinacota,15202,General Lagos,0.0,0.0,0.0,0.0,0.0,0.0,0.0,0.0,0.0,0.0,0.0
16,Nuble,16101,Chillán,39.7736426615112,30.711293700660544,25.67665538907685,17.621234090542934,18.628161752859675,15.607378765909456,9.565812792009023,9.062348960850652,6.545029805058804,10.069276623167392,14.09698727243435
16,Nuble,16102,Bulnes,57.50431282346176,39.81067810855045,26.540452072366964,30.963860751094796,35.387269429822624,30.963860751094796,13.270226036183482,48.657495466006104,61.92772150218959,57.50431282346176,159.2427124342018
16,Nuble,16103,Chillán Viejo,38.43083927040529,32.518402459573714,20.693528837910545,26.60596564874213,8.868655216247376,8.868655216247376,2.956218405415792,0.0,0.0,5.912436810831584,11.824873621663167
16,Nuble,16104,El Carmen,8.107669855683477,8.107669855683477,8.107669855683477,0.0,0.0,0.0,0.0,0.0,0.0,8.107669855683477,8.107669855683477
16,Nuble,16105,Pemuco,34.726241463132304,23.150827642088203,11.575413821044101,11.575413821044101,11.575413821044101,0.0,0.0,0.0,0.0,11.575413821044101,34.726241463132304
16,Nuble,16106,Pinto,42.08754208754208,33.670033670033675,25.252525252525253,16.835016835016837,16.835016835016837,8.417508417508419,0.0,0.0,0.0,0.0,0.0
16,Nuble,16107,Quillón,26.628321883154925,0.0,0.0,5.325664376630985,0.0,5.325664376630985,15.976993129892954,21.30265750652394,10.65132875326197,15.976993129892954,10.65132875326197
16,Nuble,16108,San Ignacio,6.015399422521655,6.015399422521655,6.015399422521655,0.0,6.015399422521655,6.015399422521655,12.03079884504331,18.046198267564964,18.046198267564964,12.03079884504331,6.015399422521655
16,Nuble,16109,Yungay,134.43751344375136,91.41750914175091,69.9075069907507,21.510002151000215,16.132501613250163,21.510002151000215,26.88750268875027,43.02000430200043,21.510002151000215,5.377500537750054,16.132501613250163
16,Nuble,16201,Quirihue,16.404199475065617,0.0,0.0,0.0,8.202099737532809,8.202099737532809,8.202099737532809,0.0,0.0,32.808398950131235,65.61679790026247
16,Nuble,16202,Cobquecura,0.0,0.0,0.0,0.0,0.0,0.0,0.0,0.0,0.0,0.0,0.0
16,Nuble,16203,Coelemu,11.872959335114277,0.0,0.0,0.0,0.0,0.0,0.0,0.0,0.0,0.0,0.0
16,Nuble,16204,Ninhue,36.941263391207976,36.941263391207976,36.941263391207976,36.941263391207976,36.941263391207976,18.470631695603988,0.0,0.0,0.0,0.0,0.0
16,Nuble,16205,Portezuelo,20.242914979757085,0.0,0.0,0.0,0.0,0.0,0.0,0.0,0.0,0.0,40.48582995951417
16,Nuble,16206,Ránquil,79.85944737262419,31.943778949049673,0.0,0.0,0.0,0.0,0.0,0.0,0.0,0.0,0.0
16,Nuble,16207,Treguaco,0.0,0.0,0.0,0.0,0.0,0.0,0.0,0.0,0.0,0.0,0.0
16,Nuble,16301,San Carlos,21.3325748417834,17.77714570148617,8.888572850743085,7.110858280594468,5.33314371044585,8.888572850743085,7.110858280594468,5.33314371044585,3.555429140297234,10.6662874208917,14.221716561188936
16,Nuble,16302,Coihueco,21.145374449339208,14.09691629955947,17.62114537444934,42.290748898678416,45.81497797356828,42.290748898678416,45.81497797356828,35.24229074889868,17.62114537444934,7.048458149779735,10.572687224669604
16,Nuble,16303,Ñiquén,17.29056799515864,17.29056799515864,17.29056799515864,17.29056799515864,0.0,0.0,0.0,0.0,0.0,0.0,0.0
16,Nuble,16304,San Fabián,21.486892995272886,21.486892995272886,21.486892995272886,0.0,21.486892995272886,21.486892995272886,0.0,0.0,0.0,0.0,0.0
16,Nuble,16305,San Nicolás,41.077883667433454,49.29346040092015,32.86230693394676,24.646730200460073,16.43115346697338,0.0,0.0,0.0,0.0,0.0,16.43115346697338
