id_region,nombre_region,id_comuna,nombre_comuna,2020-03-30,2020-04-01,2020-04-03,2020-04-06,2020-04-08,2020-04-10,2020-04-13,2020-04-15,2020-04-17,2020-04-20,2020-04-24,2020-04-27,2020-05-01,2020-05-04,2020-05-08,2020-05-11,2020-05-15,2020-05-18,2020-05-22,2020-05-25
1,Tarapaca,1101,Iquique,5.0,9.0,10.0,13.0,16.0,18.0,26.0,26.0,31.0,36.0,58.0,75.0,90.0,122.0,253.0,308.0,440.0,610.0,812.0,951.0
1,Tarapaca,1107,Alto Hospicio,0.0,1.0,3.0,5.0,6.0,10.0,14.0,15.0,16.0,27.0,39.0,55.0,77.0,128.0,161.0,188.0,276.0,379.0,504.0,591.0
1,Tarapaca,1401,Pozo Almonte,0.0,0.0,0.0,2.0,2.0,2.0,2.0,2.0,2.0,2.0,2.0,2.0,2.0,3.0,4.0,5.0,7.0,10.0,20.0,28.0
1,Tarapaca,1402,Camiña,0.0,0.0,0.0,0.0,0.0,0.0,0.0,0.0,0.0,0.0,0.0,0.0,0.0,0.0,0.0,0.0,0.0,0.0,0.0,0.0
1,Tarapaca,1403,Colchane,0.0,0.0,0.0,0.0,0.0,0.0,0.0,0.0,0.0,0.0,0.0,0.0,0.0,0.0,0.0,0.0,0.0,0.0,0.0,0.0
1,Tarapaca,1404,Huara,0.0,0.0,0.0,0.0,0.0,0.0,0.0,0.0,0.0,0.0,0.0,0.0,0.0,3.0,6.0,9.0,13.0,15.0,18.0,19.0
1,Tarapaca,1405,Pica,0.0,0.0,0.0,1.0,2.0,5.0,10.0,19.0,24.0,28.0,31.0,31.0,31.0,31.0,35.0,37.0,37.0,39.0,37.0,39.0
2,Antofagasta,2101,Antofagasta,29.0,32.0,44.0,54.0,60.0,82.0,106.0,122.0,145.0,184.0,261.0,303.0,378.0,479.0,601.0,658.0,843.0,998.0,1140.0,1243.0
2,Antofagasta,2102,Mejillones,0.0,0.0,0.0,1.0,2.0,6.0,12.0,14.0,19.0,27.0,43.0,65.0,77.0,126.0,134.0,150.0,174.0,191.0,226.0,227.0
2,Antofagasta,2103,Sierra Gorda,0.0,0.0,0.0,0.0,0.0,0.0,0.0,0.0,0.0,0.0,0.0,0.0,0.0,0.0,2.0,2.0,7.0,9.0,11.0,13.0
2,Antofagasta,2104,Taltal,0.0,0.0,0.0,0.0,1.0,3.0,3.0,7.0,7.0,7.0,7.0,7.0,7.0,8.0,8.0,9.0,16.0,17.0,23.0,25.0
2,Antofagasta,2201,Calama,3.0,3.0,5.0,7.0,8.0,13.0,20.0,21.0,21.0,25.0,35.0,54.0,71.0,84.0,102.0,114.0,168.0,213.0,254.0,302.0
2,Antofagasta,2202,Ollagüe,0.0,0.0,0.0,0.0,0.0,0.0,0.0,0.0,0.0,0.0,0.0,0.0,0.0,0.0,0.0,0.0,0.0,0.0,0.0,0.0
2,Antofagasta,2203,San Pedro de Atacama,1.0,2.0,3.0,4.0,4.0,4.0,4.0,4.0,4.0,4.0,4.0,4.0,4.0,4.0,4.0,4.0,4.0,4.0,5.0,5.0
2,Antofagasta,2301,Tocopilla,2.0,2.0,2.0,2.0,2.0,2.0,3.0,6.0,11.0,11.0,11.0,11.0,12.0,13.0,14.0,15.0,19.0,24.0,25.0,28.0
2,Antofagasta,2302,María Elena,0.0,0.0,0.0,0.0,0.0,0.0,1.0,2.0,4.0,6.0,7.0,13.0,30.0,35.0,47.0,49.0,84.0,112.0,132.0,147.0
3,Atacama,3101,Copiapó,1.0,2.0,4.0,4.0,5.0,8.0,8.0,8.0,8.0,8.0,8.0,8.0,19.0,34.0,48.0,67.0,71.0,82.0,96.0,100.0
3,Atacama,3102,Caldera,0.0,0.0,0.0,0.0,0.0,0.0,0.0,0.0,0.0,0.0,0.0,0.0,0.0,1.0,1.0,3.0,4.0,5.0,5.0,5.0
3,Atacama,3103,Tierra Amarilla,0.0,0.0,0.0,0.0,2.0,4.0,4.0,4.0,4.0,4.0,5.0,6.0,7.0,9.0,9.0,19.0,22.0,23.0,23.0,23.0
3,Atacama,3201,Chañaral,0.0,0.0,0.0,0.0,0.0,0.0,0.0,0.0,0.0,0.0,0.0,0.0,0.0,0.0,0.0,0.0,0.0,0.0,0.0,0.0
3,Atacama,3202,Diego de Almagro,1.0,1.0,1.0,1.0,1.0,1.0,1.0,1.0,1.0,1.0,1.0,1.0,1.0,2.0,2.0,3.0,3.0,3.0,5.0,8.0
3,Atacama,3301,Vallenar,0.0,0.0,0.0,0.0,0.0,0.0,0.0,0.0,0.0,0.0,7.0,13.0,17.0,24.0,28.0,41.0,42.0,43.0,46.0,48.0
3,Atacama,3302,Alto del Carmen,0.0,0.0,0.0,0.0,0.0,0.0,0.0,0.0,0.0,0.0,0.0,0.0,0.0,0.0,0.0,0.0,0.0,0.0,0.0,0.0
3,Atacama,3303,Freirina,0.0,0.0,0.0,0.0,0.0,0.0,0.0,0.0,0.0,0.0,0.0,1.0,1.0,1.0,1.0,1.0,1.0,1.0,1.0,1.0
3,Atacama,3304,Huasco,0.0,0.0,0.0,0.0,0.0,0.0,0.0,0.0,0.0,1.0,0.0,0.0,0.0,1.0,1.0,1.0,1.0,1.0,1.0,1.0
4,Coquimbo,4101,La Serena,2.0,3.0,8.0,12.0,12.0,12.0,12.0,12.0,12.0,16.0,18.0,19.0,20.0,27.0,33.0,40.0,57.0,63.0,89.0,117.0
4,Coquimbo,4102,Coquimbo,17.0,19.0,19.0,19.0,19.0,21.0,21.0,19.0,20.0,23.0,24.0,26.0,29.0,31.0,35.0,38.0,49.0,56.0,67.0,74.0
4,Coquimbo,4103,Andacollo,0.0,0.0,0.0,0.0,0.0,0.0,0.0,0.0,0.0,0.0,0.0,0.0,0.0,2.0,3.0,3.0,3.0,3.0,4.0,4.0
4,Coquimbo,4104,La Higuera,0.0,0.0,0.0,0.0,0.0,0.0,0.0,0.0,0.0,0.0,0.0,0.0,0.0,0.0,0.0,0.0,0.0,0.0,0.0,0.0
4,Coquimbo,4105,Paiguano,0.0,,0.0,0.0,0.0,0.0,0.0,0.0,0.0,0.0,0.0,0.0,0.0,0.0,0.0,0.0,0.0,0.0,0.0,0.0
4,Coquimbo,4106,Vicuña,0.0,0.0,0.0,0.0,0.0,0.0,0.0,0.0,0.0,0.0,0.0,0.0,0.0,1.0,1.0,2.0,5.0,7.0,10.0,12.0
4,Coquimbo,4201,Illapel,0.0,0.0,0.0,7.0,12.0,13.0,17.0,19.0,19.0,18.0,18.0,18.0,18.0,19.0,19.0,19.0,19.0,19.0,19.0,19.0
4,Coquimbo,4202,Canela,0.0,0.0,0.0,0.0,0.0,0.0,0.0,0.0,0.0,0.0,0.0,0.0,0.0,0.0,1.0,1.0,1.0,1.0,2.0,2.0
4,Coquimbo,4203,Los Vilos,1.0,1.0,1.0,1.0,1.0,1.0,1.0,1.0,1.0,1.0,1.0,1.0,1.0,1.0,1.0,1.0,1.0,1.0,1.0,1.0
4,Coquimbo,4204,Salamanca,2.0,2.0,2.0,4.0,4.0,5.0,6.0,6.0,7.0,7.0,7.0,7.0,7.0,8.0,9.0,10.0,12.0,10.0,11.0,12.0
4,Coquimbo,4301,Ovalle,4.0,4.0,4.0,7.0,7.0,8.0,8.0,8.0,8.0,9.0,9.0,9.0,10.0,11.0,16.0,24.0,35.0,48.0,59.0,70.0
4,Coquimbo,4302,Combarbalá,0.0,0.0,0.0,0.0,0.0,0.0,0.0,0.0,0.0,0.0,0.0,0.0,0.0,0.0,0.0,2.0,2.0,5.0,6.0,7.0
4,Coquimbo,4303,Monte Patria,0.0,0.0,0.0,0.0,0.0,0.0,0.0,0.0,0.0,0.0,0.0,0.0,0.0,0.0,0.0,0.0,3.0,4.0,17.0,20.0
4,Coquimbo,4304,Punitaqui,0.0,0.0,0.0,0.0,0.0,0.0,0.0,0.0,0.0,0.0,1.0,1.0,2.0,3.0,5.0,8.0,8.0,8.0,10.0,11.0
4,Coquimbo,4305,Río Hurtado,1.0,1.0,1.0,1.0,1.0,1.0,1.0,1.0,1.0,1.0,1.0,1.0,1.0,1.0,1.0,1.0,2.0,2.0,2.0,2.0
5,Valparaiso,5101,Valparaíso,16.0,26.0,23.0,26.0,36.0,39.0,44.0,45.0,51.0,59.0,67.0,68.0,95.0,109.0,169.0,190.0,255.0,300.0,354.0,412.0
5,Valparaiso,5102,Casablanca,1.0,1.0,2.0,3.0,2.0,2.0,3.0,3.0,3.0,3.0,3.0,3.0,3.0,3.0,4.0,4.0,13.0,13.0,21.0,21.0
5,Valparaiso,5103,Concón,1.0,1.0,7.0,7.0,3.0,3.0,6.0,7.0,7.0,7.0,13.0,14.0,19.0,20.0,23.0,25.0,29.0,37.0,43.0,44.0
5,Valparaiso,5104,Juan Fernández,0.0,0.0,0.0,0.0,0.0,0.0,0.0,0.0,0.0,0.0,0.0,0.0,0.0,0.0,0.0,0.0,0.0,0.0,0.0,0.0
5,Valparaiso,5105,Puchuncaví,0.0,0.0,0.0,0.0,0.0,0.0,0.0,0.0,0.0,0.0,0.0,0.0,0.0,0.0,0.0,0.0,0.0,0.0,4.0,5.0
5,Valparaiso,5107,Quintero,3.0,3.0,2.0,2.0,3.0,4.0,5.0,4.0,4.0,4.0,6.0,9.0,10.0,10.0,14.0,16.0,23.0,29.0,33.0,41.0
5,Valparaiso,5109,Viña del Mar,29.0,38.0,47.0,53.0,66.0,69.0,72.0,75.0,84.0,94.0,103.0,109.0,123.0,135.0,168.0,200.0,275.0,327.0,408.0,476.0
5,Valparaiso,5201,Isla de Pascua,1.0,5.0,5.0,5.0,5.0,6.0,6.0,6.0,5.0,5.0,5.0,5.0,5.0,5.0,5.0,5.0,5.0,5.0,5.0,5.0
5,Valparaiso,5301,Los Andes,2.0,3.0,2.0,2.0,6.0,6.0,6.0,7.0,9.0,9.0,6.0,7.0,9.0,9.0,15.0,25.0,28.0,35.0,72.0,92.0
5,Valparaiso,5302,Calle Larga,0.0,0.0,2.0,2.0,1.0,2.0,2.0,2.0,4.0,5.0,6.0,6.0,6.0,6.0,10.0,10.0,12.0,12.0,20.0,23.0
5,Valparaiso,5303,Rinconada,0.0,0.0,0.0,0.0,1.0,2.0,2.0,2.0,2.0,2.0,2.0,2.0,2.0,2.0,3.0,3.0,3.0,5.0,10.0,18.0
5,Valparaiso,5304,San Esteban,0.0,0.0,0.0,0.0,0.0,0.0,0.0,0.0,0.0,1.0,1.0,3.0,3.0,3.0,5.0,8.0,9.0,11.0,14.0,17.0
5,Valparaiso,5401,La Ligua,2.0,2.0,2.0,2.0,2.0,2.0,2.0,2.0,2.0,2.0,2.0,2.0,2.0,3.0,3.0,3.0,3.0,4.0,8.0,9.0
5,Valparaiso,5402,Cabildo,0.0,0.0,0.0,0.0,0.0,0.0,0.0,0.0,0.0,1.0,0.0,3.0,4.0,5.0,5.0,6.0,7.0,9.0,11.0,13.0
5,Valparaiso,5403,Papudo,0.0,0.0,1.0,1.0,0.0,0.0,0.0,0.0,0.0,0.0,0.0,0.0,0.0,0.0,0.0,0.0,0.0,0.0,4.0,4.0
5,Valparaiso,5404,Petorca,0.0,1.0,1.0,5.0,4.0,5.0,6.0,6.0,6.0,6.0,6.0,6.0,6.0,6.0,6.0,7.0,7.0,7.0,10.0,11.0
5,Valparaiso,5405,Zapallar,0.0,0.0,0.0,0.0,0.0,0.0,0.0,0.0,0.0,0.0,0.0,0.0,0.0,0.0,0.0,0.0,0.0,0.0,0.0,0.0
5,Valparaiso,5501,Quillota,6.0,7.0,9.0,9.0,13.0,13.0,16.0,18.0,19.0,20.0,22.0,22.0,24.0,26.0,28.0,31.0,39.0,48.0,56.0,59.0
5,Valparaiso,5502,Calera,6.0,,7.0,7.0,9.0,9.0,9.0,11.0,13.0,16.0,22.0,22.0,22.0,22.0,22.0,25.0,28.0,31.0,39.0,42.0
5,Valparaiso,5503,Hijuelas,0.0,0.0,0.0,0.0,0.0,0.0,0.0,0.0,0.0,1.0,1.0,1.0,1.0,1.0,1.0,1.0,2.0,3.0,5.0,6.0
5,Valparaiso,5504,La Cruz,0.0,1.0,3.0,3.0,2.0,2.0,5.0,5.0,5.0,7.0,8.0,8.0,9.0,10.0,14.0,17.0,19.0,22.0,24.0,24.0
5,Valparaiso,5506,Nogales,0.0,0.0,0.0,0.0,0.0,0.0,0.0,0.0,0.0,0.0,0.0,0.0,0.0,0.0,0.0,1.0,3.0,5.0,9.0,12.0
5,Valparaiso,5601,San Antonio,2.0,4.0,8.0,9.0,9.0,13.0,17.0,19.0,28.0,34.0,46.0,53.0,72.0,86.0,125.0,147.0,191.0,225.0,280.0,286.0
5,Valparaiso,5602,Algarrobo,7.0,7.0,9.0,9.0,8.0,8.0,8.0,9.0,9.0,9.0,9.0,10.0,10.0,10.0,12.0,14.0,19.0,23.0,32.0,33.0
5,Valparaiso,5603,Cartagena,0.0,0.0,0.0,1.0,0.0,0.0,2.0,2.0,2.0,2.0,6.0,6.0,8.0,9.0,14.0,15.0,21.0,23.0,31.0,36.0
5,Valparaiso,5604,El Quisco,0.0,0.0,1.0,1.0,1.0,1.0,3.0,4.0,6.0,8.0,11.0,11.0,11.0,12.0,16.0,18.0,23.0,26.0,30.0,33.0
5,Valparaiso,5605,El Tabo,1.0,1.0,3.0,3.0,2.0,2.0,2.0,3.0,6.0,6.0,9.0,9.0,13.0,13.0,14.0,16.0,23.0,24.0,29.0,31.0
5,Valparaiso,5606,Santo Domingo,2.0,3.0,1.0,2.0,5.0,5.0,5.0,10.0,11.0,12.0,17.0,17.0,19.0,22.0,21.0,25.0,29.0,33.0,35.0,35.0
5,Valparaiso,5701,San Felipe,3.0,3.0,5.0,5.0,6.0,6.0,6.0,6.0,6.0,6.0,6.0,6.0,9.0,9.0,12.0,17.0,30.0,37.0,72.0,87.0
5,Valparaiso,5702,Catemu,0.0,0.0,0.0,0.0,0.0,0.0,0.0,0.0,0.0,0.0,0.0,0.0,0.0,1.0,1.0,2.0,2.0,4.0,5.0,7.0
5,Valparaiso,5703,Llaillay,0.0,0.0,1.0,2.0,2.0,2.0,2.0,2.0,2.0,2.0,2.0,2.0,4.0,4.0,4.0,5.0,11.0,14.0,33.0,37.0
5,Valparaiso,5704,Panquehue,0.0,0.0,0.0,0.0,0.0,0.0,0.0,0.0,0.0,0.0,0.0,0.0,0.0,0.0,0.0,0.0,1.0,1.0,3.0,5.0
5,Valparaiso,5705,Putaendo,1.0,1.0,1.0,1.0,1.0,1.0,1.0,2.0,2.0,5.0,5.0,5.0,6.0,6.0,7.0,12.0,12.0,15.0,21.0,22.0
5,Valparaiso,5706,Santa María,0.0,2.0,2.0,2.0,2.0,2.0,2.0,2.0,2.0,2.0,2.0,2.0,13.0,16.0,19.0,20.0,20.0,20.0,26.0,26.0
5,Valparaiso,5801,Quilpué,11.0,10.0,11.0,12.0,15.0,18.0,20.0,21.0,22.0,27.0,30.0,30.0,38.0,40.0,50.0,55.0,88.0,104.0,124.0,155.0
5,Valparaiso,5802,Limache,2.0,3.0,3.0,4.0,5.0,7.0,8.0,13.0,20.0,20.0,23.0,23.0,23.0,22.0,25.0,28.0,47.0,54.0,68.0,79.0
5,Valparaiso,5803,Olmué,0.0,0.0,0.0,0.0,0.0,0.0,1.0,1.0,2.0,2.0,2.0,2.0,2.0,2.0,2.0,2.0,3.0,3.0,6.0,8.0
5,Valparaiso,5804,Villa Alemana,6.0,8.0,11.0,11.0,12.0,12.0,12.0,12.0,13.0,13.0,14.0,15.0,17.0,19.0,36.0,45.0,64.0,77.0,109.0,122.0
6,OHiggins,6101,Rancagua,7.0,7.0,9.0,15.0,15.0,15.0,15.0,15.0,15.0,22.0,28.0,32.0,38.0,45.0,61.0,82.0,128.0,170.0,195.0,243.0
6,OHiggins,6102,Codegua,0.0,0.0,0.0,0.0,0.0,0.0,0.0,0.0,0.0,1.0,1.0,1.0,2.0,2.0,2.0,3.0,3.0,4.0,6.0,6.0
6,OHiggins,6103,Coinco,0.0,0.0,0.0,0.0,0.0,0.0,0.0,0.0,0.0,0.0,1.0,1.0,1.0,1.0,2.0,2.0,4.0,5.0,8.0,9.0
6,OHiggins,6104,Coltauco,0.0,0.0,0.0,0.0,0.0,0.0,0.0,0.0,0.0,0.0,0.0,0.0,0.0,0.0,1.0,3.0,9.0,16.0,16.0,17.0
6,OHiggins,6105,Doñihue,0.0,0.0,0.0,0.0,0.0,0.0,0.0,0.0,0.0,0.0,1.0,1.0,2.0,2.0,4.0,6.0,10.0,14.0,20.0,23.0
6,OHiggins,6106,Graneros,0.0,0.0,0.0,0.0,0.0,0.0,0.0,0.0,0.0,0.0,2.0,2.0,2.0,2.0,10.0,17.0,23.0,27.0,32.0,36.0
6,OHiggins,6107,Las Cabras,0.0,0.0,0.0,0.0,0.0,0.0,0.0,1.0,1.0,1.0,3.0,3.0,4.0,10.0,10.0,10.0,12.0,12.0,13.0,13.0
6,OHiggins,6108,Machalí,3.0,6.0,7.0,8.0,8.0,8.0,8.0,8.0,9.0,10.0,16.0,16.0,16.0,16.0,19.0,20.0,24.0,26.0,29.0,37.0
6,OHiggins,6109,Malloa,0.0,0.0,0.0,0.0,0.0,0.0,0.0,0.0,0.0,0.0,0.0,0.0,0.0,0.0,0.0,0.0,1.0,2.0,2.0,3.0
6,OHiggins,6110,Mostazal,0.0,0.0,0.0,0.0,0.0,0.0,0.0,0.0,0.0,0.0,0.0,0.0,0.0,1.0,1.0,3.0,4.0,7.0,7.0,9.0
6,OHiggins,6111,Olivar,0.0,1.0,2.0,2.0,2.0,3.0,6.0,7.0,7.0,6.0,6.0,6.0,6.0,6.0,6.0,7.0,13.0,14.0,16.0,18.0
6,OHiggins,6112,Peumo,0.0,0.0,0.0,1.0,1.0,1.0,1.0,1.0,1.0,1.0,1.0,1.0,2.0,2.0,3.0,3.0,4.0,4.0,5.0,6.0
6,OHiggins,6113,Pichidegua,0.0,0.0,0.0,0.0,0.0,0.0,0.0,0.0,0.0,0.0,0.0,0.0,0.0,0.0,1.0,1.0,2.0,5.0,6.0,8.0
6,OHiggins,6114,Quinta de Tilcoco,1.0,2.0,2.0,2.0,2.0,2.0,3.0,3.0,3.0,1.0,1.0,1.0,1.0,1.0,1.0,1.0,1.0,2.0,2.0,2.0
6,OHiggins,6115,Rengo,1.0,1.0,1.0,1.0,1.0,1.0,1.0,1.0,1.0,2.0,3.0,7.0,8.0,10.0,9.0,11.0,14.0,21.0,22.0,27.0
6,OHiggins,6116,Requínoa,2.0,1.0,1.0,1.0,1.0,1.0,1.0,1.0,1.0,2.0,3.0,4.0,4.0,4.0,5.0,5.0,8.0,9.0,10.0,10.0
6,OHiggins,6117,San Vicente,0.0,1.0,4.0,4.0,4.0,4.0,4.0,4.0,4.0,4.0,4.0,4.0,8.0,9.0,11.0,14.0,20.0,25.0,35.0,40.0
6,OHiggins,6201,Pichilemu,0.0,0.0,0.0,0.0,0.0,0.0,0.0,0.0,0.0,0.0,0.0,0.0,0.0,0.0,0.0,1.0,1.0,4.0,5.0,8.0
6,OHiggins,6202,La Estrella,0.0,0.0,0.0,0.0,0.0,0.0,0.0,0.0,0.0,0.0,0.0,0.0,0.0,0.0,0.0,0.0,0.0,0.0,0.0,0.0
6,OHiggins,6203,Litueche,0.0,0.0,0.0,0.0,0.0,0.0,0.0,0.0,0.0,0.0,1.0,3.0,7.0,8.0,8.0,8.0,9.0,9.0,11.0,11.0
6,OHiggins,6204,Marchihue,0.0,0.0,0.0,0.0,0.0,0.0,0.0,0.0,0.0,0.0,0.0,0.0,0.0,0.0,0.0,0.0,0.0,0.0,0.0,0.0
6,OHiggins,6205,Navidad,0.0,0.0,0.0,0.0,0.0,0.0,0.0,0.0,0.0,0.0,0.0,0.0,2.0,2.0,2.0,4.0,8.0,8.0,10.0,10.0
6,OHiggins,6206,Paredones,0.0,0.0,0.0,0.0,0.0,0.0,0.0,0.0,0.0,0.0,0.0,0.0,0.0,0.0,0.0,0.0,0.0,2.0,2.0,2.0
6,OHiggins,6301,San Fernando,2.0,4.0,4.0,4.0,4.0,4.0,4.0,5.0,5.0,6.0,5.0,5.0,5.0,6.0,6.0,6.0,10.0,14.0,14.0,17.0
6,OHiggins,6302,Chépica,0.0,0.0,0.0,0.0,0.0,0.0,0.0,0.0,0.0,0.0,0.0,0.0,0.0,0.0,0.0,0.0,1.0,3.0,6.0,6.0
6,OHiggins,6303,Chimbarongo,0.0,2.0,2.0,2.0,2.0,2.0,2.0,4.0,4.0,2.0,2.0,2.0,2.0,2.0,2.0,2.0,5.0,5.0,6.0,11.0
6,OHiggins,6304,Lolol,0.0,0.0,0.0,0.0,0.0,0.0,0.0,0.0,0.0,0.0,0.0,0.0,0.0,0.0,0.0,0.0,0.0,1.0,3.0,3.0
6,OHiggins,6305,Nancagua,0.0,0.0,0.0,0.0,0.0,0.0,0.0,0.0,0.0,0.0,0.0,0.0,1.0,1.0,1.0,2.0,3.0,4.0,5.0,8.0
6,OHiggins,6306,Palmilla,0.0,0.0,0.0,0.0,0.0,0.0,0.0,0.0,0.0,0.0,0.0,0.0,0.0,0.0,0.0,0.0,0.0,0.0,0.0,3.0
6,OHiggins,6307,Peralillo,0.0,0.0,0.0,0.0,0.0,0.0,0.0,0.0,0.0,0.0,0.0,0.0,0.0,0.0,0.0,0.0,0.0,0.0,2.0,2.0
6,OHiggins,6308,Placilla,0.0,1.0,1.0,1.0,1.0,1.0,1.0,2.0,2.0,1.0,1.0,1.0,1.0,1.0,1.0,1.0,2.0,4.0,4.0,6.0
6,OHiggins,6309,Pumanque,0.0,0.0,0.0,0.0,0.0,0.0,0.0,0.0,0.0,0.0,0.0,0.0,0.0,0.0,0.0,0.0,0.0,0.0,0.0,0.0
6,OHiggins,6310,Santa Cruz,0.0,0.0,0.0,1.0,2.0,2.0,2.0,2.0,2.0,1.0,2.0,2.0,2.0,2.0,2.0,3.0,5.0,6.0,11.0,12.0
7,Maule,7101,Talca,34.0,37.0,42.0,48.0,51.0,51.0,51.0,57.0,91.0,133.0,145.0,149.0,160.0,162.0,163.0,166.0,191.0,203.0,247.0,283.0
7,Maule,7102,Constitución,0.0,1.0,3.0,3.0,5.0,5.0,5.0,4.0,11.0,11.0,18.0,19.0,21.0,23.0,23.0,23.0,26.0,27.0,28.0,31.0
7,Maule,7103,Curepto,0.0,0.0,0.0,0.0,2.0,3.0,3.0,3.0,3.0,7.0,8.0,8.0,8.0,8.0,8.0,9.0,9.0,10.0,12.0,14.0
7,Maule,7104,Empedrado,0.0,0.0,0.0,0.0,0.0,0.0,0.0,0.0,0.0,0.0,0.0,0.0,0.0,0.0,0.0,0.0,0.0,0.0,0.0,0.0
7,Maule,7105,Maule,2.0,2.0,2.0,2.0,3.0,3.0,4.0,5.0,10.0,13.0,22.0,22.0,23.0,23.0,24.0,24.0,28.0,29.0,36.0,45.0
7,Maule,7106,Pelarco,0.0,0.0,0.0,0.0,0.0,0.0,3.0,3.0,5.0,5.0,5.0,5.0,5.0,5.0,6.0,8.0,13.0,13.0,17.0,19.0
7,Maule,7107,Pencahue,0.0,0.0,0.0,0.0,0.0,0.0,0.0,0.0,1.0,2.0,3.0,3.0,3.0,3.0,3.0,3.0,3.0,3.0,3.0,5.0
7,Maule,7108,Río Claro,1.0,1.0,1.0,1.0,2.0,3.0,3.0,3.0,6.0,6.0,7.0,7.0,8.0,9.0,9.0,9.0,11.0,11.0,13.0,14.0
7,Maule,7109,San Clemente,0.0,0.0,0.0,0.0,0.0,0.0,0.0,0.0,4.0,7.0,9.0,9.0,10.0,10.0,14.0,19.0,23.0,25.0,36.0,44.0
7,Maule,7110,San Rafael,0.0,0.0,1.0,1.0,1.0,1.0,2.0,2.0,2.0,2.0,3.0,3.0,3.0,3.0,4.0,4.0,6.0,12.0,29.0,41.0
7,Maule,7201,Cauquenes,1.0,1.0,3.0,4.0,4.0,4.0,4.0,4.0,8.0,10.0,12.0,13.0,13.0,13.0,13.0,14.0,20.0,23.0,26.0,32.0
7,Maule,7202,Chanco,0.0,0.0,0.0,0.0,0.0,0.0,0.0,0.0,0.0,2.0,2.0,3.0,3.0,3.0,3.0,3.0,3.0,3.0,3.0,3.0
7,Maule,7203,Pelluhue,1.0,1.0,1.0,1.0,1.0,1.0,1.0,1.0,1.0,1.0,2.0,2.0,2.0,2.0,2.0,2.0,5.0,7.0,10.0,10.0
7,Maule,7301,Curicó,6.0,8.0,11.0,13.0,13.0,17.0,20.0,23.0,24.0,31.0,31.0,37.0,45.0,45.0,51.0,56.0,63.0,83.0,116.0,163.0
7,Maule,7302,Hualañé,0.0,0.0,0.0,0.0,0.0,0.0,0.0,0.0,0.0,0.0,0.0,0.0,0.0,0.0,0.0,0.0,0.0,0.0,1.0,7.0
7,Maule,7303,Licantén,0.0,0.0,0.0,0.0,0.0,0.0,0.0,0.0,1.0,2.0,2.0,2.0,2.0,2.0,2.0,2.0,2.0,2.0,2.0,2.0
7,Maule,7304,Molina,2.0,3.0,3.0,3.0,3.0,3.0,3.0,3.0,4.0,5.0,7.0,7.0,7.0,7.0,8.0,9.0,8.0,8.0,10.0,13.0
7,Maule,7305,Rauco,0.0,0.0,1.0,1.0,1.0,2.0,2.0,2.0,2.0,2.0,2.0,2.0,2.0,2.0,2.0,2.0,2.0,3.0,4.0,6.0
7,Maule,7306,Romeral,1.0,2.0,2.0,2.0,2.0,3.0,3.0,4.0,5.0,12.0,13.0,13.0,13.0,13.0,13.0,13.0,13.0,13.0,13.0,15.0
7,Maule,7307,Sagrada Familia,0.0,0.0,0.0,1.0,1.0,1.0,1.0,1.0,1.0,1.0,2.0,2.0,2.0,2.0,2.0,2.0,2.0,2.0,3.0,3.0
7,Maule,7308,Teno,0.0,0.0,0.0,0.0,0.0,1.0,1.0,1.0,1.0,2.0,2.0,2.0,4.0,4.0,5.0,7.0,8.0,8.0,9.0,11.0
7,Maule,7309,Vichuquén,0.0,0.0,0.0,0.0,0.0,0.0,0.0,0.0,0.0,0.0,0.0,0.0,0.0,0.0,0.0,0.0,0.0,0.0,0.0,0.0
7,Maule,7401,Linares,4.0,6.0,10.0,11.0,12.0,13.0,13.0,13.0,15.0,22.0,22.0,24.0,27.0,27.0,31.0,34.0,46.0,49.0,60.0,65.0
7,Maule,7402,Colbún,1.0,4.0,4.0,5.0,5.0,5.0,5.0,5.0,6.0,5.0,6.0,6.0,6.0,6.0,6.0,9.0,10.0,13.0,19.0,20.0
7,Maule,7403,Longaví,1.0,1.0,1.0,2.0,2.0,2.0,2.0,2.0,3.0,3.0,4.0,4.0,4.0,4.0,6.0,7.0,10.0,13.0,19.0,20.0
7,Maule,7404,Parral,4.0,3.0,3.0,3.0,4.0,5.0,6.0,6.0,6.0,6.0,9.0,9.0,9.0,9.0,9.0,9.0,11.0,13.0,21.0,34.0
7,Maule,7405,Retiro,0.0,0.0,0.0,0.0,0.0,0.0,1.0,1.0,2.0,2.0,1.0,1.0,1.0,1.0,2.0,2.0,2.0,2.0,3.0,6.0
7,Maule,7406,San Javier,0.0,1.0,1.0,7.0,7.0,8.0,8.0,9.0,11.0,16.0,20.0,20.0,23.0,23.0,25.0,27.0,34.0,34.0,41.0,45.0
7,Maule,7407,Villa Alegre,0.0,0.0,0.0,0.0,0.0,0.0,0.0,0.0,0.0,1.0,1.0,2.0,2.0,2.0,2.0,2.0,3.0,3.0,4.0,5.0
7,Maule,7408,Yerbas Buenas,0.0,0.0,0.0,0.0,0.0,0.0,0.0,0.0,0.0,1.0,1.0,1.0,2.0,2.0,3.0,3.0,5.0,8.0,15.0,18.0
8,Biobio,8101,Concepción,28.0,47.0,53.0,70.0,73.0,81.0,92.0,130.0,142.0,149.0,136.0,139.0,147.0,141.0,159.0,171.0,177.0,184.0,209.0,236.0
8,Biobio,8102,Coronel,0.0,11.0,12.0,13.0,18.0,18.0,18.0,15.0,15.0,15.0,16.0,18.0,21.0,22.0,29.0,30.0,39.0,46.0,56.0,66.0
8,Biobio,8103,Chiguayante,6.0,18.0,26.0,32.0,35.0,40.0,41.0,37.0,39.0,41.0,57.0,58.0,61.0,69.0,71.0,75.0,77.0,84.0,87.0,88.0
8,Biobio,8104,Florida,0.0,0.0,2.0,2.0,2.0,2.0,2.0,4.0,4.0,4.0,3.0,3.0,3.0,3.0,3.0,3.0,3.0,3.0,4.0,4.0
8,Biobio,8105,Hualqui,2.0,3.0,3.0,7.0,7.0,7.0,8.0,9.0,13.0,15.0,19.0,19.0,20.0,20.0,20.0,21.0,22.0,24.0,27.0,33.0
8,Biobio,8106,Lota,0.0,0.0,1.0,1.0,1.0,1.0,1.0,1.0,1.0,1.0,1.0,1.0,1.0,2.0,9.0,13.0,15.0,24.0,32.0,35.0
8,Biobio,8107,Penco,0.0,1.0,3.0,5.0,5.0,5.0,9.0,11.0,12.0,15.0,17.0,18.0,19.0,20.0,20.0,21.0,22.0,23.0,24.0,26.0
8,Biobio,8108,San Pedro de la Paz,18.0,50.0,56.0,63.0,71.0,73.0,80.0,75.0,75.0,85.0,99.0,99.0,100.0,106.0,109.0,112.0,117.0,119.0,133.0,147.0
8,Biobio,8109,Santa Juana,0.0,0.0,0.0,0.0,0.0,0.0,0.0,0.0,0.0,1.0,2.0,2.0,2.0,2.0,2.0,2.0,2.0,2.0,2.0,2.0
8,Biobio,8110,Talcahuano,2.0,23.0,29.0,36.0,45.0,46.0,56.0,82.0,85.0,97.0,90.0,95.0,103.0,109.0,118.0,127.0,136.0,143.0,161.0,167.0
8,Biobio,8111,Tomé,4.0,6.0,9.0,25.0,30.0,30.0,37.0,37.0,37.0,41.0,50.0,50.0,50.0,49.0,50.0,63.0,67.0,71.0,73.0,75.0
8,Biobio,8112,Hualpén,1.0,39.0,50.0,67.0,74.0,83.0,93.0,65.0,70.0,77.0,103.0,104.0,103.0,115.0,120.0,123.0,130.0,133.0,142.0,146.0
8,Biobio,8201,Lebu,0.0,0.0,0.0,0.0,0.0,0.0,0.0,0.0,0.0,0.0,0.0,0.0,0.0,0.0,0.0,2.0,2.0,2.0,2.0,2.0
8,Biobio,8202,Arauco,2.0,5.0,6.0,6.0,6.0,6.0,6.0,5.0,6.0,6.0,6.0,6.0,6.0,6.0,11.0,15.0,15.0,18.0,28.0,34.0
8,Biobio,8203,Cañete,0.0,0.0,0.0,0.0,0.0,0.0,0.0,0.0,0.0,0.0,0.0,0.0,0.0,0.0,1.0,0.0,0.0,0.0,3.0,9.0
8,Biobio,8204,Contulmo,0.0,0.0,0.0,0.0,0.0,0.0,0.0,0.0,0.0,0.0,0.0,0.0,0.0,0.0,0.0,0.0,0.0,0.0,0.0,0.0
8,Biobio,8205,Curanilahue,0.0,1.0,1.0,1.0,1.0,1.0,1.0,1.0,1.0,1.0,2.0,2.0,1.0,1.0,3.0,3.0,4.0,5.0,5.0,5.0
8,Biobio,8206,Los Álamos,0.0,0.0,0.0,0.0,0.0,0.0,0.0,0.0,0.0,0.0,1.0,1.0,1.0,1.0,1.0,1.0,1.0,1.0,1.0,2.0
8,Biobio,8207,Tirúa,0.0,0.0,2.0,4.0,4.0,4.0,4.0,4.0,4.0,4.0,4.0,4.0,4.0,4.0,4.0,4.0,4.0,4.0,4.0,4.0
8,Biobio,8301,Los Ángeles,11.0,15.0,12.0,17.0,22.0,22.0,22.0,25.0,26.0,30.0,31.0,31.0,31.0,31.0,33.0,45.0,71.0,96.0,137.0,160.0
8,Biobio,8302,Antuco,0.0,0.0,0.0,0.0,0.0,0.0,0.0,0.0,0.0,0.0,0.0,0.0,0.0,0.0,1.0,2.0,3.0,4.0,4.0,4.0
8,Biobio,8303,Cabrero,0.0,0.0,1.0,1.0,1.0,4.0,7.0,8.0,9.0,9.0,13.0,15.0,16.0,16.0,22.0,22.0,23.0,24.0,26.0,26.0
8,Biobio,8304,Laja,1.0,2.0,3.0,5.0,5.0,5.0,6.0,7.0,7.0,7.0,10.0,12.0,12.0,12.0,15.0,24.0,42.0,51.0,54.0,57.0
8,Biobio,8305,Mulchén,2.0,5.0,5.0,5.0,5.0,5.0,5.0,5.0,5.0,5.0,5.0,5.0,5.0,6.0,7.0,9.0,10.0,11.0,11.0,11.0
8,Biobio,8306,Nacimiento,1.0,2.0,2.0,2.0,4.0,5.0,9.0,10.0,10.0,10.0,10.0,10.0,10.0,12.0,16.0,20.0,21.0,24.0,28.0,32.0
8,Biobio,8307,Negrete,0.0,0.0,0.0,1.0,2.0,2.0,2.0,2.0,2.0,2.0,2.0,2.0,2.0,2.0,2.0,5.0,9.0,16.0,25.0,27.0
8,Biobio,8308,Quilaco,0.0,0.0,0.0,0.0,0.0,0.0,0.0,0.0,0.0,0.0,0.0,0.0,0.0,0.0,0.0,0.0,0.0,0.0,0.0,0.0
8,Biobio,8309,Quilleco,0.0,0.0,0.0,0.0,0.0,0.0,0.0,0.0,0.0,1.0,1.0,0.0,0.0,0.0,0.0,0.0,0.0,0.0,0.0,1.0
8,Biobio,8310,San Rosendo,0.0,0.0,0.0,0.0,0.0,0.0,0.0,0.0,0.0,0.0,0.0,0.0,0.0,0.0,0.0,0.0,0.0,2.0,2.0,2.0
8,Biobio,8311,Santa Bárbara,1.0,2.0,2.0,2.0,2.0,2.0,2.0,3.0,3.0,3.0,3.0,2.0,2.0,2.0,2.0,2.0,7.0,13.0,14.0,18.0
8,Biobio,8312,Tucapel,0.0,0.0,0.0,0.0,1.0,1.0,1.0,0.0,1.0,1.0,1.0,1.0,1.0,1.0,1.0,1.0,1.0,4.0,4.0,7.0
8,Biobio,8313,Yumbel,5.0,5.0,5.0,5.0,5.0,5.0,5.0,5.0,5.0,6.0,6.0,6.0,6.0,7.0,10.0,14.0,14.0,14.0,14.0,19.0
8,Biobio,8314,Alto Biobío,1.0,0.0,0.0,0.0,0.0,0.0,0.0,1.0,1.0,1.0,0.0,0.0,0.0,0.0,0.0,0.0,0.0,0.0,1.0,17.0
9,Araucania,9101,Temuco,154.0,225.0,293.0,365.0,407.0,443.0,471.0,506.0,547.0,605.0,644.0,665.0,673.0,683.0,711.0,734.0,752.0,782.0,793.0,812.0
9,Araucania,9102,Carahue,1.0,2.0,2.0,3.0,6.0,6.0,18.0,20.0,22.0,26.0,30.0,31.0,30.0,34.0,35.0,36.0,35.0,36.0,39.0,45.0
9,Araucania,9103,Cunco,0.0,0.0,0.0,5.0,5.0,5.0,5.0,6.0,6.0,6.0,6.0,6.0,5.0,5.0,6.0,6.0,6.0,7.0,20.0,26.0
9,Araucania,9104,Curarrehue,1.0,2.0,3.0,3.0,4.0,4.0,4.0,4.0,4.0,4.0,4.0,4.0,4.0,4.0,4.0,4.0,4.0,4.0,4.0,4.0
9,Araucania,9105,Freire,2.0,2.0,5.0,5.0,5.0,5.0,5.0,5.0,5.0,6.0,7.0,7.0,7.0,7.0,7.0,9.0,19.0,26.0,29.0,40.0
9,Araucania,9106,Galvarino,1.0,1.0,1.0,2.0,2.0,2.0,2.0,2.0,2.0,2.0,2.0,2.0,2.0,2.0,4.0,4.0,4.0,4.0,3.0,4.0
9,Araucania,9107,Gorbea,4.0,6.0,7.0,10.0,10.0,10.0,10.0,10.0,10.0,10.0,12.0,12.0,12.0,12.0,13.0,13.0,14.0,15.0,17.0,18.0
9,Araucania,9108,Lautaro,2.0,8.0,10.0,16.0,19.0,19.0,22.0,25.0,27.0,30.0,34.0,38.0,38.0,40.0,45.0,53.0,55.0,55.0,56.0,61.0
9,Araucania,9109,Loncoche,2.0,2.0,4.0,4.0,6.0,6.0,6.0,9.0,9.0,9.0,9.0,10.0,18.0,18.0,20.0,20.0,20.0,20.0,21.0,21.0
9,Araucania,9110,Melipeuco,0.0,0.0,0.0,0.0,0.0,0.0,0.0,0.0,0.0,0.0,0.0,0.0,0.0,0.0,0.0,0.0,0.0,0.0,0.0,3.0
9,Araucania,9111,Nueva Imperial,0.0,2.0,11.0,16.0,20.0,22.0,25.0,32.0,34.0,37.0,36.0,44.0,47.0,47.0,41.0,44.0,52.0,52.0,52.0,53.0
9,Araucania,9112,Padre Las Casas,9.0,14.0,33.0,44.0,49.0,49.0,49.0,52.0,58.0,71.0,78.0,87.0,98.0,99.0,100.0,101.0,115.0,119.0,127.0,135.0
9,Araucania,9113,Perquenco,1.0,1.0,2.0,1.0,2.0,2.0,3.0,3.0,4.0,6.0,6.0,6.0,5.0,5.0,5.0,5.0,5.0,5.0,5.0,5.0
9,Araucania,9114,Pitrufquén,4.0,6.0,7.0,11.0,12.0,12.0,16.0,18.0,17.0,19.0,19.0,19.0,20.0,20.0,18.0,18.0,18.0,20.0,25.0,33.0
9,Araucania,9115,Pucón,3.0,3.0,3.0,4.0,5.0,5.0,5.0,6.0,10.0,11.0,12.0,14.0,14.0,14.0,16.0,16.0,17.0,18.0,19.0,24.0
9,Araucania,9116,Saavedra,0.0,0.0,1.0,1.0,1.0,1.0,1.0,0.0,1.0,8.0,15.0,16.0,24.0,33.0,42.0,52.0,67.0,74.0,80.0,82.0
9,Araucania,9117,Teodoro Schmidt,0.0,4.0,2.0,3.0,3.0,4.0,5.0,5.0,5.0,5.0,6.0,6.0,6.0,6.0,5.0,5.0,5.0,5.0,7.0,6.0
9,Araucania,9118,Toltén,1.0,3.0,4.0,5.0,7.0,7.0,7.0,6.0,6.0,6.0,6.0,6.0,6.0,6.0,8.0,8.0,8.0,8.0,8.0,14.0
9,Araucania,9119,Vilcún,4.0,5.0,11.0,18.0,20.0,20.0,24.0,27.0,29.0,37.0,39.0,39.0,44.0,45.0,48.0,50.0,58.0,60.0,63.0,70.0
9,Araucania,9120,Villarrica,1.0,4.0,6.0,11.0,15.0,15.0,18.0,19.0,17.0,18.0,19.0,19.0,20.0,20.0,21.0,22.0,21.0,22.0,22.0,23.0
9,Araucania,9121,Cholchol,1.0,2.0,3.0,2.0,3.0,4.0,4.0,4.0,5.0,5.0,5.0,5.0,6.0,6.0,4.0,4.0,5.0,5.0,6.0,6.0
9,Araucania,9201,Angol,7.0,13.0,12.0,15.0,23.0,24.0,28.0,36.0,38.0,51.0,75.0,80.0,106.0,110.0,112.0,118.0,122.0,124.0,127.0,138.0
9,Araucania,9202,Collipulli,0.0,0.0,0.0,0.0,0.0,0.0,1.0,1.0,0.0,1.0,2.0,3.0,4.0,4.0,6.0,6.0,6.0,7.0,12.0,20.0
9,Araucania,9203,Curacautín,0.0,0.0,0.0,2.0,3.0,5.0,5.0,5.0,5.0,5.0,6.0,6.0,5.0,6.0,6.0,7.0,7.0,7.0,7.0,7.0
9,Araucania,9204,Ercilla,0.0,0.0,0.0,0.0,2.0,2.0,3.0,3.0,4.0,7.0,8.0,8.0,10.0,10.0,11.0,11.0,11.0,11.0,11.0,11.0
9,Araucania,9205,Lonquimay,0.0,0.0,0.0,0.0,0.0,0.0,0.0,0.0,0.0,0.0,0.0,0.0,0.0,0.0,5.0,9.0,18.0,31.0,55.0,60.0
9,Araucania,9206,Los Sauces,0.0,0.0,0.0,0.0,0.0,0.0,0.0,0.0,0.0,0.0,0.0,0.0,1.0,1.0,1.0,1.0,1.0,1.0,1.0,1.0
9,Araucania,9207,Lumaco,0.0,0.0,0.0,0.0,0.0,0.0,0.0,0.0,0.0,0.0,0.0,1.0,6.0,6.0,7.0,7.0,7.0,7.0,8.0,8.0
9,Araucania,9208,Purén,0.0,1.0,1.0,2.0,2.0,2.0,2.0,2.0,2.0,2.0,2.0,2.0,3.0,4.0,6.0,7.0,7.0,7.0,7.0,7.0
9,Araucania,9209,Renaico,0.0,0.0,0.0,0.0,1.0,1.0,2.0,2.0,2.0,3.0,4.0,4.0,4.0,5.0,12.0,12.0,14.0,16.0,19.0,21.0
9,Araucania,9210,Traiguén,0.0,0.0,0.0,0.0,0.0,1.0,2.0,2.0,2.0,3.0,3.0,3.0,2.0,2.0,2.0,2.0,3.0,5.0,8.0,9.0
9,Araucania,9211,Victoria,5.0,7.0,11.0,12.0,15.0,15.0,15.0,13.0,13.0,28.0,55.0,58.0,70.0,71.0,78.0,78.0,80.0,80.0,81.0,84.0
10,Los Lagos,10101,Puerto Montt,34.0,44.0,25.0,35.0,37.0,39.0,68.0,73.0,76.0,75.0,73.0,73.0,52.0,52.0,52.0,54.0,62.0,63.0,88.0,110.0
10,Los Lagos,10102,Calbuco,4.0,5.0,5.0,5.0,5.0,5.0,7.0,5.0,8.0,6.0,7.0,7.0,7.0,7.0,7.0,8.0,8.0,8.0,8.0,8.0
10,Los Lagos,10103,Cochamó,0.0,0.0,0.0,0.0,0.0,0.0,0.0,0.0,1.0,1.0,1.0,1.0,1.0,1.0,1.0,1.0,1.0,1.0,1.0,1.0
10,Los Lagos,10104,Fresia,0.0,0.0,0.0,0.0,0.0,0.0,0.0,0.0,1.0,1.0,0.0,0.0,0.0,0.0,0.0,0.0,0.0,0.0,0.0,0.0
10,Los Lagos,10105,Frutillar,0.0,0.0,1.0,3.0,3.0,3.0,5.0,6.0,6.0,6.0,6.0,6.0,6.0,6.0,6.0,6.0,7.0,7.0,7.0,9.0
10,Los Lagos,10106,Los Muermos,1.0,1.0,1.0,1.0,1.0,1.0,1.0,1.0,1.0,1.0,1.0,1.0,1.0,1.0,1.0,2.0,2.0,2.0,2.0,2.0
10,Los Lagos,10107,Llanquihue,0.0,0.0,0.0,0.0,0.0,0.0,3.0,1.0,2.0,1.0,1.0,1.0,1.0,1.0,1.0,6.0,6.0,6.0,6.0,6.0
10,Los Lagos,10108,Maullín,0.0,0.0,0.0,0.0,0.0,1.0,1.0,1.0,2.0,1.0,1.0,1.0,1.0,1.0,1.0,1.0,1.0,3.0,14.0,15.0
10,Los Lagos,10109,Puerto Varas,1.0,1.0,2.0,4.0,3.0,3.0,6.0,7.0,8.0,8.0,9.0,9.0,9.0,8.0,8.0,8.0,8.0,9.0,11.0,15.0
10,Los Lagos,10201,Castro,1.0,1.0,1.0,4.0,6.0,7.0,7.0,7.0,7.0,7.0,7.0,7.0,8.0,8.0,7.0,7.0,8.0,8.0,8.0,8.0
10,Los Lagos,10202,Ancud,0.0,0.0,0.0,0.0,2.0,3.0,3.0,3.0,3.0,8.0,9.0,9.0,10.0,15.0,23.0,48.0,60.0,66.0,83.0,83.0
10,Los Lagos,10203,Chonchi,0.0,0.0,0.0,0.0,0.0,0.0,0.0,0.0,0.0,0.0,0.0,0.0,0.0,0.0,0.0,0.0,0.0,0.0,0.0,0.0
10,Los Lagos,10204,Curaco de Vélez,0.0,0.0,0.0,0.0,0.0,0.0,0.0,0.0,0.0,0.0,0.0,0.0,0.0,0.0,0.0,0.0,0.0,0.0,0.0,0.0
10,Los Lagos,10205,Dalcahue,0.0,0.0,0.0,0.0,0.0,0.0,0.0,0.0,0.0,0.0,0.0,0.0,0.0,0.0,0.0,0.0,0.0,0.0,2.0,6.0
10,Los Lagos,10206,Puqueldón,0.0,0.0,0.0,0.0,0.0,0.0,0.0,0.0,0.0,0.0,0.0,0.0,0.0,0.0,0.0,0.0,0.0,0.0,0.0,0.0
10,Los Lagos,10207,Queilén,0.0,0.0,0.0,0.0,0.0,0.0,0.0,0.0,0.0,0.0,0.0,0.0,0.0,0.0,0.0,0.0,0.0,0.0,0.0,0.0
10,Los Lagos,10208,Quellón,0.0,0.0,0.0,0.0,0.0,0.0,0.0,0.0,0.0,0.0,0.0,0.0,0.0,1.0,1.0,1.0,1.0,1.0,1.0,1.0
10,Los Lagos,10209,Quemchi,0.0,0.0,0.0,0.0,0.0,0.0,0.0,0.0,0.0,0.0,0.0,0.0,0.0,0.0,0.0,0.0,0.0,0.0,4.0,5.0
10,Los Lagos,10210,Quinchao,1.0,1.0,1.0,1.0,1.0,1.0,1.0,1.0,1.0,1.0,1.0,1.0,1.0,1.0,1.0,1.0,1.0,1.0,1.0,1.0
10,Los Lagos,10301,Osorno,66.0,120.0,163.0,190.0,207.0,220.0,232.0,241.0,249.0,265.0,278.0,282.0,306.0,315.0,320.0,324.0,340.0,341.0,343.0,343.0
10,Los Lagos,10302,Puerto Octay,1.0,1.0,1.0,1.0,1.0,1.0,1.0,1.0,1.0,1.0,2.0,4.0,4.0,3.0,5.0,5.0,5.0,5.0,5.0,5.0
10,Los Lagos,10303,Purranque,0.0,1.0,5.0,5.0,11.0,16.0,16.0,16.0,16.0,16.0,17.0,17.0,19.0,23.0,27.0,27.0,30.0,30.0,32.0,35.0
10,Los Lagos,10304,Puyehue,1.0,1.0,1.0,1.0,2.0,2.0,2.0,1.0,1.0,1.0,1.0,2.0,4.0,4.0,6.0,6.0,6.0,6.0,7.0,7.0
10,Los Lagos,10305,Río Negro,0.0,0.0,1.0,1.0,1.0,2.0,3.0,3.0,4.0,4.0,5.0,5.0,10.0,13.0,18.0,19.0,25.0,25.0,26.0,27.0
10,Los Lagos,10306,San Juan de la Costa,0.0,0.0,0.0,7.0,11.0,11.0,14.0,13.0,15.0,16.0,22.0,24.0,26.0,29.0,27.0,32.0,34.0,34.0,34.0,34.0
10,Los Lagos,10307,San Pablo,1.0,1.0,2.0,2.0,6.0,6.0,6.0,6.0,6.0,8.0,8.0,8.0,9.0,10.0,9.0,9.0,9.0,10.0,10.0,12.0
10,Los Lagos,10401,Chaitén,0.0,1.0,1.0,1.0,1.0,1.0,1.0,1.0,1.0,1.0,1.0,1.0,1.0,1.0,1.0,1.0,1.0,1.0,1.0,1.0
10,Los Lagos,10402,Futaleufú,0.0,0.0,0.0,0.0,0.0,0.0,0.0,0.0,0.0,0.0,0.0,0.0,0.0,0.0,0.0,0.0,0.0,0.0,1.0,1.0
10,Los Lagos,10403,Hualaihué,1.0,3.0,3.0,3.0,3.0,3.0,3.0,3.0,3.0,3.0,3.0,3.0,3.0,3.0,3.0,3.0,3.0,3.0,3.0,3.0
10,Los Lagos,10404,Palena,0.0,0.0,0.0,0.0,0.0,0.0,0.0,0.0,0.0,0.0,0.0,0.0,0.0,0.0,0.0,0.0,0.0,0.0,0.0,0.0
11,Aisen,11101,Coyhaique,2.0,2.0,2.0,1.0,1.0,1.0,1.0,2.0,2.0,3.0,3.0,3.0,2.0,2.0,3.0,3.0,3.0,3.0,3.0,5.0
11,Aisen,11102,Lago Verde,0.0,0.0,0.0,0.0,0.0,0.0,0.0,0.0,0.0,0.0,0.0,0.0,0.0,0.0,0.0,0.0,0.0,0.0,0.0,0.0
11,Aisen,11201,Aisén,1.0,,4.0,5.0,4.0,4.0,4.0,3.0,3.0,1.0,1.0,1.0,1.0,1.0,1.0,1.0,1.0,1.0,1.0,1.0
11,Aisen,11202,Cisnes,0.0,0.0,0.0,0.0,0.0,0.0,0.0,0.0,0.0,0.0,0.0,0.0,0.0,0.0,0.0,0.0,0.0,0.0,0.0,0.0
11,Aisen,11203,Guaitecas,0.0,0.0,0.0,0.0,0.0,0.0,0.0,0.0,0.0,0.0,0.0,0.0,0.0,0.0,0.0,0.0,0.0,0.0,0.0,0.0
11,Aisen,11301,Cochrane,0.0,0.0,0.0,0.0,0.0,0.0,0.0,0.0,0.0,0.0,0.0,0.0,0.0,0.0,0.0,0.0,0.0,0.0,0.0,0.0
11,Aisen,11302,O'Higgins,0.0,0.0,0.0,0.0,0.0,0.0,0.0,0.0,0.0,0.0,0.0,0.0,0.0,0.0,0.0,0.0,0.0,0.0,0.0,0.0
11,Aisen,11303,Tortel,0.0,0.0,0.0,0.0,1.0,1.0,1.0,1.0,1.0,0.0,0.0,0.0,0.0,0.0,0.0,0.0,0.0,0.0,0.0,0.0
11,Aisen,11401,Chile Chico,0.0,0.0,0.0,1.0,1.0,1.0,1.0,1.0,1.0,1.0,1.0,1.0,1.0,1.0,1.0,1.0,1.0,1.0,1.0,1.0
11,Aisen,11402,Río Ibáñez,0.0,0.0,0.0,0.0,0.0,0.0,0.0,0.0,0.0,0.0,0.0,0.0,0.0,0.0,0.0,0.0,0.0,0.0,0.0,0.0
12,Magallanes y la Antartica Chilena,12101,Punta Arenas,29.0,87.0,143.0,203.0,207.0,299.0,387.0,416.0,470.0,516.0,581.0,623.0,685.0,744.0,825.0,858.0,893.0,925.0,945.0,968.0
12,Magallanes y la Antartica Chilena,12102,Laguna Blanca,0.0,0.0,0.0,0.0,0.0,0.0,0.0,0.0,0.0,0.0,0.0,0.0,0.0,0.0,0.0,0.0,0.0,0.0,1.0,1.0
12,Magallanes y la Antartica Chilena,12103,Río Verde,0.0,0.0,0.0,0.0,0.0,0.0,0.0,0.0,0.0,0.0,0.0,0.0,0.0,0.0,0.0,0.0,0.0,0.0,0.0,0.0
12,Magallanes y la Antartica Chilena,12104,San Gregorio,0.0,0.0,0.0,0.0,0.0,0.0,0.0,0.0,0.0,0.0,0.0,0.0,0.0,0.0,1.0,1.0,2.0,2.0,3.0,3.0
12,Magallanes y la Antartica Chilena,12201,Cabo de Hornos,5.0,6.0,6.0,10.0,11.0,13.0,18.0,18.0,18.0,17.0,17.0,19.0,19.0,19.0,19.0,20.0,20.0,20.0,21.0,22.0
12,Magallanes y la Antartica Chilena,12202,Antártica,0.0,0.0,0.0,0.0,0.0,0.0,0.0,0.0,0.0,0.0,0.0,0.0,0.0,0.0,0.0,0.0,0.0,0.0,0.0,0.0
12,Magallanes y la Antartica Chilena,12301,Porvenir,0.0,2.0,2.0,3.0,3.0,3.0,4.0,4.0,5.0,8.0,8.0,8.0,8.0,8.0,9.0,9.0,9.0,9.0,9.0,9.0
12,Magallanes y la Antartica Chilena,12302,Primavera,0.0,0.0,0.0,0.0,0.0,0.0,0.0,0.0,1.0,1.0,1.0,1.0,1.0,1.0,1.0,1.0,1.0,1.0,1.0,1.0
12,Magallanes y la Antartica Chilena,12303,Timaukel,0.0,0.0,0.0,0.0,0.0,0.0,0.0,0.0,0.0,0.0,0.0,0.0,0.0,0.0,0.0,0.0,0.0,0.0,0.0,0.0
12,Magallanes y la Antartica Chilena,12401,Natales,1.0,4.0,5.0,5.0,5.0,6.0,6.0,6.0,7.0,6.0,7.0,8.0,8.0,8.0,9.0,9.0,9.0,11.0,12.0,12.0
12,Magallanes y la Antartica Chilena,12402,Torres del Paine,0.0,0.0,0.0,0.0,0.0,0.0,0.0,0.0,0.0,0.0,0.0,0.0,0.0,1.0,1.0,0.0,0.0,0.0,0.0,0.0
13,Region Metropolitana,13101,Santiago,127.0,156.0,173.0,234.0,271.0,321.0,375.0,404.0,463.0,500.0,608.0,700.0,980.0,1294.0,1666.0,1873.0,2627.0,2961.0,3935.0,4618.0
13,Region Metropolitana,13102,Cerrillos,3.0,4.0,4.0,5.0,11.0,21.0,29.0,39.0,48.0,53.0,66.0,80.0,129.0,241.0,308.0,329.0,432.0,485.0,639.0,758.0
13,Region Metropolitana,13103,Cerro Navia,19.0,21.0,26.0,31.0,36.0,42.0,57.0,65.0,79.0,99.0,118.0,135.0,179.0,227.0,284.0,387.0,476.0,541.0,851.0,993.0
13,Region Metropolitana,13104,Conchalí,14.0,18.0,22.0,32.0,38.0,47.0,52.0,56.0,64.0,80.0,98.0,113.0,187.0,295.0,406.0,470.0,626.0,708.0,1063.0,1370.0
13,Region Metropolitana,13105,El Bosque,18.0,28.0,35.0,37.0,46.0,64.0,83.0,93.0,107.0,127.0,145.0,177.0,236.0,275.0,377.0,439.0,612.0,728.0,1026.0,1164.0
13,Region Metropolitana,13106,Estación Central,16.0,22.0,25.0,36.0,41.0,61.0,71.0,89.0,101.0,120.0,162.0,207.0,341.0,447.0,578.0,679.0,954.0,1100.0,1466.0,1700.0
13,Region Metropolitana,13107,Huechuraba,17.0,19.0,22.0,32.0,35.0,38.0,48.0,53.0,59.0,66.0,77.0,82.0,113.0,150.0,220.0,263.0,375.0,413.0,669.0,840.0
13,Region Metropolitana,13108,Independencia,15.0,17.0,22.0,26.0,31.0,37.0,52.0,60.0,80.0,115.0,196.0,246.0,431.0,594.0,836.0,992.0,1199.0,1330.0,1699.0,1984.0
13,Region Metropolitana,13109,La Cisterna,10.0,12.0,12.0,20.0,26.0,34.0,39.0,45.0,47.0,61.0,73.0,84.0,122.0,143.0,205.0,251.0,348.0,427.0,646.0,719.0
13,Region Metropolitana,13110,La Florida,43.0,58.0,67.0,91.0,103.0,126.0,165.0,176.0,211.0,231.0,282.0,328.0,428.0,578.0,824.0,1071.0,1538.0,1887.0,2514.0,3256.0
13,Region Metropolitana,13111,La Granja,5.0,8.0,16.0,24.0,26.0,36.0,46.0,51.0,60.0,69.0,80.0,95.0,138.0,193.0,276.0,348.0,635.0,800.0,1260.0,1769.0
13,Region Metropolitana,13112,La Pintana,2.0,10.0,13.0,18.0,25.0,39.0,55.0,70.0,88.0,107.0,128.0,195.0,269.0,345.0,483.0,561.0,840.0,1067.0,1432.0,1804.0
13,Region Metropolitana,13113,La Reina,24.0,26.0,30.0,35.0,44.0,52.0,54.0,56.0,59.0,62.0,65.0,84.0,108.0,136.0,173.0,195.0,247.0,294.0,384.0,485.0
13,Region Metropolitana,13114,Las Condes,181.0,208.0,224.0,258.0,266.0,281.0,296.0,306.0,320.0,326.0,346.0,355.0,409.0,477.0,626.0,738.0,961.0,1084.0,1439.0,1765.0
13,Region Metropolitana,13115,Lo Barnechea,68.0,78.0,85.0,97.0,105.0,110.0,116.0,125.0,144.0,157.0,170.0,194.0,238.0,273.0,381.0,422.0,520.0,576.0,742.0,892.0
13,Region Metropolitana,13116,Lo Espejo,4.0,7.0,9.0,15.0,23.0,34.0,48.0,56.0,60.0,67.0,80.0,100.0,130.0,162.0,222.0,258.0,423.0,525.0,788.0,895.0
13,Region Metropolitana,13117,Lo Prado,14.0,18.0,20.0,25.0,32.0,35.0,43.0,47.0,62.0,75.0,88.0,111.0,170.0,210.0,258.0,329.0,390.0,435.0,617.0,721.0
13,Region Metropolitana,13118,Macul,10.0,15.0,23.0,34.0,37.0,43.0,49.0,51.0,57.0,64.0,89.0,110.0,136.0,181.0,272.0,336.0,524.0,671.0,949.0,1157.0
13,Region Metropolitana,13119,Maipú,43.0,55.0,64.0,83.0,106.0,167.0,203.0,241.0,284.0,312.0,364.0,399.0,480.0,580.0,718.0,844.0,1212.0,1347.0,2000.0,2537.0
13,Region Metropolitana,13120,Ñuñoa,67.0,84.0,93.0,107.0,118.0,155.0,171.0,188.0,217.0,240.0,269.0,291.0,329.0,365.0,435.0,480.0,692.0,792.0,1091.0,1315.0
13,Region Metropolitana,13121,Pedro Aguirre Cerda,7.0,13.0,13.0,16.0,19.0,36.0,54.0,70.0,78.0,89.0,109.0,129.0,180.0,229.0,294.0,349.0,525.0,657.0,890.0,994.0
13,Region Metropolitana,13122,Peñalolén,31.0,46.0,54.0,65.0,78.0,98.0,131.0,137.0,162.0,187.0,209.0,254.0,322.0,404.0,570.0,779.0,1157.0,1469.0,2160.0,2878.0
13,Region Metropolitana,13123,Providencia,82.0,87.0,94.0,104.0,115.0,129.0,136.0,147.0,164.0,180.0,196.0,200.0,226.0,250.0,309.0,372.0,472.0,520.0,706.0,846.0
13,Region Metropolitana,13124,Pudahuel,17.0,25.0,32.0,44.0,52.0,67.0,78.0,88.0,103.0,118.0,137.0,167.0,233.0,288.0,372.0,491.0,622.0,744.0,1095.0,1376.0
13,Region Metropolitana,13125,Quilicura,17.0,29.0,33.0,51.0,57.0,79.0,94.0,101.0,112.0,129.0,164.0,236.0,423.0,546.0,758.0,826.0,1080.0,1193.0,1593.0,1968.0
13,Region Metropolitana,13126,Quinta Normal,21.0,25.0,35.0,41.0,57.0,69.0,84.0,105.0,125.0,149.0,172.0,194.0,262.0,306.0,377.0,459.0,560.0,627.0,879.0,1036.0
13,Region Metropolitana,13127,Recoleta,17.0,23.0,32.0,44.0,52.0,61.0,73.0,81.0,107.0,126.0,174.0,226.0,398.0,602.0,889.0,1028.0,1330.0,1516.0,2135.0,2560.0
13,Region Metropolitana,13128,Renca,9.0,14.0,18.0,19.0,22.0,28.0,42.0,50.0,70.0,82.0,107.0,131.0,185.0,255.0,342.0,418.0,510.0,605.0,967.0,1129.0
13,Region Metropolitana,13129,San Joaquín,13.0,24.0,28.0,36.0,42.0,52.0,58.0,68.0,84.0,101.0,118.0,149.0,183.0,267.0,395.0,475.0,727.0,904.0,1325.0,1427.0
13,Region Metropolitana,13130,San Miguel,25.0,32.0,39.0,49.0,56.0,69.0,86.0,97.0,111.0,131.0,152.0,173.0,213.0,255.0,350.0,405.0,563.0,665.0,1015.0,1205.0
13,Region Metropolitana,13131,San Ramón,1.0,6.0,9.0,9.0,12.0,18.0,20.0,27.0,32.0,42.0,66.0,90.0,144.0,220.0,327.0,381.0,638.0,719.0,1069.0,1329.0
13,Region Metropolitana,13132,Vitacura,83.0,90.0,100.0,114.0,114.0,119.0,127.0,128.0,130.0,132.0,133.0,138.0,152.0,164.0,211.0,251.0,325.0,370.0,485.0,569.0
13,Region Metropolitana,13201,Puente Alto,45.0,58.0,76.0,119.0,166.0,239.0,322.0,374.0,472.0,562.0,688.0,764.0,889.0,1129.0,1404.0,1658.0,2165.0,2780.0,3658.0,4495.0
13,Region Metropolitana,13202,Pirque,0.0,2.0,2.0,4.0,4.0,9.0,10.0,12.0,13.0,14.0,16.0,19.0,30.0,43.0,51.0,58.0,92.0,107.0,136.0,169.0
13,Region Metropolitana,13203,San José de Maipo,2.0,2.0,2.0,3.0,3.0,4.0,4.0,4.0,4.0,4.0,7.0,8.0,12.0,23.0,35.0,42.0,61.0,73.0,102.0,137.0
13,Region Metropolitana,13301,Colina,32.0,39.0,47.0,50.0,62.0,66.0,74.0,77.0,81.0,90.0,95.0,103.0,129.0,152.0,230.0,289.0,429.0,490.0,781.0,999.0
13,Region Metropolitana,13302,Lampa,10.0,10.0,13.0,14.0,18.0,26.0,37.0,41.0,45.0,48.0,58.0,68.0,96.0,117.0,172.0,197.0,278.0,306.0,463.0,660.0
13,Region Metropolitana,13303,Tiltil,2.0,,3.0,3.0,4.0,4.0,4.0,4.0,4.0,5.0,5.0,5.0,9.0,12.0,12.0,13.0,21.0,24.0,40.0,69.0
13,Region Metropolitana,13401,San Bernardo,32.0,41.0,53.0,74.0,79.0,117.0,140.0,156.0,198.0,237.0,318.0,372.0,435.0,544.0,683.0,773.0,1018.0,1247.0,1807.0,2116.0
13,Region Metropolitana,13402,Buin,7.0,8.0,14.0,20.0,20.0,29.0,36.0,40.0,43.0,47.0,53.0,60.0,81.0,92.0,114.0,152.0,216.0,258.0,358.0,432.0
13,Region Metropolitana,13403,Calera de Tango,6.0,7.0,7.0,7.0,8.0,8.0,10.0,10.0,11.0,14.0,15.0,15.0,17.0,17.0,21.0,23.0,29.0,32.0,50.0,66.0
13,Region Metropolitana,13404,Paine,3.0,3.0,3.0,3.0,3.0,7.0,8.0,9.0,10.0,11.0,13.0,15.0,21.0,26.0,47.0,56.0,108.0,126.0,177.0,198.0
13,Region Metropolitana,13501,Melipilla,6.0,8.0,9.0,11.0,12.0,16.0,17.0,19.0,25.0,35.0,40.0,48.0,74.0,110.0,119.0,136.0,168.0,197.0,310.0,412.0
13,Region Metropolitana,13502,Alhué,0.0,0.0,0.0,0.0,0.0,0.0,0.0,0.0,0.0,0.0,0.0,0.0,0.0,0.0,0.0,0.0,0.0,0.0,2.0,3.0
13,Region Metropolitana,13503,Curacaví,5.0,5.0,5.0,8.0,9.0,10.0,13.0,14.0,14.0,14.0,15.0,15.0,19.0,23.0,25.0,35.0,65.0,83.0,116.0,149.0
13,Region Metropolitana,13504,María Pinto,0.0,0.0,0.0,0.0,0.0,0.0,0.0,0.0,1.0,1.0,1.0,1.0,3.0,3.0,3.0,3.0,3.0,5.0,12.0,16.0
13,Region Metropolitana,13505,San Pedro,0.0,0.0,0.0,0.0,0.0,0.0,0.0,0.0,0.0,1.0,2.0,2.0,8.0,10.0,12.0,15.0,17.0,18.0,25.0,26.0
13,Region Metropolitana,13601,Talagante,3.0,5.0,6.0,11.0,14.0,18.0,21.0,24.0,26.0,27.0,30.0,33.0,37.0,42.0,48.0,68.0,88.0,105.0,155.0,183.0
13,Region Metropolitana,13602,El Monte,1.0,1.0,2.0,5.0,7.0,9.0,10.0,10.0,12.0,12.0,13.0,16.0,21.0,21.0,24.0,29.0,31.0,52.0,80.0,91.0
13,Region Metropolitana,13603,Isla de Maipo,0.0,1.0,1.0,4.0,7.0,10.0,10.0,11.0,11.0,11.0,11.0,13.0,14.0,15.0,17.0,20.0,23.0,27.0,41.0,46.0
13,Region Metropolitana,13604,Padre Hurtado,10.0,11.0,14.0,16.0,18.0,20.0,26.0,27.0,28.0,32.0,35.0,40.0,55.0,66.0,79.0,96.0,125.0,135.0,202.0,243.0
13,Region Metropolitana,13605,Peñaflor,10.0,13.0,13.0,18.0,18.0,20.0,25.0,26.0,29.0,35.0,44.0,51.0,67.0,76.0,87.0,102.0,130.0,155.0,222.0,274.0
14,Los Rios,14101,Valdivia,12.0,45.0,47.0,65.0,72.0,82.0,88.0,97.0,101.0,101.0,105.0,107.0,110.0,121.0,121.0,122.0,124.0,125.0,147.0,154.0
14,Los Rios,14102,Corral,0.0,0.0,0.0,0.0,0.0,0.0,0.0,1.0,1.0,1.0,1.0,1.0,1.0,1.0,2.0,3.0,11.0,11.0,11.0,13.0
14,Los Rios,14103,Lanco,0.0,1.0,1.0,2.0,2.0,2.0,2.0,4.0,4.0,4.0,5.0,5.0,5.0,7.0,9.0,9.0,9.0,9.0,9.0,9.0
14,Los Rios,14104,Los Lagos,0.0,0.0,0.0,0.0,0.0,0.0,0.0,0.0,0.0,0.0,0.0,0.0,0.0,0.0,0.0,0.0,0.0,0.0,0.0,2.0
14,Los Rios,14105,Máfil,1.0,1.0,1.0,1.0,1.0,1.0,1.0,1.0,1.0,1.0,2.0,2.0,2.0,2.0,2.0,2.0,2.0,2.0,3.0,3.0
14,Los Rios,14106,Mariquina,0.0,2.0,3.0,6.0,8.0,8.0,8.0,9.0,9.0,8.0,9.0,9.0,9.0,9.0,9.0,11.0,12.0,12.0,14.0,14.0
14,Los Rios,14107,Paillaco,0.0,1.0,1.0,1.0,1.0,1.0,1.0,1.0,1.0,1.0,2.0,2.0,2.0,1.0,1.0,1.0,1.0,1.0,4.0,21.0
14,Los Rios,14108,Panguipulli,0.0,0.0,0.0,0.0,0.0,0.0,2.0,0.0,0.0,1.0,0.0,0.0,0.0,0.0,0.0,0.0,0.0,1.0,3.0,6.0
14,Los Rios,14201,La Unión,1.0,9.0,10.0,17.0,18.0,18.0,18.0,23.0,23.0,21.0,27.0,29.0,32.0,39.0,40.0,40.0,40.0,41.0,42.0,42.0
14,Los Rios,14202,Futrono,0.0,2.0,2.0,5.0,5.0,5.0,5.0,5.0,5.0,5.0,5.0,5.0,5.0,5.0,5.0,5.0,5.0,7.0,15.0,24.0
14,Los Rios,14203,Lago Ranco,0.0,1.0,1.0,2.0,2.0,2.0,2.0,2.0,2.0,2.0,2.0,2.0,2.0,2.0,2.0,2.0,2.0,2.0,2.0,2.0
14,Los Rios,14204,Río Bueno,2.0,2.0,2.0,5.0,5.0,5.0,10.0,7.0,7.0,11.0,10.0,11.0,13.0,13.0,12.0,12.0,12.0,12.0,13.0,14.0
15,Arica y Parinacota,15101,Arica,6.0,6.0,12.0,41.0,63.0,87.0,115.0,124.0,134.0,166.0,224.0,270.0,297.0,310.0,328.0,353.0,371.0,405.0,477.0,525.0
15,Arica y Parinacota,15102,Camarones,0.0,0.0,0.0,0.0,0.0,0.0,0.0,0.0,0.0,0.0,0.0,0.0,0.0,0.0,0.0,0.0,0.0,0.0,0.0,0.0
15,Arica y Parinacota,15201,Putre,0.0,0.0,0.0,0.0,0.0,0.0,0.0,0.0,0.0,0.0,0.0,0.0,0.0,0.0,0.0,0.0,0.0,0.0,0.0,0.0
15,Arica y Parinacota,15202,General Lagos,0.0,0.0,0.0,0.0,0.0,0.0,0.0,0.0,0.0,0.0,0.0,0.0,0.0,0.0,0.0,0.0,0.0,0.0,0.0,0.0
16,Nuble,16101,Chillán,114.0,173.0,240.0,291.0,327.0,342.0,355.0,373.0,387.0,395.0,411.0,405.0,414.0,415.0,418.0,429.0,444.0,493.0,505.0,550.0
16,Nuble,16102,Bulnes,12.0,18.0,32.0,36.0,45.0,48.0,48.0,48.0,48.0,54.0,59.0,60.0,62.0,72.0,77.0,80.0,108.0,132.0,138.0,160.0
16,Nuble,16103,Chillán Viejo,13.0,22.0,26.0,30.0,34.0,40.0,44.0,45.0,45.0,49.0,52.0,55.0,55.0,55.0,55.0,57.0,61.0,67.0,72.0,91.0
16,Nuble,16104,El Carmen,1.0,2.0,2.0,2.0,3.0,3.0,3.0,3.0,3.0,3.0,3.0,3.0,3.0,3.0,3.0,4.0,4.0,5.0,6.0,7.0
16,Nuble,16105,Pemuco,0.0,0.0,0.0,2.0,3.0,3.0,4.0,4.0,4.0,5.0,5.0,6.0,6.0,6.0,6.0,7.0,9.0,10.0,10.0,10.0
16,Nuble,16106,Pinto,1.0,2.0,6.0,9.0,10.0,10.0,10.0,10.0,10.0,11.0,11.0,12.0,12.0,12.0,12.0,12.0,12.0,14.0,17.0,15.0
16,Nuble,16107,Quillón,4.0,7.0,15.0,17.0,22.0,22.0,23.0,23.0,24.0,26.0,26.0,28.0,30.0,32.0,32.0,33.0,33.0,39.0,39.0,44.0
16,Nuble,16108,San Ignacio,1.0,1.0,3.0,6.0,6.0,6.0,6.0,4.0,4.0,4.0,5.0,6.0,8.0,10.0,11.0,11.0,11.0,14.0,14.0,16.0
16,Nuble,16109,Yungay,1.0,7.0,10.0,26.0,37.0,38.0,42.0,42.0,45.0,46.0,46.0,48.0,52.0,55.0,55.0,55.0,57.0,58.0,59.0,59.0
16,Nuble,16201,Quirihue,0.0,0.0,0.0,1.0,4.0,4.0,4.0,2.0,3.0,3.0,4.0,4.0,4.0,4.0,4.0,8.0,12.0,16.0,16.0,16.0
16,Nuble,16202,Cobquecura,0.0,0.0,0.0,0.0,0.0,0.0,0.0,0.0,0.0,0.0,0.0,0.0,0.0,0.0,0.0,0.0,0.0,0.0,0.0,0.0
16,Nuble,16203,Coelemu,0.0,1.0,2.0,3.0,4.0,4.0,4.0,4.0,4.0,4.0,4.0,4.0,4.0,4.0,4.0,4.0,4.0,5.0,6.0,8.0
16,Nuble,16204,Ninhue,0.0,0.0,0.0,0.0,1.0,1.0,2.0,3.0,3.0,4.0,4.0,4.0,4.0,4.0,4.0,4.0,4.0,5.0,5.0,6.0
16,Nuble,16205,Portezuelo,0.0,0.0,0.0,0.0,0.0,0.0,1.0,0.0,0.0,0.0,0.0,0.0,0.0,0.0,0.0,0.0,2.0,4.0,7.0,7.0
16,Nuble,16206,Ránquil,0.0,1.0,5.0,7.0,9.0,9.0,10.0,9.0,9.0,9.0,9.0,10.0,10.0,10.0,10.0,10.0,10.0,10.0,10.0,10.0
16,Nuble,16207,Treguaco,0.0,0.0,0.0,0.0,0.0,0.0,0.0,0.0,0.0,0.0,0.0,0.0,0.0,0.0,0.0,0.0,0.0,0.0,0.0,0.0
16,Nuble,16301,San Carlos,8.0,13.0,13.0,19.0,28.0,29.0,31.0,31.0,31.0,32.0,34.0,34.0,35.0,36.0,37.0,42.0,46.0,48.0,52.0,55.0
16,Nuble,16302,Coihueco,3.0,3.0,3.0,6.0,7.0,8.0,11.0,11.0,14.0,21.0,24.0,25.0,40.0,42.0,42.0,42.0,45.0,50.0,50.0,52.0
16,Nuble,16303,Ñiquén,0.0,0.0,0.0,0.0,2.0,2.0,2.0,2.0,2.0,3.0,3.0,3.0,3.0,3.0,3.0,3.0,3.0,3.0,4.0,9.0
16,Nuble,16304,San Fabián,3.0,5.0,6.0,6.0,6.0,6.0,6.0,6.0,6.0,6.0,7.0,8.0,8.0,8.0,8.0,8.0,8.0,8.0,8.0,8.0
16,Nuble,16305,San Nicolás,1.0,2.0,4.0,10.0,11.0,12.0,12.0,14.0,14.0,14.0,14.0,16.0,16.0,14.0,15.0,15.0,17.0,17.0,19.0,25.0
